ppg,art
31.629608,69.19943
31.629608,70.18686
32.024582,71.17435
31.23462,73.14926
31.23462,75.124176
30.444656,77.09909
30.049667,79.074005
29.259705,81.04892
28.864716,82.03635
28.074753,84.01126
28.074753,84.99875
27.28479,85.986176
26.889801,87.96109
26.494827,88.94858
26.099838,90.92349
25.704865,90.92349
25.704865,91.91092
24.914886,92.89841
24.914886,92.89841
24.914886,92.89841
24.519913,92.89841
24.914886,92.89841
24.914886,92.89841
24.914886,92.89841
24.914886,92.89841
24.914886,92.89841
24.914886,92.89841
24.914886,91.91092
24.914886,91.91092
25.309875,91.91092
24.914886,90.92349
24.914886,90.92349
25.309875,90.92349
25.309875,89.936005
25.309875,90.92349
25.309875,89.936005
25.309875,89.936005
25.309875,88.94858
25.704865,87.96109
25.704865,88.94858
25.704865,87.96109
26.099838,87.96109
26.494827,86.97366
27.28479,86.97366
28.469742,85.986176
29.654694,85.986176
31.629608,85.986176
33.604523,85.986176
35.97441,84.99875
39.134277,84.01126
43.47908,84.01126
47.033936,84.01126
50.588776,83.023834
53.353653,83.023834
56.51352,82.03635
59.27841,82.03635
60.46335,81.04892
61.253326,81.04892
61.648285,80.06143
61.253326,79.074005
60.06836,79.074005
58.883423,78.08652
57.303482,77.09909
56.11853,77.09909
54.143616,76.1116
52.1687,75.124176
51.37874,76.1116
49.798813,76.1116
49.00885,75.124176
47.42891,75.124176
46.638947,75.124176
45.848984,74.13669
44.664032,74.13669
43.47908,74.13669
41.899155,74.13669
40.714203,74.13669
39.52925,73.14926
37.949326,72.16177
35.97441,72.16177
34.78946,71.17435
33.604523,70.18686
32.41957,69.19943
31.629608,68.211945
31.629608,68.211945
31.23462,67.22452
31.23462,66.23703
31.23462,67.22452
31.23462,68.211945
31.629608,70.18686
31.629608,72.16177
31.629608,74.13669
31.629608,75.124176
31.629608,76.1116
31.23462,76.1116
30.83963,77.09909
30.444656,78.08652
30.049667,80.06143
29.654694,81.04892
28.864716,83.023834
28.469742,84.01126
28.074753,84.99875
27.67978,86.97366
26.889801,86.97366
26.494827,87.96109
26.494827,87.96109
26.099838,88.94858
25.704865,89.936005
25.704865,89.936005
25.704865,90.92349
25.704865,89.936005
25.309875,91.91092
25.309875,90.92349
25.309875,90.92349
24.914886,90.92349
25.309875,89.936005
24.914886,89.936005
24.914886,89.936005
24.914886,88.94858
24.914886,88.94858
24.914886,87.96109
24.914886,88.94858
24.914886,87.96109
25.309875,86.97366
25.309875,86.97366
25.309875,85.986176
24.914886,86.97366
25.704865,86.97366
25.309875,86.97366
25.704865,86.97366
25.704865,87.96109
26.099838,86.97366
26.494827,85.986176
26.889801,85.986176
28.469742,84.01126
29.654694,83.023834
31.23462,82.03635
33.604523,81.04892
36.764374,80.06143
39.134277,80.06143
42.689117,80.06143
46.638947,80.06143
49.798813,80.06143
53.353653,80.06143
55.723557,80.06143
58.093445,80.06143
60.06836,79.074005
60.06836,80.06143
60.46335,79.074005
60.06836,78.08652
59.27841,78.08652
57.69847,77.09909
56.11853,78.08652
54.538605,76.1116
53.353653,76.1116
51.37874,75.124176
49.798813,74.13669
48.218872,75.124176
47.033936,73.14926
45.453995,73.14926
44.26906,73.14926
43.084106,73.14926
41.899155,73.14926
40.31923,73.14926
38.73929,72.16177
37.159363,71.17435
35.579437,72.16177
34.78946,71.17435
33.604523,71.17435
32.41957,70.18686
32.024582,69.19943
31.629608,69.19943
31.23462,68.211945
30.444656,68.211945
30.83963,68.211945
31.23462,67.22452
31.23462,67.22452
31.629608,68.211945
31.629608,68.211945
31.629608,68.211945
32.024582,69.19943
31.629608,70.18686
31.629608,72.16177
31.23462,73.14926
30.83963,75.124176
30.049667,77.09909
29.654694,78.08652
29.259705,80.06143
28.469742,81.04892
28.074753,83.023834
27.67978,84.99875
27.67978,84.99875
27.28479,86.97366
26.889801,86.97366
26.099838,87.96109
26.099838,87.96109
25.704865,87.96109
25.309875,88.94858
25.309875,88.94858
24.914886,89.936005
24.914886,89.936005
24.519913,90.92349
24.519913,90.92349
24.519913,89.936005
24.519913,89.936005
24.914886,88.94858
24.914886,88.94858
24.914886,87.96109
25.309875,87.96109
24.914886,87.96109
25.309875,87.96109
25.704865,87.96109
25.704865,87.96109
26.099838,86.97366
26.099838,86.97366
26.099838,85.986176
25.704865,85.986176
26.099838,84.99875
26.099838,85.986176
25.704865,84.99875
26.494827,84.99875
26.889801,84.99875
27.28479,84.99875
28.469742,84.01126
29.654694,84.01126
31.629608,83.023834
33.209534,82.03635
36.3694,82.03635
39.52925,82.03635
42.689117,81.04892
45.848984,81.04892
49.798813,81.04892
52.95868,80.06143
55.723557,80.06143
57.69847,80.06143
60.06836,80.06143
61.648285,79.074005
61.253326,78.08652
61.253326,78.08652
60.858337,78.08652
59.67337,76.1116
57.69847,76.1116
56.11853,76.1116
54.538605,76.1116
52.95868,76.1116
50.983765,75.124176
49.403824,74.13669
48.218872,74.13669
47.033936,74.13669
45.848984,73.14926
44.26906,73.14926
43.084106,72.16177
41.899155,73.14926
40.714203,72.16177
39.134277,72.16177
37.949326,72.16177
36.3694,71.17435
35.18445,70.18686
33.999496,70.18686
33.209534,69.19943
32.41957,69.19943
32.024582,67.22452
31.629608,67.22452
31.23462,68.211945
31.23462,67.22452
31.23462,67.22452
31.629608,67.22452
32.024582,67.22452
31.629608,68.211945
32.024582,68.211945
32.024582,70.18686
32.024582,72.16177
31.23462,73.14926
31.23462,74.13669
30.83963,77.09909
30.444656,79.074005
29.654694,80.06143
29.259705,81.04892
28.469742,82.03635
28.074753,84.01126
27.67978,84.99875
27.28479,85.986176
26.889801,86.97366
26.889801,87.96109
26.494827,87.96109
26.099838,88.94858
26.099838,88.94858
25.704865,89.936005
25.704865,90.92349
25.309875,89.936005
25.309875,90.92349
25.704865,90.92349
25.704865,90.92349
25.704865,90.92349
25.704865,89.936005
25.704865,89.936005
25.704865,88.94858
25.704865,88.94858
25.704865,88.94858
25.704865,88.94858
25.704865,88.94858
25.704865,87.96109
26.099838,87.96109
26.099838,87.96109
26.099838,87.96109
26.099838,86.97366
26.099838,86.97366
26.099838,86.97366
26.099838,85.986176
26.494827,85.986176
26.494827,85.986176
27.28479,85.986176
28.074753,85.986176
28.864716,84.99875
30.83963,84.99875
32.814545,84.99875
34.78946,84.01126
37.949326,84.01126
41.10919,83.023834
44.26906,83.023834
47.8239,82.03635
51.37874,82.03635
54.538605,81.04892
57.303482,81.04892
59.27841,81.04892
60.858337,80.06143
62.043274,79.074005
62.043274,80.06143
61.648285,79.074005
61.253326,78.08652
60.06836,78.08652
58.093445,77.09909
56.51352,77.09909
54.933594,77.09909
53.748642,77.09909
52.1687,76.1116
50.588776,75.124176
49.403824,76.1116
47.8239,75.124176
46.638947,74.13669
45.453995,74.13669
43.87407,74.13669
42.689117,73.14926
40.714203,73.14926
39.52925,73.14926
37.949326,72.16177
36.3694,71.17435
35.18445,72.16177
33.999496,71.17435
32.814545,70.18686
32.41957,70.18686
31.629608,69.19943
31.629608,70.18686
31.629608,69.19943
31.629608,69.19943
31.629608,69.19943
31.629608,68.211945
32.41957,69.19943
32.41957,70.18686
32.41957,71.17435
32.41957,71.17435
32.024582,73.14926
32.024582,75.124176
31.629608,76.1116
30.83963,78.08652
30.444656,79.074005
30.049667,81.04892
29.654694,83.023834
28.864716,84.99875
28.469742,84.99875
28.074753,86.97366
27.67978,87.96109
26.889801,87.96109
26.889801,89.936005
26.494827,89.936005
26.099838,90.92349
26.099838,90.92349
25.704865,91.91092
25.704865,91.91092
25.704865,93.88583
25.704865,92.89841
25.704865,93.88583
25.309875,93.88583
25.309875,92.89841
25.309875,91.91092
25.309875,92.89841
25.309875,91.91092
24.914886,92.89841
25.309875,91.91092
25.704865,91.91092
25.704865,90.92349
25.704865,90.92349
25.704865,90.92349
26.099838,89.936005
26.099838,89.936005
26.099838,88.94858
26.099838,88.94858
26.494827,88.94858
26.494827,87.96109
26.889801,87.96109
27.28479,87.96109
28.074753,87.96109
28.864716,87.96109
29.654694,86.97366
31.629608,86.97366
33.999496,85.986176
35.97441,85.986176
39.52925,85.986176
43.084106,84.99875
46.638947,84.99875
50.193787,84.01126
53.748642,84.01126
57.303482,84.01126
59.67337,83.023834
61.253326,83.023834
62.833252,82.03635
64.01819,82.03635
63.6232,82.03635
62.833252,82.03635
62.043274,81.04892
60.46335,80.06143
58.883423,79.074005
57.303482,79.074005
55.723557,79.074005
54.143616,78.08652
52.95868,78.08652
51.37874,78.08652
50.193787,77.09909
49.00885,77.09909
47.8239,77.09909
46.638947,76.1116
45.05902,76.1116
43.87407,75.124176
41.899155,74.13669
40.31923,74.13669
38.73929,73.14926
36.764374,73.14926
35.579437,72.16177
34.394485,72.16177
33.209534,73.14926
32.41957,73.14926
31.629608,72.16177
31.23462,71.17435
31.23462,70.18686
31.23462,70.18686
31.629608,69.19943
31.629608,69.19943
32.024582,69.19943
32.024582,69.19943
32.41957,68.211945
32.41957,69.19943
31.629608,70.18686
31.23462,71.17435
30.83963,72.16177
30.049667,74.13669
29.654694,75.124176
28.864716,77.09909
28.469742,78.08652
28.469742,80.06143
27.67978,81.04892
27.28479,82.03635
26.889801,83.023834
26.494827,84.99875
26.494827,85.986176
26.099838,86.97366
25.704865,87.96109
25.309875,88.94858
24.914886,89.936005
24.914886,89.936005
24.914886,90.92349
24.914886,91.91092
24.519913,91.91092
24.519913,91.91092
24.519913,92.89841
24.519913,92.89841
24.519913,92.89841
24.519913,91.91092
24.124924,91.91092
24.519913,91.91092
24.124924,91.91092
24.519913,91.91092
24.914886,90.92349
24.914886,90.92349
24.914886,90.92349
25.309875,90.92349
25.309875,90.92349
25.309875,89.936005
25.309875,89.936005
25.309875,88.94858
25.704865,88.94858
25.704865,88.94858
25.704865,87.96109
26.099838,86.97366
26.494827,86.97366
26.889801,86.97366
27.67978,86.97366
28.469742,86.97366
30.83963,85.986176
32.814545,85.986176
35.18445,84.99875
38.344315,84.99875
42.294144,84.01126
45.848984,84.01126
49.798813,84.01126
52.95868,84.01126
56.51352,83.023834
60.06836,83.023834
61.648285,82.03635
62.833252,82.03635
64.01819,81.04892
64.01819,81.04892
63.22824,81.04892
62.438263,80.06143
60.858337,80.06143
59.67337,80.06143
57.69847,79.074005
56.11853,80.06143
54.933594,78.08652
53.353653,77.09909
51.773727,77.09909
50.193787,76.1116
49.00885,75.124176
47.8239,75.124176
46.243973,75.124176
45.05902,74.13669
43.47908,75.124176
41.899155,74.13669
40.31923,74.13669
38.344315,74.13669
36.764374,73.14926
35.18445,72.16177
34.394485,72.16177
33.209534,72.16177
32.024582,72.16177
31.629608,72.16177
31.23462,71.17435
30.83963,70.18686
30.83963,69.19943
31.23462,68.211945
31.629608,68.211945
31.629608,67.22452
31.629608,68.211945
31.23462,68.211945
31.23462,68.211945
30.83963,67.22452
30.444656,67.22452
30.444656,66.23703
30.049667,66.23703
28.864716,65.2496
28.469742,65.2496
28.074753,65.2496
27.67978,65.2496
27.28479,64.262115
26.494827,63.27469
26.099838,62.2872
26.099838,62.2872
25.704865,62.2872
25.309875,62.2872
24.914886,62.2872
24.914886,61.299774
24.914886,61.299774
24.519913,61.299774
24.124924,60.312286
24.124924,60.312286
24.124924,60.312286
23.72995,60.312286
23.72995,59.32486
23.72995,58.33737
23.72995,58.33737
23.72995,57.349945
23.72995,57.349945
24.124924,56.362457
23.72995,57.349945
24.124924,57.349945
24.124924,57.349945
24.519913,56.362457
24.519913,56.362457
24.519913,56.362457
24.519913,56.362457
24.914886,55.37503
24.914886,55.37503
24.914886,55.37503
25.309875,55.37503
25.309875,55.37503
25.309875,54.387543
25.309875,54.387543
25.309875,54.387543
24.914886,54.387543
25.309875,53.400116
25.309875,53.400116
25.704865,53.400116
25.309875,52.41263
25.704865,52.41263
25.704865,53.400116
25.704865,51.4252
25.704865,52.41263
25.704865,52.41263
25.704865,51.4252
25.704865,52.41263
25.704865,51.4252
25.704865,51.4252
25.704865,51.4252
26.099838,51.4252
26.099838,51.4252
25.704865,50.437714
26.099838,50.437714
26.099838,50.437714
25.704865,50.437714
26.099838,50.437714
26.099838,50.437714
26.099838,49.450287
26.099838,49.450287
26.099838,49.450287
26.099838,49.450287
26.494827,49.450287
26.099838,49.450287
26.494827,49.450287
26.494827,49.450287
26.889801,49.450287
26.889801,48.4628
26.889801,48.4628
26.889801,48.4628
26.494827,48.4628
26.889801,48.4628
26.889801,47.475372
26.889801,48.4628
26.889801,47.475372
26.889801,47.475372
26.889801,47.475372
27.28479,47.475372
27.28479,48.4628
27.28479,49.450287
27.28479,49.450287
27.28479,51.4252
27.28479,53.400116
27.28479,54.387543
27.67978,56.362457
27.28479,59.32486
27.67978,61.299774
27.28479,62.2872
27.67978,64.262115
27.67978,66.23703
27.67978,67.22452
28.074753,69.19943
28.074753,70.18686
28.074753,71.17435
28.074753,72.16177
28.074753,74.13669
28.074753,75.124176
28.469742,75.124176
28.469742,76.1116
28.469742,77.09909
28.074753,76.1116
28.469742,77.09909
28.469742,78.08652
28.469742,78.08652
28.864716,78.08652
28.864716,77.09909
28.864716,77.09909
28.864716,77.09909
28.469742,77.09909
28.469742,77.09909
28.864716,77.09909
28.864716,76.1116
28.864716,77.09909
28.864716,76.1116
28.864716,76.1116
29.259705,75.124176
29.259705,76.1116
29.259705,76.1116
29.654694,76.1116
29.654694,76.1116
29.654694,76.1116
30.049667,75.124176
30.83963,76.1116
31.629608,75.124176
32.41957,75.124176
33.999496,74.13669
35.97441,74.13669
38.344315,74.13669
41.899155,73.14926
45.848984,74.13669
50.193787,73.14926
54.933594,73.14926
59.67337,73.14926
64.01819,73.14926
69.152954,72.16177
71.52286,72.16177
74.68274,72.16177
77.05261,72.16177
77.84259,71.17435
77.05261,70.18686
76.262665,70.18686
75.47269,70.18686
73.10278,70.18686
70.33792,70.18686
68.36301,70.18686
65.9931,69.19943
63.22824,69.19943
61.253326,68.211945
58.883423,68.211945
57.303482,68.211945
55.328568,68.211945
53.353653,67.22452
51.773727,67.22452
49.798813,66.23703
47.8239,66.23703
46.638947,65.2496
44.664032,65.2496
43.084106,65.2496
41.504166,65.2496
40.31923,64.262115
39.134277,65.2496
37.949326,64.262115
37.554337,63.27469
36.764374,64.262115
36.764374,63.27469
36.3694,63.27469
36.3694,62.2872
36.3694,62.2872
36.3694,62.2872
36.3694,61.299774
36.764374,61.299774
36.764374,62.2872
36.3694,62.2872
35.97441,63.27469
35.97441,64.262115
35.579437,66.23703
34.78946,67.22452
34.394485,68.211945
33.999496,70.18686
33.209534,71.17435
32.024582,73.14926
31.629608,74.13669
31.23462,76.1116
30.83963,77.09909
30.049667,78.08652
29.654694,79.074005
29.259705,79.074005
29.259705,80.06143
28.469742,82.03635
28.074753,82.03635
27.67978,82.03635
27.67978,82.03635
27.28479,83.023834
27.28479,83.023834
26.889801,84.01126
26.889801,84.01126
26.889801,83.023834
26.889801,84.01126
26.889801,83.023834
26.889801,84.01126
26.889801,83.023834
26.889801,83.023834
26.494827,82.03635
26.889801,82.03635
26.889801,81.04892
26.494827,82.03635
26.889801,81.04892
26.889801,81.04892
26.889801,81.04892
26.889801,80.06143
26.889801,80.06143
26.494827,80.06143
26.889801,79.074005
26.889801,79.074005
27.28479,79.074005
28.074753,79.074005
28.864716,78.08652
29.654694,78.08652
31.629608,78.08652
33.209534,77.09909
35.579437,77.09909
38.344315,77.09909
41.899155,77.09909
45.453995,76.1116
48.61386,76.1116
52.1687,75.124176
55.723557,75.124176
58.883423,74.13669
60.858337,74.13669
62.043274,74.13669
63.6232,73.14926
64.01819,74.13669
63.6232,73.14926
62.438263,73.14926
61.648285,72.16177
60.06836,71.17435
58.093445,71.17435
56.51352,70.18686
54.933594,70.18686
52.95868,70.18686
51.37874,70.18686
49.798813,69.19943
48.61386,68.211945
47.42891,68.211945
46.243973,68.211945
44.664032,67.22452
43.47908,67.22452
41.899155,67.22452
40.31923,66.23703
38.73929,66.23703
37.554337,66.23703
35.97441,66.23703
35.18445,65.2496
33.999496,65.2496
33.209534,65.2496
32.814545,65.2496
32.024582,64.262115
31.629608,63.27469
31.629608,64.262115
32.024582,63.27469
32.024582,63.27469
32.024582,63.27469
32.024582,63.27469
32.41957,62.2872
32.41957,62.2872
32.024582,61.299774
32.024582,61.299774
31.629608,61.299774
31.23462,60.312286
30.83963,60.312286
30.444656,60.312286
30.049667,59.32486
29.259705,59.32486
28.864716,59.32486
28.469742,59.32486
28.074753,58.33737
27.67978,58.33737
27.28479,58.33737
26.889801,57.349945
26.889801,57.349945
26.889801,57.349945
26.099838,57.349945
26.099838,56.362457
26.099838,56.362457
26.099838,56.362457
25.704865,56.362457
25.704865,56.362457
25.704865,56.362457
25.704865,55.37503
25.704865,55.37503
25.309875,54.387543
25.704865,54.387543
25.309875,54.387543
25.704865,53.400116
26.099838,53.400116
26.099838,54.387543
26.099838,53.400116
26.099838,53.400116
26.099838,52.41263
26.494827,52.41263
26.099838,52.41263
26.494827,52.41263
26.494827,51.4252
26.494827,51.4252
26.494827,51.4252
26.889801,51.4252
26.889801,50.437714
26.889801,50.437714
26.889801,50.437714
26.889801,50.437714
26.494827,50.437714
26.494827,50.437714
26.494827,49.450287
26.889801,50.437714
26.889801,49.450287
26.889801,49.450287
26.889801,49.450287
26.889801,48.4628
26.889801,49.450287
26.494827,48.4628
26.494827,48.4628
26.889801,48.4628
26.889801,48.4628
26.889801,47.475372
26.494827,47.475372
26.889801,47.475372
27.28479,47.475372
26.889801,47.475372
27.28479,46.487885
27.28479,47.475372
27.28479,46.487885
27.28479,46.487885
27.28479,47.475372
26.889801,46.487885
26.889801,47.475372
26.889801,46.487885
27.28479,45.500458
27.28479,45.500458
27.28479,45.500458
27.28479,45.500458
27.28479,45.500458
27.67978,45.500458
27.67978,45.500458
27.67978,45.500458
27.67978,44.51297
28.074753,44.51297
28.074753,44.51297
28.469742,44.51297
28.074753,44.51297
28.469742,44.51297
28.864716,45.500458
28.864716,45.500458
28.864716,47.475372
28.864716,48.4628
28.864716,51.4252
28.469742,53.400116
28.864716,55.37503
28.864716,57.349945
28.864716,59.32486
28.864716,61.299774
28.864716,63.27469
28.864716,65.2496
28.864716,66.23703
28.864716,67.22452
29.259705,69.19943
29.259705,70.18686
29.259705,72.16177
29.259705,73.14926
29.259705,74.13669
29.259705,75.124176
29.654694,75.124176
29.259705,77.09909
29.654694,77.09909
29.654694,77.09909
29.654694,78.08652
29.654694,78.08652
29.654694,79.074005
29.654694,78.08652
29.654694,78.08652
30.049667,78.08652
29.654694,78.08652
29.654694,77.09909
29.654694,77.09909
30.049667,77.09909
29.654694,77.09909
29.654694,77.09909
30.049667,77.09909
30.049667,76.1116
29.654694,76.1116
30.049667,76.1116
30.049667,76.1116
30.444656,76.1116
30.444656,76.1116
30.83963,75.124176
31.23462,75.124176
32.41957,76.1116
33.604523,75.124176
34.78946,75.124176
37.554337,75.124176
41.10919,74.13669
44.26906,74.13669
47.8239,74.13669
52.95868,74.13669
57.69847,73.14926
62.438263,73.14926
66.38809,73.14926
70.73291,73.14926
74.68274,72.16177
76.65765,72.16177
77.84259,71.17435
79.02753,71.17435
79.02753,71.17435
77.05261,70.18686
75.47269,70.18686
73.89276,70.18686
71.52286,69.19943
69.152954,69.19943
66.78308,69.19943
65.203156,68.211945
62.833252,68.211945
60.858337,68.211945
59.27841,67.22452
58.093445,68.211945
56.51352,67.22452
54.933594,66.23703
53.353653,66.23703
51.773727,65.2496
50.193787,65.2496
48.218872,65.2496
46.243973,65.2496
44.664032,65.2496
43.084106,64.262115
41.10919,64.262115
39.92424,64.262115
38.73929,64.262115
37.949326,64.262115
37.159363,63.27469
36.3694,62.2872
36.3694,62.2872
35.97441,61.299774
35.579437,61.299774
35.579437,61.299774
35.97441,61.299774
35.97441,61.299774
35.97441,62.2872
35.579437,62.2872
35.579437,63.27469
35.18445,64.262115
35.18445,65.2496
34.78946,67.22452
33.999496,69.19943
33.604523,70.18686
33.209534,72.16177
32.41957,73.14926
31.629608,75.124176
31.629608,76.1116
30.83963,76.1116
30.444656,78.08652
30.049667,78.08652
29.654694,79.074005
29.259705,79.074005
29.259705,80.06143
28.864716,81.04892
28.469742,81.04892
28.469742,82.03635
28.074753,82.03635
27.67978,82.03635
27.67978,82.03635
27.28479,81.04892
27.28479,81.04892
26.889801,81.04892
27.28479,81.04892
27.28479,81.04892
26.889801,82.03635
27.28479,81.04892
27.28479,81.04892
26.889801,80.06143
26.889801,80.06143
27.28479,80.06143
27.28479,80.06143
27.67978,80.06143
27.28479,79.074005
27.67978,79.074005
27.28479,79.074005
27.67978,79.074005
27.28479,77.09909
27.67978,77.09909
27.67978,77.09909
28.469742,77.09909
29.259705,77.09909
30.444656,76.1116
32.024582,77.09909
34.394485,76.1116
36.764374,76.1116
39.134277,75.124176
42.294144,74.13669
45.05902,74.13669
47.8239,74.13669
52.1687,73.14926
54.933594,73.14926
57.69847,73.14926
60.06836,73.14926
60.858337,72.16177
61.648285,72.16177
62.438263,71.17435
61.253326,71.17435
60.46335,71.17435
59.27841,71.17435
57.69847,70.18686
55.723557,70.18686
54.143616,69.19943
52.56369,68.211945
50.983765,69.19943
49.798813,68.211945
48.61386,68.211945
47.8239,67.22452
46.638947,67.22452
45.05902,66.23703
43.87407,66.23703
42.294144,66.23703
41.10919,66.23703
39.52925,65.2496
38.344315,64.262115
37.159363,64.262115
35.97441,64.262115
34.78946,64.262115
33.604523,64.262115
32.41957,63.27469
32.024582,63.27469
32.024582,63.27469
31.629608,63.27469
31.23462,63.27469
32.024582,62.2872
31.629608,62.2872
31.629608,61.299774
32.024582,62.2872
32.024582,61.299774
31.629608,60.312286
31.629608,59.32486
31.629608,59.32486
31.23462,59.32486
31.629608,59.32486
30.83963,59.32486
30.049667,59.32486
29.654694,59.32486
29.654694,58.33737
29.259705,57.349945
28.864716,57.349945
28.469742,57.349945
28.469742,56.362457
28.469742,56.362457
28.074753,56.362457
27.67978,56.362457
27.28479,56.362457
26.889801,55.37503
26.889801,56.362457
26.494827,55.37503
26.494827,55.37503
26.494827,54.387543
26.099838,54.387543
26.099838,55.37503
26.099838,54.387543
26.099838,54.387543
25.704865,53.400116
26.099838,53.400116
26.099838,53.400116
26.494827,53.400116
26.494827,53.400116
26.494827,52.41263
26.494827,51.4252
26.494827,52.41263
26.494827,51.4252
26.889801,52.41263
26.889801,51.4252
26.889801,52.41263
26.889801,50.437714
26.889801,51.4252
27.28479,50.437714
27.28479,50.437714
27.28479,49.450287
27.28479,49.450287
27.28479,49.450287
27.28479,49.450287
26.889801,49.450287
26.889801,49.450287
27.28479,48.4628
27.67978,48.4628
27.28479,48.4628
27.67978,47.475372
27.67978,48.4628
27.67978,48.4628
27.28479,47.475372
27.67978,47.475372
27.28479,46.487885
27.67978,47.475372
27.67978,47.475372
27.67978,46.487885
27.67978,46.487885
27.67978,46.487885
27.28479,46.487885
27.67978,46.487885
27.28479,45.500458
27.28479,45.500458
27.67978,45.500458
27.67978,45.500458
27.28479,45.500458
27.67978,44.51297
27.67978,45.500458
27.67978,44.51297
27.67978,44.51297
28.074753,44.51297
27.67978,44.51297
28.074753,43.525543
28.074753,43.525543
28.469742,43.525543
28.074753,43.525543
28.469742,43.525543
28.469742,43.525543
28.074753,43.525543
28.469742,43.525543
28.469742,43.525543
28.074753,44.51297
28.469742,45.500458
28.469742,46.487885
28.074753,48.4628
28.469742,49.450287
28.864716,52.41263
28.864716,54.387543
28.864716,56.362457
28.469742,57.349945
28.469742,59.32486
28.469742,60.312286
28.469742,62.2872
28.864716,63.27469
28.864716,64.262115
28.469742,66.23703
28.864716,67.22452
28.864716,68.211945
28.864716,69.19943
29.259705,69.19943
29.259705,70.18686
29.259705,71.17435
29.259705,71.17435
29.259705,71.17435
29.259705,72.16177
29.259705,72.16177
29.259705,72.16177
29.259705,72.16177
29.654694,71.17435
29.654694,72.16177
29.654694,71.17435
29.259705,72.16177
29.654694,71.17435
29.654694,71.17435
30.049667,71.17435
29.654694,71.17435
30.049667,71.17435
30.049667,71.17435
29.654694,71.17435
30.049667,71.17435
30.049667,70.18686
30.444656,71.17435
30.444656,70.18686
30.83963,70.18686
31.23462,70.18686
32.024582,70.18686
32.41957,70.18686
33.604523,70.18686
35.18445,70.18686
37.554337,70.18686
39.92424,69.19943
43.084106,69.19943
47.42891,69.19943
51.37874,69.19943
55.723557,69.19943
59.67337,68.211945
64.01819,69.19943
68.36301,68.211945
70.73291,68.211945
72.707825,68.211945
74.28775,68.211945
75.47269,68.211945
74.28775,67.22452
73.10278,67.22452
71.91785,67.22452
69.54794,67.22452
67.17807,66.23703
64.80817,66.23703
62.438263,66.23703
60.46335,65.2496
58.488434,65.2496
56.11853,65.2496
54.933594,65.2496
53.353653,65.2496
51.773727,64.262115
50.193787,64.262115
49.00885,64.262115
47.8239,63.27469
46.243973,63.27469
44.664032,63.27469
42.689117,63.27469
41.504166,62.2872
40.31923,62.2872
39.134277,62.2872
37.949326,62.2872
37.554337,61.299774
37.159363,61.299774
36.764374,60.312286
36.3694,61.299774
36.764374,61.299774
37.159363,60.312286
36.764374,61.299774
36.764374,61.299774
36.764374,62.2872
36.764374,63.27469
36.764374,65.2496
36.764374,66.23703
36.3694,68.211945
36.3694,69.19943
35.97441,71.17435
35.579437,72.16177
35.18445,73.14926
34.394485,75.124176
34.394485,76.1116
33.604523,76.1116
33.209534,78.08652
32.814545,78.08652
32.41957,80.06143
31.629608,80.06143
31.629608,80.06143
31.23462,81.04892
30.83963,81.04892
30.444656,81.04892
30.444656,82.03635
30.444656,82.03635
30.049667,83.023834
30.049667,82.03635
29.259705,82.03635
29.259705,82.03635
29.259705,81.04892
29.259705,82.03635
29.259705,82.03635
29.259705,81.04892
28.864716,81.04892
29.259705,81.04892
29.259705,80.06143
29.259705,80.06143
28.864716,80.06143
29.259705,80.06143
29.259705,79.074005
28.864716,80.06143
29.259705,79.074005
29.259705,79.074005
29.654694,78.08652
30.049667,78.08652
30.444656,78.08652
31.23462,78.08652
32.024582,77.09909
33.604523,77.09909
35.97441,77.09909
37.554337,76.1116
39.92424,76.1116
43.084106,76.1116
46.638947,76.1116
49.798813,76.1116
52.56369,75.124176
55.328568,75.124176
58.488434,74.13669
60.06836,74.13669
61.253326,74.13669
62.043274,73.14926
62.833252,73.14926
61.648285,72.16177
61.253326,73.14926
60.06836,72.16177
58.883423,71.17435
57.303482,72.16177
55.328568,71.17435
53.748642,71.17435
52.56369,70.18686
51.37874,70.18686
49.798813,70.18686
48.61386,69.19943
47.42891,69.19943
47.033936,68.211945
45.453995,68.211945
44.26906,68.211945
43.084106,67.22452
41.899155,67.22452
40.31923,67.22452
39.134277,67.22452
37.949326,67.22452
36.764374,66.23703
35.579437,66.23703
34.78946,66.23703
33.999496,65.2496
33.999496,65.2496
33.209534,65.2496
32.814545,65.2496
33.209534,64.262115
33.209534,63.27469
32.814545,63.27469
33.209534,63.27469
33.209534,63.27469
33.209534,62.2872
33.209534,62.2872
32.814545,62.2872
32.814545,61.299774
32.41957,62.2872
32.024582,61.299774
31.629608,61.299774
31.23462,61.299774
30.83963,61.299774
30.444656,60.312286
30.444656,60.312286
29.654694,60.312286
29.259705,59.32486
29.259705,59.32486
28.864716,59.32486
28.864716,59.32486
28.469742,58.33737
28.074753,58.33737
28.074753,57.349945
28.074753,57.349945
28.074753,57.349945
27.67978,57.349945
27.67978,57.349945
27.67978,56.362457
27.28479,56.362457
27.67978,55.37503
27.28479,56.362457
27.67978,55.37503
27.28479,55.37503
27.67978,55.37503
27.67978,55.37503
27.67978,55.37503
27.67978,54.387543
28.074753,54.387543
28.074753,54.387543
28.074753,53.400116
27.67978,53.400116
27.67978,53.400116
28.074753,53.400116
28.074753,52.41263
27.67978,53.400116
28.074753,52.41263
27.67978,52.41263
28.074753,51.4252
28.074753,51.4252
28.074753,51.4252
28.074753,51.4252
27.67978,50.437714
28.074753,50.437714
27.67978,50.437714
28.074753,50.437714
27.67978,49.450287
28.074753,49.450287
28.074753,49.450287
27.67978,49.450287
28.074753,48.4628
27.67978,48.4628
28.074753,49.450287
28.074753,48.4628
28.074753,48.4628
28.074753,48.4628
28.074753,47.475372
27.67978,47.475372
28.074753,47.475372
27.67978,47.475372
27.67978,47.475372
28.074753,46.487885
27.67978,47.475372
28.074753,45.500458
28.074753,46.487885
28.074753,46.487885
28.074753,46.487885
27.67978,46.487885
28.074753,46.487885
28.074753,45.500458
28.074753,45.500458
28.074753,45.500458
28.074753,45.500458
28.469742,45.500458
28.469742,44.51297
28.469742,44.51297
28.469742,45.500458
28.469742,45.500458
28.469742,45.500458
28.864716,47.475372
28.469742,48.4628
28.864716,49.450287
28.864716,52.41263
28.469742,54.387543
28.864716,55.37503
28.864716,57.349945
28.864716,59.32486
28.864716,61.299774
29.259705,63.27469
29.259705,64.262115
28.864716,66.23703
29.259705,67.22452
28.864716,68.211945
28.864716,69.19943
28.864716,70.18686
29.259705,71.17435
29.259705,72.16177
29.259705,73.14926
29.259705,74.13669
29.654694,74.13669
29.259705,75.124176
29.654694,74.13669
29.259705,75.124176
29.259705,75.124176
29.654694,76.1116
29.654694,76.1116
29.654694,75.124176
29.654694,75.124176
30.049667,75.124176
30.049667,75.124176
30.049667,74.13669
29.654694,75.124176
30.049667,74.13669
30.049667,75.124176
30.049667,74.13669
30.444656,74.13669
30.444656,74.13669
30.444656,74.13669
30.444656,74.13669
30.83963,73.14926
31.23462,74.13669
31.629608,73.14926
32.41957,73.14926
33.604523,73.14926
34.394485,73.14926
35.97441,73.14926
38.344315,73.14926
41.899155,72.16177
45.05902,72.16177
49.00885,73.14926
53.748642,72.16177
58.093445,72.16177
62.438263,71.17435
65.598114,71.17435
68.757996,71.17435
72.312836,71.17435
73.10278,71.17435
73.49777,70.18686
74.28775,70.18686
73.10278,70.18686
71.52286,69.19943
69.94293,69.19943
68.36301,69.19943
65.9931,69.19943
64.01819,69.19943
61.648285,68.211945
60.06836,68.211945
58.488434,68.211945
56.90851,67.22452
55.328568,67.22452
54.143616,67.22452
52.56369,66.23703
51.37874,66.23703
49.798813,66.23703
48.61386,66.23703
47.42891,66.23703
45.453995,65.2496
43.87407,65.2496
42.294144,65.2496
41.10919,65.2496
39.52925,64.262115
38.73929,64.262115
37.554337,64.262115
37.159363,63.27469
36.764374,63.27469
36.3694,63.27469
35.97441,63.27469
35.97441,62.2872
35.97441,63.27469
35.97441,63.27469
36.3694,64.262115
36.764374,65.2496
36.3694,66.23703
36.3694,67.22452
35.97441,69.19943
35.579437,71.17435
35.579437,72.16177
34.78946,73.14926
34.78946,74.13669
33.999496,75.124176
33.604523,76.1116
33.209534,77.09909
32.814545,78.08652
32.41957,79.074005
32.024582,79.074005
31.629608,80.06143
31.23462,81.04892
30.83963,81.04892
30.444656,81.04892
30.049667,81.04892
30.049667,81.04892
29.654694,81.04892
29.259705,82.03635
29.259705,82.03635
29.259705,82.03635
29.259705,82.03635
28.864716,82.03635
28.864716,81.04892
28.864716,81.04892
28.864716,81.04892
28.864716,81.04892
28.864716,80.06143
28.864716,80.06143
28.469742,80.06143
28.469742,80.06143
28.864716,80.06143
28.864716,79.074005
28.864716,79.074005
28.864716,79.074005
28.864716,78.08652
28.864716,78.08652
29.259705,79.074005
29.654694,78.08652
30.444656,77.09909
31.629608,77.09909
32.814545,77.09909
34.394485,77.09909
36.764374,76.1116
39.134277,76.1116
41.504166,76.1116
44.664032,76.1116
47.8239,76.1116
51.37874,75.124176
53.353653,75.124176
56.11853,74.13669
58.883423,74.13669
59.67337,74.13669
60.06836,73.14926
60.46335,73.14926
60.06836,73.14926
58.883423,72.16177
57.69847,72.16177
56.51352,72.16177
54.538605,72.16177
52.95868,71.17435
51.37874,71.17435
50.193787,70.18686
49.00885,70.18686
47.8239,69.19943
47.033936,70.18686
45.848984,69.19943
44.664032,69.19943
43.47908,68.211945
42.294144,68.211945
41.10919,67.22452
39.52925,67.22452
38.344315,67.22452
37.159363,66.23703
35.97441,66.23703
35.18445,66.23703
34.394485,66.23703
33.604523,65.2496
32.814545,65.2496
32.41957,65.2496
32.024582,65.2496
32.024582,64.262115
32.024582,64.262115
32.41957,63.27469
32.814545,63.27469
32.814545,63.27469
32.41957,62.2872
32.814545,63.27469
32.814545,62.2872
32.024582,62.2872
32.024582,61.299774
31.629608,61.299774
31.629608,61.299774
31.23462,61.299774
30.83963,61.299774
30.444656,61.299774
30.049667,60.312286
29.654694,59.32486
29.654694,60.312286
29.259705,60.312286
28.864716,59.32486
28.864716,59.32486
28.469742,59.32486
28.074753,58.33737
28.074753,58.33737
28.074753,58.33737
27.67978,58.33737
27.67978,57.349945
27.67978,57.349945
27.28479,57.349945
27.28479,57.349945
26.889801,56.362457
27.28479,56.362457
26.889801,56.362457
27.28479,55.37503
27.28479,55.37503
27.28479,55.37503
27.28479,55.37503
27.28479,55.37503
26.889801,54.387543
27.28479,54.387543
27.28479,54.387543
26.889801,54.387543
26.889801,53.400116
27.28479,53.400116
27.28479,53.400116
27.28479,53.400116
27.67978,52.41263
27.28479,53.400116
27.67978,52.41263
27.67978,51.4252
28.074753,51.4252
28.074753,51.4252
28.074753,51.4252
28.469742,50.437714
28.469742,51.4252
28.469742,51.4252
28.469742,51.4252
28.469742,50.437714
28.469742,51.4252
28.469742,50.437714
28.469742,50.437714
28.074753,50.437714
28.469742,49.450287
28.469742,49.450287
28.469742,50.437714
28.469742,49.450287
28.469742,48.4628
28.469742,49.450287
28.469742,48.4628
28.469742,48.4628
28.469742,48.4628
28.469742,48.4628
28.074753,48.4628
28.469742,48.4628
28.074753,48.4628
28.469742,47.475372
28.469742,47.475372
28.469742,47.475372
28.469742,46.487885
28.469742,46.487885
28.864716,46.487885
28.864716,47.475372
28.864716,46.487885
28.469742,46.487885
28.864716,45.500458
28.864716,45.500458
28.469742,46.487885
28.864716,46.487885
28.864716,46.487885
28.864716,47.475372
29.259705,48.4628
29.259705,49.450287
28.864716,50.437714
29.259705,52.41263
29.259705,54.387543
29.259705,56.362457
29.654694,58.33737
29.259705,60.312286
29.654694,62.2872
29.654694,63.27469
29.654694,64.262115
29.259705,65.2496
29.654694,66.23703
29.654694,67.22452
30.049667,68.211945
30.049667,69.19943
30.049667,70.18686
30.049667,71.17435
30.049667,72.16177
30.049667,72.16177
30.049667,73.14926
30.049667,73.14926
30.444656,73.14926
30.83963,73.14926
30.83963,73.14926
30.83963,73.14926
30.83963,73.14926
30.444656,73.14926
30.83963,73.14926
30.83963,73.14926
30.83963,73.14926
30.444656,74.13669
30.83963,73.14926
30.83963,73.14926
31.23462,73.14926
31.23462,72.16177
30.83963,73.14926
31.23462,72.16177
31.23462,72.16177
31.23462,72.16177
31.23462,72.16177
32.024582,72.16177
32.41957,72.16177
33.209534,72.16177
34.78946,72.16177
36.3694,72.16177
37.949326,72.16177
40.714203,72.16177
43.87407,71.17435
47.033936,71.17435
50.983765,71.17435
54.538605,71.17435
59.27841,71.17435
63.22824,71.17435
65.9931,71.17435
68.757996,70.18686
71.12787,70.18686
72.707825,69.19943
72.707825,70.18686
71.91785,69.19943
71.52286,70.18686
69.54794,69.19943
67.57303,69.19943
65.598114,70.18686
63.6232,70.18686
61.648285,69.19943
59.67337,69.19943
57.303482,68.211945
56.11853,68.211945
54.143616,68.211945
52.95868,68.211945
51.773727,68.211945
50.193787,67.22452
48.61386,67.22452
47.42891,67.22452
45.848984,67.22452
44.664032,66.23703
43.084106,66.23703
41.899155,66.23703
40.31923,65.2496
39.134277,65.2496
38.73929,65.2496
37.949326,64.262115
37.159363,64.262115
36.764374,64.262115
36.764374,64.262115
36.3694,64.262115
36.3694,64.262115
36.764374,64.262115
36.764374,64.262115
36.764374,65.2496
36.764374,66.23703
36.764374,67.22452
36.3694,67.22452
36.3694,68.211945
35.97441,70.18686
35.579437,71.17435
35.579437,72.16177
35.18445,72.16177
34.78946,74.13669
33.999496,75.124176
33.999496,76.1116
33.209534,78.08652
32.814545,79.074005
32.41957,79.074005
32.024582,80.06143
31.629608,81.04892
31.23462,81.04892
31.23462,82.03635
30.83963,81.04892
30.83963,82.03635
30.444656,81.04892
30.444656,82.03635
30.049667,82.03635
30.049667,83.023834
29.654694,83.023834
29.654694,83.023834
29.654694,84.01126
29.259705,83.023834
29.259705,83.023834
28.864716,82.03635
29.259705,82.03635
29.259705,82.03635
29.259705,81.04892
29.654694,82.03635
29.654694,82.03635
29.654694,81.04892
29.654694,81.04892
29.654694,81.04892
29.654694,81.04892
30.049667,81.04892
30.049667,81.04892
30.444656,81.04892
30.444656,81.04892
31.23462,81.04892
32.41957,80.06143
33.209534,80.06143
35.18445,79.074005
37.159363,79.074005
39.52925,80.06143
41.899155,79.074005
45.05902,79.074005
48.218872,78.08652
50.983765,78.08652
53.748642,78.08652
56.11853,77.09909
58.488434,77.09909
60.06836,76.1116
60.06836,76.1116
60.46335,76.1116
60.46335,75.124176
59.27841,75.124176
58.093445,75.124176
56.51352,74.13669
55.723557,73.14926
54.143616,73.14926
52.56369,73.14926
51.37874,73.14926
50.193787,72.16177
49.00885,72.16177
47.8239,72.16177
47.033936,71.17435
45.848984,71.17435
45.05902,71.17435
43.87407,71.17435
42.689117,70.18686
41.899155,70.18686
40.31923,69.19943
39.134277,69.19943
37.554337,69.19943
36.3694,68.211945
35.579437,68.211945
34.394485,68.211945
33.604523,68.211945
33.209534,67.22452
32.41957,67.22452
32.41957,66.23703
31.629608,66.23703
31.629608,66.23703
32.024582,65.2496
32.024582,65.2496
32.024582,65.2496
32.024582,65.2496
32.41957,64.262115
32.024582,64.262115
32.024582,64.262115
32.024582,63.27469
31.629608,63.27469
31.23462,62.2872
31.23462,62.2872
30.83963,62.2872
30.444656,62.2872
30.049667,62.2872
29.654694,61.299774
29.259705,61.299774
29.259705,61.299774
28.864716,60.312286
28.864716,60.312286
28.469742,60.312286
28.074753,60.312286
27.67978,59.32486
27.67978,59.32486
27.28479,59.32486
27.28479,58.33737
27.28479,58.33737
26.889801,58.33737
26.889801,58.33737
26.889801,57.349945
26.494827,57.349945
26.889801,57.349945
26.889801,57.349945
26.889801,56.362457
27.28479,57.349945
27.28479,56.362457
27.28479,56.362457
27.28479,55.37503
27.67978,55.37503
27.28479,55.37503
27.28479,54.387543
27.67978,54.387543
27.67978,54.387543
27.67978,54.387543
27.67978,53.400116
27.67978,53.400116
28.074753,53.400116
27.67978,53.400116
27.67978,52.41263
28.074753,52.41263
27.67978,52.41263
28.074753,52.41263
28.074753,52.41263
28.074753,51.4252
27.67978,51.4252
27.67978,51.4252
27.67978,50.437714
27.67978,51.4252
27.67978,50.437714
27.67978,50.437714
28.074753,49.450287
28.074753,49.450287
28.074753,49.450287
28.074753,49.450287
28.074753,49.450287
28.074753,48.4628
27.67978,48.4628
28.074753,48.4628
28.074753,48.4628
28.469742,47.475372
28.074753,47.475372
28.469742,47.475372
28.074753,47.475372
28.469742,46.487885
28.469742,46.487885
28.469742,45.500458
28.469742,45.500458
28.469742,45.500458
28.864716,44.51297
28.864716,45.500458
28.864716,45.500458
28.864716,45.500458
28.864716,45.500458
28.864716,46.487885
28.864716,46.487885
28.469742,46.487885
28.864716,46.487885
28.864716,45.500458
28.864716,45.500458
28.864716,45.500458
28.864716,45.500458
29.259705,45.500458
29.259705,46.487885
29.259705,47.475372
29.259705,49.450287
29.259705,51.4252
29.259705,53.400116
29.259705,55.37503
29.654694,56.362457
29.259705,58.33737
29.259705,60.312286
29.654694,60.312286
29.654694,61.299774
29.654694,62.2872
29.654694,63.27469
30.049667,64.262115
29.654694,64.262115
29.654694,66.23703
29.654694,67.22452
30.049667,68.211945
30.049667,69.19943
30.049667,70.18686
30.049667,71.17435
30.049667,71.17435
30.049667,72.16177
30.049667,72.16177
30.444656,72.16177
30.444656,71.17435
30.444656,71.17435
30.049667,70.18686
30.444656,70.18686
30.049667,70.18686
30.049667,71.17435
30.049667,72.16177
30.049667,72.16177
30.049667,73.14926
30.049667,73.14926
30.444656,73.14926
30.83963,72.16177
30.83963,72.16177
30.83963,71.17435
31.23462,71.17435
31.629608,70.18686
32.024582,70.18686
32.41957,70.18686
32.814545,70.18686
33.604523,70.18686
35.18445,70.18686
36.764374,70.18686
38.344315,69.19943
41.899155,69.19943
45.05902,68.211945
48.61386,67.22452
52.95868,66.23703
56.90851,67.22452
60.858337,67.22452
64.41318,69.19943
66.78308,69.19943
69.152954,69.19943
71.12787,69.19943
71.12787,69.19943
71.12787,69.19943
71.12787,68.211945
69.54794,68.211945
67.17807,68.211945
65.598114,68.211945
63.6232,68.211945
61.253326,67.22452
58.883423,68.211945
56.51352,67.22452
55.328568,67.22452
53.353653,67.22452
51.773727,66.23703
50.588776,65.2496
49.403824,65.2496
48.61386,64.262115
46.638947,64.262115
45.05902,64.262115
43.87407,64.262115
42.294144,63.27469
40.714203,63.27469
39.92424,62.2872
38.344315,62.2872
37.554337,61.299774
37.159363,62.2872
36.3694,61.299774
35.97441,62.2872
35.97441,62.2872
35.97441,62.2872
35.579437,62.2872
35.97441,61.299774
35.97441,61.299774
35.97441,61.299774
35.97441,61.299774
35.97441,62.2872
35.97441,64.262115
35.97441,64.262115
35.579437,65.2496
35.579437,67.22452
35.18445,67.22452
34.78946,68.211945
34.394485,70.18686
33.999496,71.17435
33.999496,72.16177
33.209534,73.14926
32.814545,73.14926
32.41957,74.13669
32.024582,74.13669
31.629608,75.124176
31.23462,76.1116
31.23462,76.1116
30.83963,77.09909
30.83963,78.08652
30.049667,79.074005
30.444656,79.074005
29.654694,79.074005
29.654694,79.074005
29.654694,80.06143
29.259705,79.074005
29.654694,79.074005
29.259705,78.08652
29.259705,77.09909
28.864716,78.08652
28.864716,77.09909
28.864716,78.08652
28.864716,77.09909
28.469742,77.09909
28.864716,77.09909
29.259705,77.09909
29.259705,77.09909
29.259705,77.09909
29.259705,77.09909
29.259705,77.09909
29.259705,77.09909
29.259705,76.1116
29.259705,76.1116
29.654694,76.1116
30.444656,75.124176
31.23462,75.124176
32.024582,75.124176
33.604523,74.13669
35.579437,75.124176
37.554337,74.13669
40.31923,74.13669
43.084106,73.14926
45.848984,74.13669
48.61386,73.14926
51.773727,72.16177
54.143616,73.14926
56.51352,72.16177
57.69847,71.17435
58.883423,70.18686
60.06836,70.18686
59.27841,70.18686
58.883423,70.18686
58.093445,70.18686
56.90851,71.17435
55.328568,71.17435
53.748642,70.18686
52.56369,68.211945
50.983765,67.22452
49.403824,67.22452
48.218872,67.22452
47.033936,67.22452
45.848984,68.211945
44.664032,68.211945
43.87407,68.211945
42.294144,67.22452
41.504166,66.23703
39.92424,65.2496
38.73929,64.262115
37.554337,64.262115
36.3694,66.23703
35.97441,67.22452
34.78946,69.19943
33.999496,68.211945
33.604523,68.211945
33.209534,67.22452
32.814545,65.2496
32.024582,64.262115
32.024582,63.27469
32.41957,63.27469
32.024582,62.2872
32.41957,62.2872
32.41957,61.299774
32.41957,61.299774
32.41957,60.312286
32.41957,59.32486
32.41957,59.32486
32.41957,59.32486
32.41957,59.32486
31.629608,59.32486
31.629608,59.32486
31.23462,60.312286
30.83963,60.312286
30.444656,59.32486
30.049667,59.32486
30.049667,59.32486
29.654694,58.33737
29.259705,59.32486
29.259705,58.33737
28.864716,58.33737
28.864716,58.33737
28.469742,57.349945
28.074753,57.349945
28.074753,57.349945
28.074753,56.362457
28.074753,56.362457
28.074753,57.349945
27.67978,56.362457
27.67978,57.349945
27.67978,57.349945
27.67978,56.362457
27.67978,56.362457
27.67978,55.37503
28.074753,54.387543
28.074753,53.400116
27.67978,53.400116
27.67978,53.400116
28.074753,54.387543
28.074753,54.387543
28.469742,54.387543
28.469742,53.400116
28.469742,54.387543
28.469742,54.387543
28.469742,53.400116
28.864716,52.41263
28.469742,52.41263
28.864716,52.41263
28.469742,52.41263
28.864716,51.4252
28.864716,50.437714
28.864716,50.437714
28.864716,51.4252
28.864716,51.4252
28.864716,50.437714
28.864716,50.437714
28.469742,49.450287
28.864716,49.450287
28.864716,48.4628
28.864716,49.450287
29.259705,48.4628
29.259705,48.4628
29.259705,48.4628
29.259705,48.4628
29.259705,48.4628
29.259705,48.4628
28.864716,48.4628
28.864716,49.450287
29.259705,48.4628
29.259705,48.4628
29.259705,48.4628
29.259705,47.475372
28.864716,47.475372
29.259705,47.475372
29.259705,46.487885
29.259705,46.487885
29.259705,46.487885
29.259705,45.500458
29.654694,46.487885
29.654694,45.500458
29.654694,45.500458
29.654694,45.500458
29.259705,44.51297
29.654694,44.51297
29.654694,44.51297
29.654694,44.51297
29.654694,44.51297
29.654694,45.500458
30.049667,44.51297
29.654694,45.500458
29.654694,45.500458
30.049667,46.487885
30.049667,46.487885
30.049667,47.475372
30.444656,48.4628
30.049667,50.437714
30.444656,52.41263
30.049667,54.387543
30.444656,55.37503
30.049667,58.33737
30.444656,59.32486
30.049667,61.299774
30.049667,62.2872
30.049667,63.27469
30.444656,64.262115
30.049667,65.2496
30.049667,66.23703
30.049667,67.22452
30.049667,68.211945
30.444656,69.19943
30.444656,69.19943
30.83963,71.17435
30.83963,71.17435
30.444656,71.17435
30.83963,73.14926
30.444656,73.14926
30.83963,74.13669
30.83963,74.13669
30.83963,73.14926
31.23462,73.14926
31.23462,73.14926
31.23462,73.14926
30.83963,73.14926
30.83963,73.14926
31.23462,73.14926
31.23462,73.14926
31.629608,73.14926
31.629608,73.14926
31.629608,72.16177
31.629608,73.14926
32.024582,73.14926
32.024582,73.14926
32.024582,73.14926
32.41957,72.16177
32.814545,73.14926
33.209534,72.16177
33.999496,72.16177
34.78946,72.16177
36.764374,72.16177
39.134277,72.16177
41.899155,72.16177
44.664032,72.16177
48.61386,72.16177
52.56369,71.17435
56.51352,71.17435
60.06836,71.17435
63.22824,72.16177
66.78308,71.17435
68.757996,71.17435
69.94293,70.18686
71.12787,70.18686
71.52286,69.19943
70.33792,70.18686
69.152954,69.19943
67.96802,69.19943
65.598114,69.19943
63.22824,69.19943
61.253326,69.19943
59.27841,68.211945
57.303482,68.211945
56.11853,67.22452
54.143616,66.23703
52.95868,66.23703
51.773727,67.22452
50.983765,65.2496
49.403824,66.23703
48.61386,65.2496
47.42891,65.2496
46.243973,64.262115
44.664032,64.262115
43.084106,65.2496
41.899155,64.262115
40.714203,65.2496
39.52925,64.262115
38.73929,63.27469
37.554337,63.27469
36.764374,62.2872
36.3694,63.27469
35.97441,62.2872
35.97441,62.2872
35.97441,62.2872
35.579437,62.2872
35.579437,61.299774
35.579437,61.299774
35.97441,61.299774
35.97441,62.2872
35.579437,62.2872
35.579437,63.27469
35.579437,64.262115
35.18445,64.262115
35.18445,67.22452
34.394485,67.22452
34.394485,68.211945
33.604523,70.18686
33.209534,72.16177
32.814545,73.14926
32.41957,73.14926
32.024582,74.13669
31.629608,75.124176
31.23462,75.124176
31.23462,76.1116
30.83963,77.09909
30.444656,77.09909
30.444656,78.08652
29.654694,77.09909
30.049667,78.08652
29.654694,78.08652
29.654694,78.08652
29.654694,79.074005
29.259705,79.074005
29.259705,79.074005
28.864716,79.074005
28.864716,79.074005
28.864716,79.074005
28.469742,78.08652
28.864716,77.09909
28.864716,78.08652
28.864716,78.08652
28.864716,78.08652
28.864716,78.08652
28.864716,77.09909
29.259705,76.1116
28.864716,76.1116
28.864716,76.1116
29.259705,76.1116
28.864716,76.1116
29.654694,77.09909
29.654694,77.09909
30.049667,76.1116
30.83963,76.1116
32.024582,76.1116
32.814545,76.1116
34.78946,75.124176
36.764374,75.124176
39.134277,75.124176
41.504166,74.13669
45.05902,74.13669
47.8239,73.14926
50.983765,73.14926
53.748642,72.16177
56.11853,72.16177
58.488434,72.16177
59.27841,72.16177
59.67337,72.16177
60.06836,72.16177
59.27841,71.17435
58.093445,70.18686
56.90851,70.18686
55.328568,70.18686
54.143616,69.19943
52.1687,69.19943
50.193787,69.19943
49.00885,69.19943
47.8239,68.211945
46.638947,68.211945
45.453995,68.211945
44.664032,67.22452
43.87407,68.211945
42.689117,67.22452
41.504166,68.211945
40.714203,67.22452
39.52925,66.23703
38.344315,66.23703
37.159363,65.2496
35.97441,65.2496
35.18445,65.2496
34.394485,65.2496
33.604523,64.262115
32.814545,64.262115
32.41957,63.27469
32.024582,63.27469
32.024582,62.2872
32.024582,62.2872
32.024582,62.2872
32.024582,61.299774
32.41957,62.2872
32.41957,61.299774
32.41957,62.2872
32.814545,61.299774
32.41957,60.312286
32.41957,61.299774
32.024582,60.312286
32.024582,60.312286
31.629608,60.312286
31.23462,60.312286
30.83963,59.32486
30.83963,59.32486
30.444656,59.32486
30.049667,59.32486
30.049667,58.33737
29.654694,58.33737
28.864716,57.349945
28.864716,58.33737
28.469742,57.349945
28.469742,57.349945
28.074753,57.349945
28.074753,57.349945
27.67978,56.362457
27.67978,56.362457
27.28479,56.362457
27.28479,56.362457
27.28479,55.37503
27.28479,55.37503
27.28479,55.37503
27.28479,55.37503
26.889801,54.387543
27.28479,54.387543
27.28479,54.387543
27.28479,53.400116
27.28479,53.400116
27.28479,53.400116
27.28479,53.400116
27.67978,52.41263
27.67978,52.41263
27.67978,52.41263
28.074753,52.41263
28.074753,52.41263
28.469742,51.4252
28.469742,51.4252
28.074753,51.4252
28.469742,50.437714
28.469742,50.437714
28.074753,50.437714
28.469742,49.450287
28.469742,49.450287
28.469742,49.450287
28.469742,49.450287
28.469742,49.450287
28.074753,49.450287
28.469742,48.4628
28.469742,48.4628
28.469742,48.4628
28.469742,48.4628
28.469742,48.4628
28.864716,48.4628
28.864716,47.475372
28.469742,47.475372
28.864716,47.475372
28.469742,47.475372
28.469742,47.475372
28.864716,46.487885
28.469742,46.487885
28.469742,46.487885
28.469742,46.487885
28.864716,46.487885
28.469742,45.500458
28.864716,44.51297
28.469742,45.500458
28.864716,45.500458
28.864716,44.51297
28.864716,44.51297
28.864716,44.51297
29.259705,44.51297
28.864716,44.51297
29.259705,44.51297
28.864716,44.51297
29.259705,43.525543
29.259705,43.525543
29.259705,43.525543
28.864716,43.525543
28.864716,43.525543
29.259705,43.525543
29.259705,43.525543
29.259705,44.51297
29.654694,45.500458
29.654694,45.500458
29.654694,47.475372
29.259705,49.450287
29.259705,50.437714
29.259705,52.41263
29.259705,54.387543
29.654694,55.37503
29.654694,57.349945
29.654694,59.32486
30.049667,60.312286
30.049667,60.312286
29.654694,62.2872
29.654694,62.2872
29.654694,63.27469
30.049667,64.262115
30.049667,65.2496
30.444656,65.2496
30.444656,66.23703
30.049667,66.23703
30.049667,67.22452
30.444656,67.22452
30.444656,67.22452
30.049667,68.211945
30.444656,68.211945
30.444656,68.211945
30.444656,68.211945
30.444656,67.22452
30.83963,68.211945
30.444656,67.22452
30.444656,67.22452
30.83963,67.22452
30.444656,68.211945
30.83963,68.211945
30.444656,68.211945
30.83963,68.211945
30.83963,68.211945
30.83963,67.22452
31.23462,68.211945
31.23462,67.22452
31.23462,68.211945
31.629608,67.22452
32.024582,67.22452
32.41957,67.22452
33.604523,68.211945
35.18445,68.211945
36.764374,67.22452
38.73929,67.22452
41.899155,68.211945
45.453995,67.22452
48.61386,67.22452
52.1687,67.22452
56.11853,67.22452
60.06836,67.22452
63.6232,67.22452
65.9931,67.22452
68.36301,66.23703
70.33792,67.22452
69.94293,67.22452
69.54794,66.23703
69.54794,66.23703
67.57303,66.23703
65.598114,66.23703
63.6232,67.22452
61.253326,66.23703
58.883423,66.23703
56.90851,66.23703
54.538605,66.23703
53.353653,65.2496
51.773727,66.23703
50.193787,66.23703
49.00885,66.23703
47.8239,65.2496
46.243973,65.2496
45.453995,65.2496
43.87407,65.2496
43.084106,65.2496
41.504166,64.262115
40.714203,64.262115
39.134277,64.262115
38.344315,64.262115
37.554337,63.27469
37.554337,63.27469
36.764374,63.27469
36.764374,63.27469
36.3694,63.27469
36.3694,62.2872
36.3694,62.2872
36.764374,62.2872
37.159363,63.27469
37.159363,63.27469
37.159363,63.27469
37.159363,64.262115
37.159363,66.23703
37.159363,66.23703
36.764374,68.211945
36.3694,69.19943
35.97441,70.18686
35.97441,72.16177
35.579437,72.16177
35.18445,73.14926
34.78946,74.13669
34.394485,75.124176
33.999496,75.124176
33.604523,76.1116
33.209534,77.09909
32.814545,77.09909
32.814545,77.09909
32.41957,77.09909
32.024582,78.08652
32.024582,78.08652
31.629608,77.09909
31.23462,78.08652
31.23462,78.08652
30.83963,78.08652
30.83963,79.074005
30.83963,79.074005
30.444656,79.074005
30.444656,78.08652
30.444656,78.08652
30.444656,78.08652
30.444656,78.08652
30.83963,78.08652
30.83963,77.09909
30.444656,77.09909
30.83963,76.1116
30.83963,77.09909
31.23462,76.1116
30.83963,77.09909
31.23462,76.1116
30.83963,76.1116
31.23462,76.1116
31.23462,76.1116
32.024582,75.124176
32.41957,75.124176
33.604523,75.124176
34.78946,74.13669
35.97441,74.13669
38.344315,74.13669
40.714203,74.13669
43.47908,74.13669
45.848984,73.14926
49.00885,73.14926
51.773727,73.14926
54.538605,73.14926
56.11853,73.14926
57.303482,73.14926
58.883423,72.16177
58.883423,71.17435
58.883423,71.17435
58.093445,71.17435
56.51352,70.18686
54.933594,70.18686
53.353653,70.18686
51.773727,70.18686
50.193787,69.19943
48.61386,69.19943
47.033936,68.211945
45.848984,68.211945
44.664032,68.211945
43.87407,68.211945
43.084106,68.211945
41.899155,67.22452
41.10919,68.211945
39.92424,67.22452
38.73929,67.22452
37.949326,66.23703
36.764374,66.23703
35.579437,65.2496
34.78946,66.23703
33.999496,65.2496
33.209534,65.2496
32.814545,65.2496
32.024582,64.262115
31.629608,64.262115
32.024582,64.262115
32.024582,64.262115
31.629608,64.262115
32.024582,63.27469
32.41957,63.27469
32.41957,63.27469
32.814545,62.2872
32.814545,62.2872
32.41957,62.2872
32.41957,62.2872
32.024582,61.299774
32.024582,62.2872
31.629608,60.312286
31.629608,60.312286
31.23462,60.312286
30.83963,60.312286
30.444656,59.32486
30.049667,60.312286
29.654694,59.32486
29.259705,59.32486
29.259705,59.32486
29.259705,59.32486
28.864716,59.32486
28.864716,58.33737
28.864716,58.33737
28.864716,58.33737
28.469742,57.349945
28.469742,57.349945
28.074753,57.349945
28.469742,57.349945
28.469742,57.349945
28.469742,57.349945
28.469742,56.362457
28.074753,56.362457
28.074753,56.362457
28.074753,55.37503
28.074753,56.362457
28.074753,54.387543
28.469742,55.37503
28.469742,54.387543
28.469742,54.387543
28.469742,54.387543
28.469742,54.387543
28.469742,54.387543
28.074753,54.387543
28.469742,53.400116
28.074753,53.400116
28.469742,52.41263
28.864716,53.400116
28.469742,53.400116
28.864716,52.41263
28.864716,52.41263
28.469742,52.41263
28.864716,51.4252
28.864716,51.4252
29.259705,51.4252
29.259705,51.4252
28.864716,50.437714
29.259705,50.437714
29.259705,51.4252
28.864716,50.437714
29.259705,50.437714
29.259705,50.437714
28.864716,49.450287
29.259705,49.450287
28.864716,49.450287
29.259705,48.4628
28.864716,48.4628
29.259705,48.4628
28.864716,48.4628
29.259705,48.4628
29.259705,48.4628
29.654694,47.475372
29.259705,47.475372
29.259705,47.475372
28.864716,47.475372
28.864716,46.487885
28.864716,47.475372
29.259705,46.487885
28.864716,46.487885
29.259705,46.487885
29.259705,45.500458
29.259705,46.487885
29.654694,45.500458
29.654694,45.500458
29.259705,45.500458
29.259705,45.500458
29.259705,46.487885
30.049667,45.500458
29.654694,44.51297
30.049667,45.500458
30.049667,45.500458
29.654694,46.487885
29.654694,47.475372
30.049667,48.4628
29.654694,50.437714
30.049667,52.41263
29.654694,53.400116
29.654694,55.37503
29.654694,57.349945
30.049667,58.33737
30.049667,60.312286
29.654694,61.299774
30.049667,62.2872
29.654694,63.27469
30.049667,65.2496
29.654694,66.23703
29.654694,66.23703
29.654694,68.211945
29.654694,69.19943
29.654694,69.19943
30.049667,70.18686
30.049667,71.17435
30.049667,71.17435
30.049667,71.17435
30.049667,71.17435
30.049667,72.16177
30.049667,72.16177
30.049667,72.16177
30.049667,72.16177
30.444656,72.16177
30.444656,72.16177
30.83963,72.16177
30.83963,72.16177
30.83963,72.16177
30.444656,72.16177
30.83963,71.17435
30.83963,71.17435
30.83963,71.17435
30.83963,72.16177
31.23462,71.17435
31.23462,71.17435
31.629608,71.17435
31.629608,71.17435
32.024582,71.17435
32.41957,71.17435
33.604523,71.17435
35.18445,71.17435
36.3694,71.17435
38.344315,70.18686
41.899155,71.17435
44.664032,71.17435
48.218872,71.17435
52.56369,70.18686
56.51352,71.17435
60.46335,70.18686
63.22824,70.18686
66.78308,71.17435
69.54794,70.18686
71.12787,70.18686
71.12787,70.18686
71.12787,70.18686
71.52286,70.18686
69.54794,70.18686
67.57303,70.18686
66.38809,70.18686
64.41318,70.18686
61.648285,69.19943
59.67337,69.19943
57.69847,67.22452
56.11853,68.211945
54.933594,68.211945
53.353653,67.22452
52.1687,67.22452
50.983765,67.22452
49.798813,67.22452
48.61386,66.23703
47.033936,66.23703
45.848984,65.2496
44.26906,65.2496
43.084106,65.2496
41.899155,65.2496
40.31923,64.262115
39.134277,64.262115
37.949326,64.262115
36.764374,64.262115
36.3694,64.262115
35.97441,63.27469
35.579437,63.27469
35.18445,63.27469
35.18445,63.27469
35.579437,63.27469
35.579437,63.27469
35.579437,63.27469
35.579437,63.27469
35.579437,63.27469
35.579437,64.262115
35.579437,66.23703
35.18445,66.23703
35.18445,68.211945
34.78946,69.19943
34.394485,70.18686
33.604523,71.17435
33.209534,71.17435
33.209534,72.16177
32.41957,73.14926
32.41957,74.13669
32.024582,75.124176
31.629608,75.124176
31.23462,76.1116
31.23462,76.1116
30.83963,76.1116
30.444656,77.09909
30.444656,77.09909
30.049667,77.09909
29.654694,78.08652
29.654694,77.09909
29.654694,78.08652
29.259705,78.08652
29.259705,78.08652
28.864716,77.09909
28.864716,78.08652
28.864716,77.09909
28.864716,77.09909
28.864716,77.09909
28.864716,77.09909
28.864716,78.08652
28.469742,78.08652
28.864716,78.08652
28.864716,77.09909
28.864716,77.09909
28.864716,77.09909
28.864716,77.09909
28.864716,77.09909
28.864716,77.09909
29.259705,76.1116
29.654694,76.1116
30.444656,76.1116
31.23462,76.1116
32.024582,75.124176
33.604523,75.124176
35.18445,75.124176
37.159363,74.13669
39.92424,75.124176
42.689117,74.13669
45.453995,74.13669
48.218872,74.13669
50.983765,73.14926
53.748642,73.14926
55.723557,73.14926
56.90851,73.14926
57.69847,73.14926
58.488434,72.16177
58.093445,72.16177
57.303482,72.16177
56.11853,71.17435
55.328568,71.17435
53.748642,71.17435
52.1687,70.18686
50.588776,70.18686
49.00885,70.18686
47.8239,70.18686
46.638947,69.19943
45.453995,69.19943
44.26906,68.211945
43.084106,68.211945
42.294144,68.211945
41.10919,68.211945
40.31923,67.22452
39.52925,67.22452
38.344315,66.23703
37.554337,66.23703
36.3694,66.23703
35.18445,66.23703
34.394485,65.2496
33.999496,65.2496
33.209534,65.2496
32.814545,65.2496
32.41957,64.262115
32.024582,64.262115
32.024582,64.262115
32.024582,63.27469
32.41957,63.27469
32.41957,63.27469
32.41957,63.27469
32.41957,62.2872
32.814545,62.2872
32.41957,62.2872
32.024582,61.299774
32.024582,61.299774
32.024582,60.312286
32.024582,60.312286
31.23462,60.312286
31.23462,60.312286
30.83963,59.32486
30.049667,60.312286
30.049667,59.32486
30.049667,59.32486
29.654694,59.32486
29.259705,58.33737
28.864716,59.32486
28.864716,57.349945
28.864716,58.33737
28.469742,57.349945
28.469742,58.33737
28.469742,57.349945
28.469742,56.362457
28.074753,56.362457
28.074753,56.362457
28.074753,56.362457
27.67978,56.362457
28.074753,55.37503
28.074753,55.37503
27.67978,55.37503
27.67978,55.37503
28.074753,54.387543
27.67978,55.37503
27.67978,54.387543
28.074753,54.387543
28.074753,53.400116
28.074753,53.400116
28.074753,53.400116
28.074753,53.400116
28.074753,52.41263
28.469742,52.41263
28.469742,52.41263
28.469742,52.41263
28.469742,52.41263
28.864716,51.4252
28.864716,51.4252
28.864716,51.4252
28.864716,50.437714
28.864716,51.4252
28.864716,50.437714
28.864716,50.437714
29.259705,50.437714
29.259705,49.450287
28.864716,49.450287
29.259705,49.450287
29.259705,48.4628
28.864716,48.4628
29.259705,48.4628
29.259705,48.4628
28.864716,48.4628
28.864716,48.4628
29.259705,47.475372
29.259705,48.4628
29.259705,47.475372
29.259705,47.475372
28.864716,47.475372
29.259705,46.487885
29.259705,46.487885
29.259705,46.487885
28.864716,46.487885
29.259705,46.487885
28.864716,46.487885
29.259705,45.500458
29.259705,45.500458
29.654694,45.500458
29.654694,45.500458
29.654694,44.51297
29.259705,44.51297
29.259705,45.500458
29.654694,45.500458
29.654694,44.51297
29.654694,44.51297
29.654694,44.51297
29.654694,44.51297
29.654694,44.51297
29.654694,45.500458
29.654694,46.487885
30.049667,47.475372
30.049667,48.4628
29.654694,50.437714
30.049667,51.4252
29.654694,53.400116
29.654694,55.37503
29.654694,56.362457
30.049667,57.349945
29.654694,59.32486
30.049667,60.312286
30.049667,61.299774
30.444656,62.2872
30.049667,63.27469
30.049667,65.2496
30.049667,65.2496
30.444656,66.23703
30.049667,67.22452
30.444656,67.22452
30.444656,68.211945
30.444656,68.211945
30.444656,69.19943
30.049667,68.211945
30.444656,69.19943
30.444656,69.19943
30.83963,69.19943
30.83963,69.19943
30.83963,69.19943
30.83963,69.19943
30.444656,68.211945
30.83963,69.19943
30.83963,69.19943
30.83963,69.19943
30.83963,69.19943
30.83963,69.19943
30.83963,68.211945
31.23462,68.211945
31.23462,68.211945
31.23462,68.211945
31.23462,68.211945
31.629608,68.211945
32.024582,68.211945
32.41957,67.22452
33.209534,67.22452
33.999496,68.211945
35.18445,68.211945
37.159363,67.22452
39.52925,67.22452
41.899155,68.211945
44.664032,67.22452
48.218872,67.22452
51.773727,67.22452
55.723557,67.22452
58.883423,67.22452
62.043274,68.211945
65.598114,67.22452
67.17807,67.22452
67.96802,66.23703
68.36301,66.23703
68.757996,66.23703
67.17807,67.22452
65.9931,67.22452
64.41318,67.22452
62.438263,66.23703
60.06836,66.23703
58.093445,66.23703
56.11853,66.23703
54.538605,66.23703
52.95868,66.23703
50.983765,66.23703
49.798813,66.23703
48.61386,66.23703
47.033936,65.2496
45.848984,66.23703
44.664032,65.2496
43.87407,65.2496
42.294144,65.2496
41.504166,65.2496
40.31923,65.2496
39.134277,65.2496
38.73929,65.2496
37.554337,64.262115
36.764374,65.2496
36.3694,64.262115
35.97441,64.262115
35.97441,64.262115
35.579437,64.262115
35.97441,64.262115
35.97441,64.262115
35.97441,65.2496
36.3694,65.2496
36.3694,65.2496
36.764374,67.22452
35.97441,68.211945
35.97441,69.19943
35.97441,70.18686
35.579437,71.17435
35.18445,72.16177
35.18445,73.14926
34.78946,74.13669
34.394485,75.124176
33.999496,76.1116
33.604523,77.09909
33.209534,77.09909
32.814545,78.08652
32.024582,79.074005
32.024582,79.074005
32.024582,79.074005
31.629608,79.074005
31.23462,80.06143
31.23462,80.06143
30.83963,80.06143
30.83963,80.06143
30.444656,80.06143
30.444656,80.06143
30.444656,80.06143
30.444656,80.06143
30.049667,80.06143
30.049667,80.06143
29.654694,80.06143
29.654694,79.074005
30.049667,79.074005
30.049667,79.074005
30.049667,79.074005
30.049667,79.074005
30.049667,78.08652
30.444656,78.08652
30.444656,78.08652
30.444656,78.08652
30.444656,77.09909
30.444656,78.08652
30.83963,77.09909
31.629608,77.09909
31.629608,77.09909
32.814545,76.1116
33.999496,77.09909
35.18445,76.1116
37.554337,76.1116
39.92424,76.1116
42.294144,76.1116
45.453995,76.1116
48.218872,76.1116
51.37874,76.1116
53.748642,75.124176
55.723557,75.124176
57.69847,75.124176
58.488434,75.124176
59.27841,75.124176
59.27841,74.13669
59.27841,74.13669
57.69847,74.13669
56.51352,74.13669
54.933594,74.13669
53.748642,74.13669
52.1687,74.13669
50.588776,73.14926
49.403824,73.14926
48.218872,73.14926
47.033936,72.16177
46.243973,72.16177
45.453995,72.16177
44.26906,72.16177
43.47908,71.17435
42.689117,71.17435
41.504166,70.18686
40.31923,70.18686
39.52925,69.19943
37.949326,69.19943
37.159363,68.211945
35.97441,68.211945
35.18445,68.211945
34.394485,68.211945
33.604523,67.22452
33.209534,67.22452
32.814545,67.22452
32.814545,66.23703
32.41957,65.2496
32.41957,65.2496
32.41957,65.2496
32.41957,65.2496
32.814545,64.262115
32.814545,64.262115
33.209534,64.262115
32.814545,64.262115
32.814545,63.27469
32.814545,63.27469
32.41957,62.2872
32.024582,62.2872
31.629608,62.2872
31.23462,61.299774
30.83963,61.299774
30.83963,60.312286
30.444656,61.299774
30.049667,61.299774
30.049667,60.312286
29.654694,60.312286
29.654694,59.32486
29.259705,59.32486
28.864716,58.33737
28.469742,59.32486
28.469742,58.33737
28.469742,58.33737
28.469742,58.33737
28.469742,57.349945
28.469742,57.349945
28.074753,57.349945
28.074753,56.362457
27.67978,56.362457
27.67978,56.362457
27.67978,56.362457
28.074753,55.37503
28.074753,55.37503
28.074753,55.37503
27.67978,55.37503
28.074753,55.37503
28.074753,54.387543
27.67978,54.387543
28.074753,54.387543
28.469742,53.400116
28.469742,53.400116
28.469742,53.400116
28.469742,53.400116
28.469742,53.400116
28.469742,52.41263
28.469742,51.4252
28.469742,51.4252
28.469742,51.4252
28.469742,51.4252
28.864716,51.4252
28.864716,50.437714
28.864716,51.4252
28.864716,50.437714
28.864716,50.437714
28.469742,50.437714
28.469742,49.450287
28.864716,49.450287
28.864716,48.4628
28.864716,49.450287
28.469742,48.4628
28.864716,48.4628
28.864716,48.4628
28.864716,48.4628
28.864716,48.4628
28.864716,48.4628
28.864716,47.475372
28.469742,47.475372
28.864716,47.475372
28.864716,46.487885
28.864716,46.487885
28.469742,46.487885
28.864716,46.487885
28.864716,46.487885
28.864716,45.500458
29.259705,45.500458
29.259705,45.500458
28.864716,45.500458
28.864716,45.500458
28.864716,45.500458
29.259705,44.51297
28.864716,44.51297
29.259705,45.500458
29.259705,45.500458
29.654694,44.51297
29.654694,45.500458
29.259705,45.500458
29.654694,46.487885
29.654694,48.4628
29.654694,49.450287
29.654694,50.437714
29.654694,52.41263
30.049667,54.387543
30.049667,56.362457
29.654694,58.33737
30.049667,59.32486
30.049667,60.312286
30.049667,61.299774
30.049667,62.2872
29.654694,64.262115
30.049667,64.262115
30.049667,65.2496
30.049667,66.23703
30.049667,67.22452
30.049667,68.211945
30.049667,68.211945
30.049667,69.19943
30.444656,69.19943
30.444656,69.19943
30.444656,70.18686
30.444656,70.18686
30.049667,70.18686
30.444656,70.18686
30.444656,71.17435
30.83963,70.18686
30.444656,70.18686
30.444656,70.18686
30.83963,70.18686
30.444656,70.18686
30.83963,70.18686
31.23462,70.18686
31.23462,70.18686
31.23462,70.18686
31.23462,70.18686
31.629608,70.18686
31.629608,70.18686
31.629608,70.18686
32.024582,69.19943
32.41957,69.19943
32.814545,69.19943
33.209534,69.19943
34.394485,69.19943
35.97441,69.19943
37.554337,69.19943
39.52925,68.211945
42.294144,69.19943
45.848984,68.211945
49.403824,68.211945
52.56369,68.211945
56.90851,67.22452
60.46335,68.211945
63.6232,67.22452
65.598114,67.22452
67.57303,67.22452
69.152954,66.23703
68.757996,66.23703
68.36301,66.23703
67.57303,66.23703
66.38809,66.23703
64.01819,66.23703
61.648285,66.23703
60.06836,65.2496
58.093445,65.2496
56.51352,65.2496
53.748642,65.2496
52.95868,65.2496
51.37874,64.262115
50.193787,64.262115
48.61386,64.262115
47.8239,63.27469
46.638947,63.27469
45.453995,63.27469
44.26906,63.27469
42.689117,63.27469
41.504166,63.27469
40.714203,62.2872
39.52925,62.2872
38.344315,62.2872
37.554337,62.2872
37.159363,61.299774
36.3694,61.299774
35.579437,61.299774
35.579437,61.299774
35.579437,60.312286
35.97441,60.312286
35.579437,62.2872
35.97441,61.299774
35.97441,62.2872
35.97441,63.27469
35.97441,63.27469
35.97441,65.2496
35.579437,66.23703
35.579437,68.211945
35.579437,69.19943
35.579437,70.18686
35.18445,71.17435
34.78946,72.16177
34.394485,73.14926
33.999496,74.13669
33.604523,74.13669
33.209534,75.124176
32.41957,76.1116
32.41957,76.1116
32.41957,77.09909
31.629608,77.09909
31.629608,78.08652
31.23462,78.08652
30.83963,77.09909
30.444656,78.08652
30.444656,78.08652
30.444656,78.08652
30.049667,78.08652
30.049667,78.08652
30.049667,78.08652
29.259705,78.08652
29.654694,77.09909
29.654694,77.09909
29.654694,77.09909
29.259705,77.09909
29.259705,77.09909
29.654694,77.09909
29.654694,76.1116
29.654694,76.1116
29.259705,75.124176
29.259705,76.1116
29.654694,75.124176
29.654694,75.124176
29.654694,75.124176
30.444656,75.124176
30.83963,75.124176
31.629608,75.124176
32.41957,74.13669
33.999496,74.13669
35.579437,74.13669
37.159363,74.13669
39.92424,74.13669
42.689117,73.14926
45.453995,74.13669
47.8239,73.14926
50.588776,73.14926
53.353653,72.16177
55.723557,72.16177
56.51352,72.16177
57.303482,71.17435
58.488434,72.16177
57.69847,71.17435
56.90851,71.17435
56.11853,71.17435
54.933594,71.17435
53.353653,70.18686
52.1687,69.19943
50.588776,69.19943
49.00885,69.19943
48.218872,69.19943
46.638947,69.19943
45.848984,68.211945
44.664032,68.211945
43.87407,68.211945
42.689117,67.22452
41.899155,67.22452
40.714203,67.22452
39.52925,66.23703
38.344315,66.23703
37.554337,66.23703
35.97441,65.2496
35.579437,65.2496
34.394485,65.2496
33.999496,65.2496
33.209534,65.2496
32.814545,65.2496
32.024582,64.262115
31.629608,64.262115
32.024582,63.27469
32.024582,63.27469
32.41957,63.27469
32.41957,63.27469
32.024582,63.27469
32.41957,62.2872
32.814545,62.2872
32.41957,62.2872
32.814545,62.2872
32.41957,61.299774
32.024582,61.299774
32.024582,60.312286
31.23462,60.312286
30.83963,60.312286
30.444656,59.32486
30.444656,60.312286
30.049667,59.32486
29.654694,59.32486
29.654694,59.32486
29.654694,59.32486
29.259705,58.33737
29.259705,59.32486
28.864716,58.33737
28.864716,58.33737
28.469742,58.33737
28.469742,57.349945
28.469742,57.349945
28.074753,57.349945
28.074753,57.349945
28.074753,56.362457
28.074753,56.362457
28.074753,56.362457
28.074753,56.362457
28.074753,56.362457
27.67978,55.37503
28.074753,55.37503
28.074753,55.37503
27.67978,55.37503
27.67978,55.37503
28.074753,55.37503
28.074753,54.387543
28.469742,54.387543
28.469742,53.400116
28.074753,53.400116
28.469742,53.400116
28.469742,53.400116
28.469742,53.400116
28.469742,53.400116
28.469742,52.41263
28.469742,51.4252
28.864716,52.41263
29.259705,51.4252
29.259705,51.4252
28.864716,50.437714
29.259705,51.4252
29.259705,50.437714
28.864716,50.437714
29.259705,50.437714
29.654694,50.437714
29.259705,50.437714
29.654694,50.437714
29.259705,50.437714
29.654694,49.450287
29.654694,49.450287
29.654694,49.450287
29.654694,49.450287
29.259705,48.4628
29.654694,48.4628
29.259705,48.4628
29.654694,48.4628
29.259705,48.4628
29.259705,47.475372
29.259705,47.475372
29.259705,47.475372
29.259705,47.475372
29.654694,47.475372
29.654694,47.475372
29.654694,46.487885
30.049667,46.487885
30.049667,47.475372
30.049667,46.487885
30.049667,45.500458
30.049667,46.487885
30.049667,45.500458
29.654694,45.500458
30.049667,46.487885
30.049667,46.487885
30.049667,47.475372
30.444656,48.4628
30.444656,49.450287
30.444656,51.4252
30.444656,53.400116
30.049667,55.37503
30.444656,56.362457
30.444656,58.33737
30.049667,60.312286
30.049667,61.299774
30.444656,62.2872
30.444656,63.27469
30.049667,65.2496
30.444656,65.2496
30.444656,66.23703
30.83963,67.22452
30.83963,68.211945
30.83963,68.211945
30.444656,69.19943
30.444656,69.19943
30.83963,70.18686
30.444656,70.18686
30.444656,70.18686
30.83963,71.17435
30.444656,71.17435
30.83963,71.17435
30.83963,71.17435
30.83963,71.17435
31.23462,71.17435
30.83963,71.17435
31.23462,70.18686
31.629608,71.17435
31.629608,71.17435
31.629608,71.17435
31.23462,71.17435
31.629608,71.17435
31.629608,71.17435
31.629608,71.17435
31.629608,71.17435
32.024582,71.17435
32.024582,71.17435
32.41957,70.18686
32.814545,70.18686
33.604523,70.18686
34.394485,70.18686
35.579437,70.18686
37.949326,70.18686
39.92424,70.18686
42.294144,69.19943
45.453995,69.19943
49.403824,70.18686
52.56369,69.19943
56.11853,69.19943
58.488434,69.19943
62.833252,69.19943
65.598114,68.211945
66.78308,69.19943
67.96802,68.211945
68.757996,68.211945
68.36301,68.211945
66.78308,67.22452
65.598114,68.211945
64.41318,67.22452
62.438263,67.22452
60.06836,67.22452
57.69847,67.22452
56.51352,67.22452
54.538605,66.23703
52.95868,66.23703
51.773727,66.23703
50.588776,65.2496
49.00885,66.23703
47.8239,65.2496
47.033936,65.2496
45.848984,65.2496
44.664032,65.2496
43.47908,65.2496
42.294144,64.262115
41.504166,64.262115
39.92424,64.262115
38.73929,63.27469
37.949326,63.27469
37.159363,63.27469
36.764374,63.27469
36.3694,63.27469
35.97441,63.27469
35.97441,63.27469
35.97441,63.27469
35.97441,63.27469
35.97441,63.27469
35.97441,63.27469
36.3694,64.262115
36.3694,65.2496
35.97441,67.22452
35.579437,68.211945
35.579437,69.19943
35.579437,70.18686
35.18445,72.16177
35.18445,73.14926
34.78946,73.14926
34.394485,75.124176
33.999496,75.124176
33.209534,76.1116
32.814545,77.09909
32.41957,77.09909
32.41957,78.08652
32.024582,78.08652
31.629608,78.08652
31.23462,79.074005
30.83963,80.06143
30.83963,79.074005
30.83963,79.074005
30.444656,80.06143
30.444656,80.06143
30.444656,80.06143
30.444656,80.06143
30.049667,80.06143
30.049667,79.074005
30.049667,79.074005
30.049667,79.074005
29.654694,79.074005
29.654694,79.074005
30.049667,79.074005
30.049667,79.074005
30.049667,78.08652
30.049667,79.074005
30.049667,78.08652
29.654694,78.08652
30.049667,78.08652
29.654694,78.08652
30.049667,77.09909
30.049667,77.09909
30.444656,77.09909
31.629608,76.1116
32.024582,76.1116
33.604523,77.09909
35.579437,77.09909
37.554337,76.1116
39.92424,76.1116
42.294144,76.1116
45.453995,76.1116
48.218872,75.124176
51.37874,75.124176
53.353653,75.124176
55.328568,74.13669
57.303482,74.13669
58.093445,74.13669
58.093445,74.13669
58.488434,73.14926
57.69847,73.14926
56.51352,72.16177
55.328568,72.16177
53.748642,72.16177
52.1687,72.16177
50.983765,71.17435
49.403824,71.17435
48.218872,71.17435
47.42891,70.18686
46.638947,70.18686
45.453995,70.18686
44.664032,69.19943
43.87407,69.19943
42.689117,69.19943
41.899155,68.211945
40.714203,68.211945
39.92424,68.211945
38.73929,68.211945
37.554337,68.211945
36.3694,67.22452
35.18445,67.22452
34.394485,67.22452
33.209534,66.23703
32.41957,66.23703
32.024582,66.23703
32.024582,65.2496
31.23462,65.2496
31.629608,65.2496
31.629608,65.2496
31.629608,65.2496
31.629608,64.262115
32.024582,64.262115
32.024582,64.262115
32.024582,63.27469
32.024582,63.27469
32.024582,63.27469
31.629608,63.27469
31.629608,62.2872
31.23462,62.2872
31.23462,62.2872
30.83963,62.2872
30.444656,61.299774
30.444656,61.299774
30.049667,60.312286
29.654694,61.299774
29.259705,60.312286
28.864716,59.32486
28.864716,59.32486
28.864716,59.32486
28.469742,60.312286
28.469742,59.32486
28.074753,59.32486
28.074753,58.33737
27.67978,58.33737
27.67978,58.33737
27.67978,58.33737
27.67978,57.349945
27.28479,57.349945
27.67978,57.349945
27.67978,57.349945
27.28479,56.362457
27.67978,56.362457
27.67978,56.362457
27.28479,55.37503
27.67978,56.362457
27.67978,55.37503
28.074753,55.37503
28.074753,55.37503
27.67978,54.387543
28.074753,54.387543
28.074753,54.387543
27.67978,54.387543
28.469742,53.400116
28.469742,53.400116
28.469742,53.400116
28.469742,53.400116
28.469742,53.400116
28.074753,52.41263
28.074753,52.41263
28.469742,52.41263
28.469742,51.4252
28.469742,51.4252
28.469742,51.4252
28.864716,51.4252
28.864716,51.4252
28.864716,51.4252
28.469742,51.4252
28.864716,50.437714
28.864716,50.437714
28.864716,49.450287
28.864716,49.450287
28.864716,49.450287
28.864716,49.450287
28.469742,48.4628
28.864716,49.450287
28.864716,48.4628
28.469742,49.450287
28.469742,48.4628
28.469742,48.4628
28.469742,47.475372
28.864716,48.4628
28.864716,47.475372
29.259705,47.475372
29.259705,46.487885
28.864716,47.475372
28.864716,46.487885
29.259705,46.487885
29.259705,46.487885
29.259705,46.487885
29.259705,46.487885
29.654694,46.487885
29.259705,45.500458
29.654694,46.487885
29.654694,45.500458
29.259705,47.475372
29.654694,47.475372
29.654694,48.4628
29.259705,50.437714
29.654694,51.4252
29.654694,53.400116
30.049667,54.387543
30.049667,56.362457
30.049667,57.349945
29.654694,59.32486
30.049667,60.312286
30.049667,61.299774
29.654694,61.299774
30.049667,62.2872
30.049667,63.27469
30.049667,64.262115
30.049667,65.2496
30.049667,65.2496
30.444656,66.23703
30.049667,66.23703
30.049667,67.22452
30.444656,66.23703
30.049667,67.22452
30.444656,67.22452
30.444656,67.22452
30.444656,67.22452
30.444656,67.22452
30.444656,67.22452
30.444656,68.211945
30.444656,67.22452
30.83963,67.22452
30.83963,67.22452
30.444656,67.22452
30.83963,67.22452
30.83963,67.22452
31.23462,67.22452
31.23462,67.22452
31.23462,67.22452
31.23462,67.22452
31.629608,67.22452
31.629608,67.22452
31.629608,67.22452
32.024582,66.23703
32.41957,66.23703
33.604523,66.23703
34.394485,67.22452
35.579437,66.23703
37.949326,66.23703
39.92424,66.23703
42.689117,66.23703
46.243973,66.23703
49.798813,65.2496
53.748642,66.23703
56.90851,65.2496
60.46335,66.23703
63.6232,66.23703
65.598114,65.2496
66.78308,65.2496
67.96802,65.2496
68.36301,64.262115
67.17807,65.2496
66.38809,64.262115
65.203156,64.262115
62.833252,64.262115
60.858337,65.2496
58.488434,64.262115
56.51352,64.262115
54.538605,63.27469
52.56369,63.27469
51.37874,63.27469
49.798813,63.27469
48.61386,63.27469
47.033936,63.27469
45.453995,62.2872
44.26906,62.2872
43.084106,62.2872
42.294144,62.2872
40.714203,61.299774
39.52925,61.299774
38.344315,61.299774
37.949326,60.312286
37.159363,61.299774
35.97441,61.299774
35.97441,60.312286
35.97441,60.312286
35.579437,60.312286
35.579437,60.312286
35.579437,60.312286
35.579437,60.312286
35.579437,60.312286
35.97441,61.299774
35.97441,62.2872
35.97441,63.27469
35.97441,64.262115
35.97441,65.2496
35.97441,67.22452
35.579437,68.211945
35.18445,68.211945
34.78946,69.19943
34.394485,70.18686
34.394485,71.17435
33.999496,72.16177
33.604523,73.14926
33.209534,73.14926
32.814545,74.13669
32.41957,74.13669
32.024582,74.13669
31.629608,75.124176
31.23462,75.124176
30.83963,75.124176
30.83963,76.1116
30.83963,76.1116
30.83963,76.1116
30.444656,76.1116
30.049667,76.1116
30.049667,76.1116
29.654694,76.1116
29.654694,76.1116
29.654694,76.1116
29.259705,76.1116
29.654694,76.1116
29.654694,76.1116
29.654694,75.124176
29.654694,75.124176
29.654694,75.124176
30.049667,74.13669
30.049667,74.13669
30.049667,74.13669
29.654694,74.13669
30.049667,74.13669
30.049667,74.13669
30.83963,73.14926
30.444656,73.14926
31.629608,73.14926
32.41957,73.14926
33.604523,73.14926
35.579437,73.14926
37.949326,72.16177
40.31923,72.16177
42.689117,72.16177
45.848984,72.16177
48.218872,72.16177
50.983765,72.16177
53.353653,72.16177
55.328568,71.17435
57.303482,71.17435
58.093445,71.17435
58.488434,70.18686
58.488434,71.17435
58.093445,69.19943
56.51352,70.18686
55.328568,70.18686
54.143616,69.19943
52.1687,69.19943
50.588776,69.19943
49.403824,69.19943
47.8239,68.211945
46.638947,68.211945
45.453995,68.211945
45.05902,67.22452
43.87407,68.211945
43.084106,67.22452
42.294144,67.22452
41.10919,67.22452
39.92424,67.22452
38.73929,66.23703
37.554337,66.23703
36.764374,65.2496
35.579437,66.23703
34.78946,65.2496
33.999496,65.2496
33.209534,65.2496
32.41957,64.262115
32.41957,64.262115
32.41957,64.262115
32.024582,63.27469
32.024582,64.262115
32.41957,64.262115
32.41957,63.27469
32.41957,63.27469
33.209534,63.27469
32.41957,62.2872
32.814545,62.2872
32.41957,62.2872
32.814545,63.27469
32.41957,62.2872
32.024582,61.299774
31.629608,61.299774
31.629608,61.299774
31.629608,61.299774
30.83963,60.312286
30.83963,60.312286
30.444656,59.32486
30.049667,60.312286
30.049667,59.32486
29.259705,59.32486
29.259705,59.32486
29.259705,59.32486
29.259705,59.32486
28.864716,58.33737
28.864716,58.33737
28.864716,58.33737
28.469742,58.33737
28.864716,57.349945
28.469742,57.349945
28.469742,57.349945
28.074753,57.349945
28.469742,57.349945
28.074753,56.362457
28.074753,56.362457
28.469742,56.362457
28.469742,56.362457
28.469742,55.37503
28.469742,55.37503
28.469742,55.37503
28.469742,55.37503
28.469742,55.37503
28.469742,54.387543
28.469742,54.387543
28.469742,54.387543
28.864716,54.387543
28.864716,53.400116
29.259705,53.400116
29.259705,53.400116
29.259705,53.400116
29.259705,53.400116
29.259705,53.400116
29.259705,52.41263
29.259705,52.41263
29.259705,52.41263
29.654694,52.41263
29.259705,51.4252
29.259705,52.41263
29.259705,51.4252
29.259705,51.4252
29.259705,51.4252
29.654694,50.437714
29.654694,50.437714
29.654694,50.437714
29.654694,50.437714
29.654694,49.450287
29.259705,49.450287
29.259705,50.437714
29.259705,49.450287
29.654694,49.450287
29.654694,49.450287
29.259705,48.4628
29.654694,48.4628
29.259705,48.4628
29.654694,48.4628
29.259705,48.4628
29.259705,47.475372
29.259705,47.475372
29.654694,47.475372
29.654694,47.475372
30.049667,47.475372
30.049667,47.475372
30.049667,47.475372
30.049667,46.487885
29.654694,47.475372
30.049667,46.487885
30.049667,47.475372
30.049667,48.4628
30.049667,49.450287
30.444656,51.4252
30.444656,52.41263
30.444656,53.400116
30.444656,55.37503
30.049667,57.349945
30.444656,58.33737
30.444656,60.312286
30.444656,61.299774
30.83963,62.2872
30.83963,64.262115
30.444656,64.262115
30.444656,65.2496
30.444656,66.23703
30.444656,67.22452
30.83963,68.211945
30.83963,68.211945
30.83963,69.19943
30.83963,69.19943
30.83963,70.18686
30.83963,70.18686
30.83963,70.18686
30.83963,70.18686
31.23462,70.18686
30.83963,71.17435
31.23462,71.17435
31.23462,71.17435
31.23462,71.17435
31.23462,71.17435
30.83963,70.18686
31.23462,71.17435
31.23462,70.18686
31.23462,71.17435
31.629608,70.18686
31.629608,71.17435
31.629608,70.18686
32.024582,70.18686
32.024582,71.17435
32.024582,70.18686
32.41957,71.17435
32.814545,70.18686
33.209534,70.18686
33.604523,70.18686
34.394485,70.18686
35.97441,70.18686
37.554337,70.18686
39.134277,70.18686
42.689117,70.18686
45.453995,69.19943
49.00885,69.19943
52.56369,69.19943
56.11853,69.19943
60.46335,69.19943
63.22824,69.19943
65.598114,69.19943
67.57303,68.211945
69.54794,68.211945
69.152954,68.211945
68.757996,67.22452
68.36301,67.22452
66.38809,68.211945
64.80817,67.22452
62.833252,67.22452
60.858337,67.22452
58.883423,67.22452
56.90851,67.22452
55.328568,66.23703
53.748642,66.23703
52.56369,66.23703
50.983765,66.23703
49.798813,66.23703
49.00885,66.23703
47.8239,65.2496
46.638947,65.2496
45.453995,64.262115
44.26906,64.262115
42.689117,64.262115
41.504166,64.262115
40.31923,63.27469
38.73929,64.262115
38.344315,63.27469
37.159363,63.27469
36.764374,63.27469
35.97441,63.27469
35.579437,63.27469
35.579437,62.2872
35.18445,62.2872
35.579437,62.2872
35.579437,62.2872
35.579437,63.27469
35.579437,64.262115
35.579437,64.262115
35.579437,64.262115
35.579437,65.2496
35.18445,67.22452
35.18445,67.22452
34.78946,69.19943
34.394485,70.18686
34.394485,70.18686
33.604523,71.17435
33.604523,72.16177
33.209534,73.14926
32.41957,73.14926
32.024582,74.13669
32.024582,75.124176
31.23462,75.124176
30.83963,75.124176
30.83963,76.1116
30.444656,76.1116
30.444656,76.1116
30.049667,76.1116
30.049667,77.09909
30.049667,77.09909
29.654694,77.09909
29.654694,77.09909
29.259705,76.1116
29.259705,76.1116
29.259705,76.1116
29.259705,76.1116
29.259705,76.1116
28.864716,76.1116
29.259705,76.1116
29.259705,76.1116
29.259705,76.1116
29.259705,76.1116
29.259705,75.124176
29.259705,75.124176
29.259705,75.124176
29.259705,75.124176
29.654694,75.124176
29.654694,75.124176
29.654694,75.124176
30.049667,74.13669
30.83963,74.13669
32.41957,74.13669
33.209534,74.13669
34.78946,74.13669
36.764374,74.13669
39.134277,73.14926
41.504166,73.14926
44.26906,73.14926
47.033936,73.14926
50.193787,72.16177
52.56369,73.14926
54.933594,72.16177
56.51352,72.16177
57.69847,72.16177
57.69847,72.16177
57.69847,71.17435
57.303482,71.17435
56.11853,71.17435
54.933594,70.18686
53.748642,70.18686
52.56369,70.18686
50.588776,69.19943
49.403824,69.19943
47.8239,69.19943
46.638947,69.19943
45.848984,69.19943
44.664032,68.211945
43.87407,68.211945
42.689117,68.211945
41.899155,68.211945
40.714203,68.211945
39.52925,67.22452
38.344315,67.22452
37.159363,67.22452
35.97441,67.22452
35.18445,66.23703
33.999496,66.23703
33.604523,66.23703
32.814545,66.23703
32.024582,65.2496
32.024582,65.2496
31.629608,65.2496
31.629608,64.262115
31.23462,64.262115
31.629608,64.262115
31.629608,63.27469
32.024582,63.27469
32.024582,63.27469
32.024582,63.27469
32.41957,63.27469
32.024582,63.27469
32.024582,62.2872
32.024582,61.299774
32.024582,61.299774
31.629608,62.2872
31.23462,61.299774
30.83963,61.299774
30.444656,62.2872
30.444656,60.312286
30.049667,61.299774
29.654694,60.312286
29.654694,60.312286
29.259705,59.32486
28.864716,60.312286
28.864716,59.32486
28.469742,59.32486
28.469742,59.32486
28.074753,59.32486
28.469742,58.33737
28.074753,58.33737
27.67978,58.33737
27.67978,58.33737
27.28479,58.33737
27.28479,57.349945
27.67978,57.349945
27.67978,57.349945
27.67978,57.349945
27.67978,56.362457
27.67978,57.349945
28.074753,56.362457
27.67978,56.362457
28.074753,56.362457
28.074753,55.37503
28.074753,55.37503
28.469742,55.37503
28.074753,54.387543
28.469742,54.387543
28.074753,54.387543
28.074753,54.387543
28.469742,53.400116
28.469742,53.400116
28.469742,53.400116
28.864716,53.400116
28.469742,52.41263
28.864716,53.400116
28.864716,52.41263
28.864716,52.41263
28.864716,52.41263
28.864716,52.41263
28.864716,52.41263
28.864716,50.437714
28.864716,51.4252
28.864716,51.4252
28.469742,51.4252
28.864716,50.437714
28.864716,50.437714
28.864716,49.450287
29.259705,49.450287
29.259705,49.450287
28.864716,49.450287
29.259705,49.450287
29.259705,48.4628
29.259705,48.4628
28.864716,48.4628
29.259705,48.4628
29.259705,48.4628
29.259705,47.475372
29.259705,47.475372
28.864716,48.4628
29.259705,48.4628
29.259705,47.475372
29.259705,47.475372
29.259705,47.475372
29.654694,47.475372
29.259705,46.487885
29.654694,46.487885
29.259705,45.500458
29.654694,45.500458
29.259705,45.500458
29.259705,45.500458
29.654694,46.487885
29.654694,46.487885
29.259705,47.475372
29.654694,47.475372
29.654694,49.450287
29.654694,50.437714
29.654694,52.41263
30.049667,53.400116
30.049667,55.37503
30.049667,56.362457
30.049667,56.362457
30.049667,58.33737
29.654694,59.32486
30.049667,60.312286
30.049667,61.299774
30.049667,62.2872
30.444656,62.2872
30.444656,63.27469
30.444656,63.27469
30.049667,64.262115
30.444656,65.2496
30.444656,65.2496
30.83963,65.2496
30.444656,65.2496
30.83963,66.23703
30.83963,65.2496
30.83963,66.23703
30.444656,66.23703
30.83963,65.2496
30.83963,66.23703
30.444656,65.2496
30.444656,65.2496
30.83963,65.2496
30.83963,65.2496
30.83963,66.23703
30.83963,66.23703
31.23462,66.23703
31.23462,66.23703
31.23462,65.2496
31.629608,66.23703
31.629608,65.2496
31.629608,66.23703
31.629608,65.2496
32.024582,65.2496
32.814545,65.2496
33.209534,65.2496
34.394485,65.2496
35.97441,65.2496
37.949326,66.23703
39.92424,65.2496
42.689117,65.2496
46.243973,65.2496
49.798813,65.2496
53.353653,64.262115
56.90851,65.2496
60.46335,64.262115
64.01819,64.262115
65.598114,65.2496
67.17807,64.262115
68.757996,64.262115
68.757996,64.262115
67.57303,64.262115
66.78308,64.262115
65.598114,64.262115
63.22824,63.27469
61.648285,63.27469
59.27841,63.27469
56.90851,63.27469
54.933594,62.2872
52.56369,63.27469
51.37874,63.27469
49.798813,62.2872
49.00885,62.2872
47.8239,62.2872
46.638947,61.299774
45.05902,62.2872
43.87407,61.299774
43.084106,61.299774
41.504166,62.2872
40.31923,61.299774
39.52925,60.312286
38.344315,60.312286
37.554337,61.299774
36.764374,60.312286
36.3694,60.312286
36.3694,60.312286
35.579437,60.312286
35.579437,60.312286
35.579437,60.312286
35.97441,60.312286
35.579437,60.312286
35.579437,60.312286
35.579437,61.299774
35.579437,62.2872
35.97441,63.27469
35.579437,63.27469
35.97441,64.262115
35.579437,65.2496
35.18445,66.23703
35.18445,68.211945
34.78946,68.211945
34.394485,70.18686
33.999496,70.18686
33.999496,71.17435
33.209534,72.16177
33.209534,72.16177
32.41957,72.16177
32.41957,73.14926
32.024582,73.14926
32.024582,74.13669
31.629608,74.13669
31.629608,74.13669
31.23462,74.13669
30.83963,75.124176
30.83963,75.124176
30.83963,74.13669
30.444656,75.124176
30.444656,75.124176
30.049667,75.124176
30.049667,75.124176
29.654694,75.124176
30.049667,75.124176
30.049667,75.124176
30.049667,75.124176
30.049667,74.13669
30.049667,74.13669
29.654694,74.13669
30.049667,75.124176
30.049667,74.13669
30.444656,74.13669
30.444656,74.13669
30.444656,73.14926
30.83963,74.13669
30.83963,73.14926
31.629608,73.14926
32.024582,73.14926
32.814545,74.13669
34.394485,73.14926
35.97441,73.14926
37.949326,73.14926
39.92424,73.14926
43.084106,72.16177
45.848984,72.16177
49.00885,72.16177
51.37874,71.17435
53.748642,71.17435
56.11853,72.16177
57.303482,72.16177
58.093445,71.17435
59.27841,70.18686
59.27841,71.17435
58.093445,70.18686
56.90851,70.18686
56.11853,70.18686
54.538605,70.18686
53.353653,70.18686
51.37874,70.18686
50.193787,70.18686
49.00885,70.18686
47.42891,70.18686
46.638947,69.19943
45.848984,69.19943
44.664032,68.211945
43.87407,68.211945
42.689117,68.211945
41.504166,68.211945
40.714203,68.211945
39.134277,67.22452
38.344315,67.22452
37.159363,66.23703
35.97441,66.23703
35.18445,66.23703
34.394485,66.23703
33.999496,66.23703
33.209534,65.2496
33.209534,66.23703
32.814545,65.2496
32.814545,65.2496
32.814545,65.2496
32.814545,65.2496
33.209534,65.2496
33.209534,64.262115
33.604523,64.262115
33.604523,64.262115
33.209534,64.262115
33.209534,63.27469
32.814545,63.27469
32.814545,63.27469
32.41957,62.2872
32.024582,62.2872
31.629608,62.2872
31.23462,62.2872
31.23462,62.2872
30.444656,61.299774
30.444656,61.299774
30.049667,61.299774
29.654694,61.299774
29.259705,61.299774
28.864716,61.299774
28.864716,60.312286
28.864716,60.312286
28.469742,60.312286
28.469742,60.312286
28.469742,60.312286
28.469742,59.32486
28.469742,59.32486
28.469742,58.33737
28.074753,59.32486
28.469742,58.33737
28.469742,58.33737
28.469742,58.33737
28.469742,58.33737
28.469742,58.33737
28.469742,58.33737
28.864716,58.33737
28.864716,57.349945
28.864716,57.349945
28.864716,57.349945
28.864716,57.349945
28.469742,56.362457
28.469742,56.362457
28.864716,56.362457
28.864716,56.362457
28.864716,55.37503
28.469742,55.37503
28.469742,55.37503
28.864716,54.387543
28.864716,55.37503
28.864716,54.387543
28.864716,54.387543
29.259705,53.400116
28.864716,54.387543
28.864716,54.387543
29.259705,53.400116
29.259705,54.387543
29.259705,53.400116
29.259705,53.400116
28.864716,53.400116
28.864716,53.400116
28.864716,52.41263
29.259705,52.41263
29.259705,51.4252
29.654694,51.4252
30.049667,52.41263
30.049667,51.4252
29.654694,51.4252
30.444656,51.4252
30.444656,50.437714
30.444656,50.437714
30.83963,50.437714
30.444656,49.450287
30.83963,49.450287
30.444656,49.450287
30.444656,49.450287
30.049667,50.437714
30.049667,49.450287
30.049667,49.450287
30.049667,48.4628
29.654694,49.450287
29.654694,48.4628
29.259705,48.4628
29.259705,48.4628
29.259705,47.475372
28.864716,47.475372
29.259705,48.4628
29.259705,48.4628
29.654694,48.4628
29.259705,50.437714
29.654694,51.4252
29.259705,52.41263
29.654694,54.387543
29.654694,54.387543
30.049667,56.362457
29.654694,57.349945
30.049667,58.33737
30.049667,60.312286
30.049667,61.299774
30.444656,62.2872
30.444656,63.27469
30.049667,64.262115
30.444656,65.2496
30.444656,65.2496
30.444656,66.23703
30.444656,67.22452
30.444656,67.22452
30.444656,68.211945
30.83963,69.19943
30.83963,69.19943
30.83963,69.19943
30.444656,69.19943
30.444656,69.19943
30.83963,69.19943
30.83963,70.18686
30.444656,70.18686
30.83963,70.18686
30.83963,69.19943
31.23462,69.19943
31.23462,70.18686
31.23462,70.18686
31.629608,69.19943
31.629608,69.19943
31.629608,69.19943
31.629608,69.19943
31.629608,69.19943
31.629608,69.19943
32.024582,69.19943
31.629608,69.19943
32.024582,69.19943
32.814545,69.19943
33.209534,70.18686
33.999496,69.19943
35.579437,68.211945
37.159363,68.211945
38.73929,68.211945
42.294144,68.211945
45.453995,68.211945
48.61386,68.211945
52.56369,68.211945
56.11853,68.211945
60.46335,67.22452
63.22824,68.211945
65.203156,68.211945
67.57303,68.211945
69.152954,67.22452
69.152954,68.211945
68.757996,68.211945
68.36301,67.22452
66.78308,68.211945
64.80817,67.22452
62.833252,67.22452
60.858337,67.22452
58.883423,67.22452
56.90851,66.23703
55.328568,66.23703
53.748642,67.22452
52.95868,66.23703
51.37874,66.23703
50.588776,66.23703
49.403824,66.23703
48.218872,66.23703
47.033936,66.23703
45.848984,66.23703
44.26906,66.23703
43.084106,65.2496
41.504166,65.2496
39.92424,65.2496
38.344315,65.2496
37.159363,65.2496
35.97441,64.262115
34.78946,64.262115
33.209534,64.262115
32.024582,63.27469
31.23462,63.27469
30.049667,63.27469
28.864716,63.27469
27.28479,63.27469
26.494827,63.27469
24.914886,63.27469
23.72995,63.27469
22.544998,65.2496
21.360046,65.2496
20.175095,66.23703
19.385132,67.22452
18.20018,68.211945
18.20018,69.19943
17.805206,69.19943
17.805206,70.18686
18.20018,71.17435
18.990158,72.16177
19.78012,72.16177
20.570084,72.16177
21.755035,73.14926
22.939972,74.13669
24.124924,74.13669
25.309875,75.124176
26.099838,75.124176
27.67978,75.124176
28.074753,76.1116
28.864716,75.124176
29.654694,75.124176
30.049667,76.1116
30.83963,76.1116
30.83963,75.124176
31.23462,75.124176
32.024582,76.1116
32.024582,75.124176
32.814545,75.124176
32.814545,75.124176
33.209534,75.124176
33.209534,75.124176
33.604523,75.124176
33.209534,75.124176
33.209534,74.13669
33.209534,75.124176
32.814545,75.124176
32.024582,74.13669
32.024582,74.13669
31.629608,74.13669
31.629608,74.13669
31.23462,74.13669
31.629608,74.13669
32.024582,73.14926
32.814545,74.13669
33.999496,73.14926
36.3694,73.14926
38.73929,73.14926
41.504166,73.14926
43.87407,73.14926
46.243973,73.14926
49.403824,73.14926
51.37874,73.14926
53.748642,72.16177
55.723557,72.16177
57.69847,72.16177
57.303482,72.16177
57.69847,71.17435
57.69847,71.17435
56.51352,71.17435
55.328568,71.17435
54.143616,70.18686
52.56369,70.18686
51.37874,69.19943
49.798813,69.19943
48.218872,69.19943
47.033936,69.19943
45.848984,69.19943
45.05902,68.211945
43.87407,68.211945
43.084106,68.211945
41.899155,68.211945
41.10919,68.211945
39.52925,68.211945
38.344315,68.211945
37.554337,68.211945
36.764374,68.211945
35.579437,67.22452
34.78946,67.22452
33.999496,67.22452
33.209534,67.22452
32.41957,66.23703
32.024582,67.22452
32.024582,66.23703
32.024582,65.2496
32.024582,65.2496
32.024582,65.2496
32.024582,65.2496
32.024582,65.2496
32.024582,64.262115
32.41957,64.262115
32.814545,64.262115
32.41957,64.262115
32.024582,64.262115
32.024582,63.27469
31.629608,63.27469
31.23462,63.27469
30.83963,63.27469
30.83963,63.27469
30.444656,62.2872
30.049667,63.27469
30.049667,62.2872
30.049667,62.2872
30.049667,61.299774
29.654694,61.299774
29.259705,62.2872
29.259705,61.299774
29.654694,60.312286
29.259705,61.299774
29.259705,60.312286
28.864716,60.312286
28.864716,60.312286
29.259705,60.312286
29.259705,60.312286
29.259705,60.312286
28.864716,59.32486
29.259705,59.32486
29.259705,59.32486
28.864716,59.32486
29.259705,59.32486
29.259705,58.33737
29.259705,59.32486
28.864716,58.33737
29.259705,58.33737
28.864716,58.33737
28.864716,57.349945
29.259705,57.349945
29.259705,57.349945
29.259705,57.349945
29.259705,56.362457
29.259705,56.362457
29.259705,56.362457
29.259705,56.362457
29.259705,55.37503
29.654694,55.37503
29.654694,55.37503
30.049667,54.387543
30.049667,55.37503
30.444656,54.387543
30.049667,54.387543
30.444656,54.387543
30.444656,54.387543
30.444656,54.387543
30.444656,54.387543
30.444656,53.400116
30.444656,53.400116
30.049667,53.400116
30.049667,53.400116
29.654694,53.400116
29.654694,53.400116
29.654694,52.41263
29.654694,52.41263
29.259705,52.41263
29.259705,51.4252
29.259705,51.4252
29.654694,51.4252
29.259705,50.437714
29.654694,50.437714
29.654694,50.437714
29.654694,50.437714
29.654694,50.437714
29.654694,49.450287
29.654694,50.437714
29.259705,49.450287
29.654694,49.450287
29.259705,48.4628
29.654694,49.450287
29.654694,49.450287
29.654694,49.450287
30.049667,49.450287
30.049667,49.450287
30.049667,49.450287
29.654694,49.450287
30.049667,49.450287
30.049667,50.437714
30.049667,52.41263
30.049667,53.400116
30.049667,55.37503
29.654694,55.37503
30.049667,57.349945
30.049667,57.349945
30.049667,58.33737
30.049667,60.312286
30.444656,60.312286
30.049667,61.299774
30.444656,62.2872
30.444656,63.27469
30.444656,63.27469
30.83963,64.262115
30.83963,65.2496
30.83963,65.2496
30.444656,66.23703
30.444656,66.23703
30.83963,66.23703
31.23462,66.23703
31.23462,67.22452
31.23462,67.22452
30.83963,67.22452
31.23462,67.22452
31.23462,67.22452
31.23462,67.22452
31.23462,67.22452
30.83963,67.22452
30.83963,67.22452
30.83963,67.22452
31.23462,67.22452
31.23462,67.22452
31.23462,67.22452
30.83963,67.22452
30.83963,67.22452
30.83963,67.22452
30.83963,67.22452
31.23462,67.22452
31.629608,67.22452
31.629608,67.22452
32.024582,67.22452
32.814545,67.22452
33.999496,66.23703
34.78946,67.22452
37.159363,67.22452
39.134277,66.23703
41.504166,66.23703
44.664032,66.23703
48.218872,67.22452
52.1687,66.23703
55.723557,67.22452
59.27841,66.23703
62.043274,66.23703
65.203156,66.23703
66.78308,66.23703
67.57303,65.2496
68.36301,66.23703
67.96802,66.23703
66.78308,65.2496
65.203156,65.2496
64.01819,66.23703
61.648285,65.2496
59.67337,65.2496
57.303482,65.2496
55.723557,65.2496
54.143616,65.2496
52.56369,65.2496
50.983765,65.2496
49.798813,64.262115
48.61386,64.262115
47.42891,64.262115
46.243973,64.262115
45.453995,64.262115
44.26906,63.27469
42.689117,63.27469
41.504166,64.262115
39.92424,63.27469
39.134277,63.27469
38.344315,63.27469
37.159363,63.27469
36.3694,62.2872
36.3694,63.27469
35.97441,62.2872
35.579437,62.2872
35.579437,63.27469
35.97441,63.27469
35.579437,63.27469
35.579437,64.262115
35.579437,65.2496
35.579437,66.23703
35.579437,66.23703
35.97441,68.211945
35.579437,68.211945
35.579437,70.18686
35.579437,71.17435
35.18445,71.17435
35.18445,73.14926
34.78946,73.14926
34.394485,73.14926
33.999496,74.13669
33.604523,75.124176
33.209534,75.124176
33.209534,76.1116
32.814545,75.124176
32.41957,76.1116
32.024582,76.1116
31.629608,77.09909
31.629608,77.09909
31.629608,77.09909
31.23462,77.09909
31.23462,78.08652
30.83963,77.09909
30.83963,77.09909
30.444656,78.08652
30.444656,77.09909
30.444656,78.08652
30.444656,78.08652
30.444656,77.09909
30.444656,77.09909
30.444656,77.09909
30.444656,77.09909
30.049667,76.1116
30.049667,76.1116
30.049667,76.1116
30.444656,76.1116
30.049667,76.1116
30.444656,76.1116
30.444656,76.1116
31.23462,76.1116
31.629608,76.1116
32.024582,75.124176
33.999496,76.1116
35.18445,76.1116
36.764374,76.1116
39.52925,76.1116
41.899155,76.1116
45.05902,76.1116
48.218872,75.124176
50.983765,75.124176
53.353653,74.13669
55.723557,74.13669
56.90851,74.13669
58.093445,74.13669
59.27841,74.13669
58.883423,73.14926
58.093445,73.14926
57.69847,73.14926
56.51352,73.14926
55.328568,72.16177
53.748642,73.14926
52.56369,73.14926
51.37874,73.14926
49.798813,73.14926
48.61386,73.14926
47.8239,72.16177
46.638947,71.17435
45.848984,71.17435
44.664032,71.17435
43.87407,71.17435
42.689117,71.17435
41.899155,71.17435
40.31923,71.17435
39.134277,71.17435
37.949326,70.18686
36.764374,69.19943
35.97441,68.211945
35.18445,69.19943
33.999496,70.18686
33.604523,70.18686
33.209534,68.211945
32.814545,69.19943
32.814545,69.19943
32.41957,64.262115
32.814545,61.299774
32.814545,64.262115
32.814545,68.211945
32.814545,71.17435
32.814545,72.16177
33.209534,72.16177
33.209534,69.19943
33.209534,65.2496
32.814545,67.22452
32.814545,68.211945
32.814545,66.23703
32.41957,61.299774
32.024582,58.33737
31.629608,55.37503
31.629608,49.450287
31.23462,47.475372
30.83963,52.41263
30.83963,59.32486
30.444656,66.23703
30.444656,73.14926
30.444656,75.124176
30.444656,71.17435
30.049667,65.2496
30.049667,60.312286
30.444656,59.32486
30.444656,59.32486
30.83963,61.299774
31.23462,65.2496
31.23462,68.211945
31.23462,72.16177
31.629608,73.14926
31.23462,73.14926
31.23462,69.19943
31.629608,65.2496
31.23462,62.2872
31.23462,61.299774
31.23462,59.32486
31.23462,57.349945
30.83963,56.362457
30.444656,55.37503
30.444656,55.37503
30.049667,54.387543
29.654694,52.41263
29.654694,50.437714
29.654694,49.450287
29.259705,51.4252
29.259705,55.37503
29.259705,59.32486
29.259705,64.262115
29.259705,70.18686
29.259705,73.14926
29.259705,74.13669
29.259705,71.17435
29.259705,63.27469
28.864716,56.362457
29.259705,51.4252
28.864716,49.450287
28.864716,50.437714
29.259705,52.41263
28.864716,57.349945
29.259705,61.299774
29.259705,62.2872
29.259705,59.32486
29.259705,51.4252
28.864716,41.55063
28.864716,38.588226
28.864716,45.500458
28.864716,48.4628
28.469742,52.41263
28.469742,56.362457
28.469742,58.33737
28.074753,55.37503
28.469742,51.4252
28.074753,51.4252
28.074753,56.362457
28.074753,55.37503
27.67978,51.4252
28.074753,54.387543
28.074753,62.2872
28.074753,57.349945
27.67978,51.4252
28.074753,49.450287
28.074753,47.475372
28.469742,45.500458
28.469742,43.525543
28.469742,44.51297
28.469742,48.4628
28.469742,51.4252
28.864716,54.387543
28.864716,57.349945
28.864716,58.33737
29.259705,59.32486
29.654694,60.312286
29.654694,58.33737
30.049667,57.349945
30.049667,59.32486
30.049667,62.2872
30.444656,64.262115
30.444656,66.23703
30.444656,67.22452
30.444656,68.211945
30.049667,67.22452
30.049667,66.23703
30.444656,66.23703
30.444656,67.22452
30.444656,67.22452
30.049667,67.22452
30.444656,69.19943
30.444656,69.19943
30.444656,68.211945
30.444656,68.211945
30.444656,68.211945
30.83963,69.19943
30.444656,70.18686
30.444656,70.18686
30.444656,71.17435
30.83963,70.18686
30.83963,70.18686
30.444656,69.19943
30.444656,67.22452
30.83963,66.23703
30.444656,67.22452
30.83963,69.19943
30.444656,70.18686
30.83963,70.18686
30.83963,71.17435
30.83963,70.18686
31.23462,68.211945
32.024582,67.22452
32.814545,66.23703
33.604523,67.22452
35.97441,66.23703
38.344315,67.22452
40.714203,68.211945
43.87407,68.211945
47.42891,68.211945
51.773727,68.211945
55.723557,69.19943
59.27841,69.19943
62.438263,67.22452
65.598114,67.22452
67.57303,67.22452
68.36301,67.22452
69.94293,64.262115
69.54794,56.362457
68.36301,57.349945
67.17807,66.23703
65.9931,72.16177
64.01819,76.1116
61.648285,79.074005
59.67337,79.074005
58.093445,73.14926
56.51352,65.2496
54.538605,61.299774
53.353653,60.312286
51.773727,62.2872
50.588776,64.262115
49.403824,66.23703
48.61386,67.22452
47.033936,69.19943
45.848984,67.22452
44.26906,64.262115
43.084106,64.262115
41.504166,65.2496
39.92424,65.2496
38.73929,64.262115
37.949326,65.2496
36.764374,65.2496
36.764374,64.262115
35.97441,63.27469
35.97441,64.262115
35.579437,64.262115
35.579437,65.2496
35.18445,65.2496
35.18445,66.23703
35.579437,66.23703
35.579437,66.23703
35.579437,67.22452
35.579437,66.23703
35.579437,66.23703
35.579437,66.23703
35.18445,67.22452
34.78946,69.19943
34.394485,70.18686
34.394485,73.14926
34.394485,75.124176
34.394485,76.1116
33.999496,76.1116
33.999496,77.09909
33.604523,77.09909
33.604523,76.1116
33.209534,74.13669
33.209534,72.16177
32.814545,71.17435
32.41957,71.17435
32.024582,70.18686
31.629608,71.17435
31.23462,72.16177
30.83963,72.16177
30.83963,73.14926
30.049667,74.13669
30.049667,75.124176
30.049667,76.1116
29.654694,76.1116
29.654694,77.09909
29.259705,76.1116
29.259705,76.1116
29.259705,76.1116
29.259705,75.124176
29.259705,75.124176
29.259705,76.1116
29.654694,78.08652
29.654694,78.08652
30.444656,79.074005
30.444656,79.074005
30.83963,78.08652
31.23462,77.09909
32.024582,74.13669
33.209534,71.17435
34.394485,69.19943
35.579437,69.19943
37.554337,70.18686
39.92424,71.17435
41.899155,72.16177
44.664032,73.14926
47.033936,73.14926
49.798813,72.16177
52.1687,72.16177
54.143616,72.16177
55.328568,72.16177
56.90851,73.14926
56.90851,72.16177
56.90851,74.13669
56.51352,76.1116
55.723557,76.1116
54.538605,76.1116
53.353653,76.1116
52.1687,76.1116
50.588776,74.13669
49.403824,70.18686
48.218872,69.19943
47.033936,71.17435
46.243973,71.17435
45.453995,70.18686
44.664032,70.18686
43.47908,69.19943
42.294144,66.23703
41.504166,64.262115
40.31923,64.262115
39.52925,63.27469
38.344315,64.262115
37.159363,65.2496
35.97441,69.19943
34.78946,73.14926
34.394485,75.124176
33.604523,74.13669
32.814545,73.14926
32.024582,71.17435
32.024582,67.22452
31.629608,62.2872
31.23462,61.299774
31.629608,62.2872
31.629608,63.27469
31.629608,65.2496
32.024582,67.22452
31.629608,67.22452
32.024582,66.23703
32.024582,65.2496
31.629608,65.2496
31.23462,67.22452
31.23462,70.18686
30.83963,70.18686
30.83963,70.18686
30.444656,71.17435
30.444656,72.16177
30.049667,71.17435
30.049667,68.211945
30.049667,65.2496
29.654694,62.2872
29.259705,57.349945
28.864716,55.37503
28.864716,54.387543
28.864716,54.387543
28.864716,56.362457
28.864716,59.32486
28.469742,61.299774
28.469742,62.2872
28.469742,62.2872
28.074753,63.27469
28.469742,62.2872
28.469742,61.299774
28.469742,61.299774
28.074753,62.2872
28.074753,63.27469
28.074753,63.27469
27.67978,63.27469
28.074753,63.27469
27.67978,62.2872
28.074753,61.299774
28.074753,60.312286
27.67978,59.32486
27.67978,58.33737
28.074753,57.349945
27.67978,56.362457
27.67978,56.362457
28.074753,56.362457
28.074753,58.33737
28.074753,58.33737
28.469742,58.33737
28.469742,58.33737
28.864716,57.349945
28.864716,56.362457
28.864716,55.37503
28.469742,54.387543
28.469742,54.387543
28.864716,54.387543
28.864716,54.387543
29.259705,55.37503
29.259705,54.387543
29.654694,54.387543
29.654694,53.400116
30.049667,52.41263
30.049667,52.41263
30.049667,52.41263
30.444656,52.41263
30.444656,53.400116
30.444656,53.400116
30.444656,54.387543
30.049667,55.37503
30.049667,56.362457
30.049667,57.349945
29.654694,56.362457
29.654694,55.37503
29.654694,53.400116
29.654694,50.437714
29.259705,48.4628
29.259705,47.475372
29.259705,47.475372
29.654694,49.450287
29.259705,50.437714
29.259705,50.437714
29.654694,51.4252
29.654694,50.437714
29.654694,50.437714
29.654694,49.450287
30.049667,49.450287
30.049667,49.450287
30.049667,50.437714
30.444656,53.400116
30.444656,55.37503
30.83963,57.349945
30.83963,59.32486
30.444656,60.312286
30.444656,60.312286
30.83963,60.312286
30.83963,59.32486
30.83963,60.312286
30.83963,61.299774
30.83963,62.2872
30.83963,63.27469
31.23462,64.262115
31.23462,64.262115
31.23462,63.27469
31.629608,64.262115
31.23462,66.23703
31.629608,67.22452
31.629608,66.23703
31.629608,65.2496
31.629608,65.2496
32.024582,66.23703
31.629608,68.211945
32.024582,71.17435
32.024582,73.14926
32.024582,73.14926
32.024582,72.16177
32.024582,71.17435
32.024582,69.19943
32.41957,66.23703
32.024582,67.22452
32.024582,73.14926
32.024582,75.124176
31.629608,72.16177
31.23462,68.211945
31.629608,64.262115
31.629608,60.312286
31.23462,61.299774
31.23462,63.27469
31.23462,68.211945
32.024582,72.16177
32.024582,75.124176
32.41957,77.09909
33.604523,79.074005
35.18445,77.09909
36.764374,72.16177
39.134277,66.23703
42.294144,61.299774
45.848984,62.2872
48.61386,64.262115
52.95868,65.2496
56.51352,68.211945
60.46335,68.211945
63.22824,66.23703
64.80817,65.2496
67.17807,64.262115
68.36301,64.262115
67.57303,65.2496
67.17807,67.22452
67.17807,67.22452
65.203156,66.23703
62.833252,66.23703
61.253326,64.262115
59.27841,62.2872
57.303482,63.27469
55.328568,67.22452
53.748642,71.17435
52.56369,73.14926
51.37874,73.14926
49.798813,71.17435
48.218872,68.211945
47.033936,64.262115
45.848984,61.299774
44.664032,58.33737
43.47908,56.362457
41.899155,56.362457
41.10919,57.349945
39.92424,62.2872
38.73929,69.19943
37.949326,76.1116
37.554337,79.074005
36.764374,77.09909
36.3694,71.17435
35.97441,64.262115
35.97441,57.349945
35.97441,53.400116
36.3694,53.400116
36.3694,57.349945
36.764374,64.262115
36.764374,69.19943
36.764374,73.14926
36.764374,74.13669
36.764374,72.16177
36.764374,69.19943
36.3694,67.22452
35.97441,66.23703
35.579437,67.22452
35.18445,70.18686
34.78946,72.16177
34.394485,74.13669
34.394485,76.1116
33.604523,75.124176
32.814545,74.13669
32.814545,73.14926
32.41957,73.14926
32.41957,75.124176
32.024582,78.08652
32.024582,79.074005
31.629608,80.06143
32.024582,81.04892
32.024582,79.074005
31.629608,75.124176
31.23462,75.124176
31.23462,77.09909
31.23462,78.08652
31.23462,79.074005
30.83963,82.03635
30.83963,82.03635
30.83963,82.03635
30.83963,80.06143
30.83963,78.08652
30.83963,77.09909
30.444656,78.08652
30.444656,78.08652
30.444656,80.06143
30.444656,81.04892
30.444656,81.04892
30.049667,81.04892
30.049667,78.08652
29.654694,77.09909
29.654694,77.09909
29.654694,77.09909
29.654694,77.09909
30.444656,77.09909
30.83963,77.09909
31.629608,77.09909
32.814545,77.09909
34.394485,76.1116
36.3694,75.124176
38.344315,73.14926
41.504166,72.16177
44.26906,69.19943
47.033936,68.211945
49.798813,68.211945
52.1687,67.22452
54.538605,67.22452
56.11853,66.23703
56.51352,65.2496
57.303482,65.2496
57.303482,69.19943
56.11853,72.16177
54.933594,73.14926
53.353653,73.14926
52.1687,73.14926
50.983765,71.17435
49.798813,72.16177
48.218872,73.14926
47.42891,76.1116
46.243973,78.08652
45.453995,78.08652
44.664032,76.1116
43.87407,71.17435
43.084106,69.19943
42.294144,67.22452
41.10919,68.211945
40.31923,70.18686
39.52925,73.14926
38.344315,76.1116
37.159363,77.09909
35.97441,76.1116
35.18445,76.1116
34.78946,76.1116
33.999496,76.1116
33.604523,76.1116
32.814545,76.1116
32.024582,75.124176
32.024582,72.16177
32.41957,70.18686
32.41957,68.211945
32.41957,66.23703
32.814545,66.23703
32.814545,67.22452
32.814545,69.19943
32.814545,73.14926
32.814545,76.1116
32.41957,77.09909
32.41957,79.074005
32.024582,81.04892
32.024582,80.06143
32.024582,76.1116
31.629608,73.14926
31.23462,73.14926
31.23462,76.1116
30.83963,79.074005
30.83963,81.04892
30.444656,82.03635
30.049667,82.03635
30.049667,80.06143
30.049667,79.074005
29.654694,77.09909
29.654694,78.08652
29.654694,79.074005
29.654694,79.074005
29.259705,80.06143
28.864716,80.06143
28.864716,80.06143
28.864716,80.06143
28.469742,80.06143
28.469742,80.06143
28.469742,80.06143
28.074753,79.074005
28.074753,79.074005
28.074753,79.074005
27.67978,79.074005
27.67978,78.08652
27.67978,78.08652
27.67978,79.074005
27.67978,79.074005
28.074753,78.08652
28.469742,78.08652
29.259705,78.08652
30.049667,77.09909
31.23462,77.09909
32.814545,77.09909
34.78946,78.08652
37.159363,77.09909
39.134277,77.09909
41.899155,77.09909
45.05902,77.09909
47.8239,77.09909
49.798813,77.09909
51.37874,77.09909
53.353653,77.09909
54.143616,77.09909
53.748642,76.1116
53.748642,75.124176
53.353653,76.1116
52.56369,75.124176
51.37874,75.124176
49.798813,75.124176
48.61386,75.124176
47.033936,75.124176
46.243973,74.13669
45.05902,75.124176
44.26906,74.13669
43.47908,73.14926
42.294144,74.13669
41.899155,74.13669
41.10919,73.14926
40.31923,73.14926
39.134277,73.14926
38.344315,74.13669
37.554337,73.14926
36.3694,73.14926
35.579437,73.14926
34.78946,72.16177
33.604523,72.16177
33.209534,72.16177
32.814545,71.17435
32.41957,71.17435
32.024582,71.17435
32.024582,71.17435
31.629608,71.17435
32.024582,71.17435
32.024582,71.17435
32.41957,71.17435
32.41957,72.16177
32.814545,73.14926
32.814545,73.14926
32.814545,74.13669
32.814545,75.124176
32.41957,76.1116
32.41957,76.1116
32.024582,76.1116
31.629608,77.09909
31.23462,77.09909
30.83963,78.08652
30.83963,79.074005
30.444656,78.08652
30.444656,79.074005
29.654694,79.074005
29.654694,79.074005
28.864716,79.074005
28.864716,80.06143
28.864716,80.06143
28.864716,81.04892
28.469742,80.06143
28.469742,81.04892
28.469742,80.06143
28.469742,80.06143
28.074753,80.06143
28.074753,80.06143
27.67978,79.074005
28.074753,80.06143
28.074753,79.074005
28.469742,79.074005
28.074753,79.074005
28.469742,79.074005
28.469742,80.06143
28.074753,79.074005
28.469742,79.074005
28.469742,80.06143
28.864716,80.06143
28.864716,81.04892
28.864716,81.04892
29.259705,81.04892
29.654694,80.06143
30.444656,79.074005
31.23462,78.08652
32.41957,77.09909
34.394485,77.09909
35.579437,76.1116
37.554337,77.09909
40.714203,78.08652
42.294144,78.08652
45.848984,79.074005
48.218872,78.08652
50.193787,78.08652
52.1687,79.074005
53.353653,78.08652
53.748642,75.124176
53.748642,73.14926
54.143616,72.16177
52.95868,72.16177
51.773727,74.13669
50.588776,75.124176
49.403824,76.1116
48.218872,77.09909
47.42891,79.074005
46.243973,81.04892
45.05902,84.01126
43.87407,85.986176
43.084106,84.99875
42.294144,82.03635
41.504166,78.08652
40.714203,74.13669
39.92424,69.19943
38.73929,65.2496
37.949326,67.22452
37.159363,70.18686
35.97441,71.17435
35.18445,70.18686
34.394485,70.18686
33.604523,71.17435
32.814545,71.17435
32.41957,72.16177
32.024582,73.14926
32.41957,74.13669
32.024582,74.13669
32.024582,74.13669
32.41957,73.14926
32.41957,72.16177
32.814545,71.17435
32.41957,70.18686
32.41957,70.18686
32.41957,70.18686
32.814545,70.18686
32.024582,69.19943
32.024582,68.211945
31.629608,68.211945
31.629608,68.211945
31.23462,69.19943
31.23462,70.18686
30.83963,72.16177
30.444656,72.16177
30.049667,71.17435
29.654694,70.18686
29.654694,69.19943
29.259705,67.22452
28.864716,67.22452
28.864716,68.211945
28.864716,69.19943
28.864716,71.17435
28.469742,75.124176
28.469742,76.1116
28.469742,75.124176
28.074753,71.17435
28.074753,67.22452
28.074753,65.2496
28.074753,64.262115
28.074753,66.23703
28.074753,67.22452
28.074753,68.211945
28.074753,68.211945
28.074753,67.22452
28.074753,66.23703
28.074753,66.23703
28.074753,65.2496
27.67978,64.262115
28.074753,64.262115
28.074753,64.262115
27.67978,64.262115
28.074753,63.27469
28.074753,64.262115
28.074753,64.262115
28.074753,63.27469
28.074753,63.27469
28.469742,62.2872
28.864716,60.312286
28.864716,58.33737
28.864716,56.362457
28.864716,52.41263
29.259705,51.4252
28.864716,52.41263
29.259705,54.387543
28.864716,56.362457
29.259705,59.32486
28.864716,61.299774
28.864716,62.2872
29.259705,63.27469
29.259705,63.27469
28.864716,62.2872
28.864716,61.299774
28.864716,62.2872
28.864716,61.299774
28.469742,60.312286
28.864716,59.32486
28.469742,58.33737
28.864716,59.32486
28.469742,59.32486
28.864716,59.32486
28.864716,60.312286
28.864716,59.32486
28.864716,60.312286
28.469742,59.32486
28.864716,59.32486
28.864716,59.32486
28.864716,58.33737
28.864716,59.32486
29.259705,60.312286
29.259705,61.299774
29.259705,62.2872
28.864716,64.262115
29.259705,65.2496
29.259705,66.23703
29.259705,67.22452
29.259705,67.22452
29.654694,67.22452
29.654694,67.22452
30.049667,66.23703
29.654694,67.22452
30.049667,68.211945
30.049667,69.19943
29.654694,70.18686
30.049667,71.17435
30.049667,72.16177
29.654694,72.16177
29.654694,74.13669
29.654694,75.124176
30.049667,75.124176
30.049667,75.124176
30.049667,74.13669
30.049667,74.13669
30.444656,75.124176
30.444656,75.124176
30.444656,75.124176
30.444656,75.124176
30.83963,76.1116
30.83963,76.1116
30.83963,75.124176
31.23462,75.124176
30.83963,75.124176
30.83963,75.124176
30.83963,76.1116
31.23462,76.1116
30.83963,75.124176
31.23462,75.124176
30.83963,75.124176
30.83963,75.124176
30.83963,75.124176
31.23462,75.124176
32.024582,75.124176
32.024582,75.124176
33.604523,75.124176
34.78946,75.124176
36.3694,75.124176
38.73929,75.124176
41.504166,76.1116
44.664032,75.124176
47.42891,75.124176
50.588776,75.124176
53.748642,74.13669
56.51352,75.124176
58.488434,74.13669
59.67337,74.13669
61.253326,75.124176
61.253326,74.13669
60.46335,74.13669
59.67337,74.13669
58.883423,74.13669
56.90851,74.13669
55.328568,74.13669
53.748642,74.13669
52.1687,74.13669
51.37874,75.124176
49.403824,74.13669
48.61386,74.13669
47.42891,74.13669
46.638947,73.14926
45.453995,73.14926
44.664032,74.13669
43.87407,73.14926
43.084106,73.14926
42.294144,73.14926
41.504166,73.14926
39.92424,73.14926
39.52925,72.16177
38.73929,72.16177
37.949326,73.14926
37.159363,72.16177
37.159363,72.16177
36.764374,73.14926
36.764374,73.14926
36.3694,73.14926
36.764374,74.13669
36.764374,74.13669
36.764374,75.124176
36.764374,76.1116
36.764374,77.09909
36.764374,78.08652
36.764374,79.074005
36.764374,80.06143
36.3694,81.04892
35.97441,81.04892
35.97441,82.03635
35.579437,83.023834
35.18445,83.023834
34.78946,84.01126
34.394485,84.99875
33.999496,84.99875
33.604523,84.99875
33.209534,85.986176
32.814545,85.986176
32.41957,85.986176
32.41957,85.986176
32.024582,85.986176
32.024582,85.986176
31.629608,85.986176
31.629608,84.99875
31.629608,85.986176
31.23462,85.986176
31.23462,85.986176
30.83963,85.986176
31.23462,85.986176
31.23462,85.986176
30.83963,84.99875
30.83963,85.986176
31.23462,85.986176
30.83963,85.986176
31.23462,85.986176
30.83963,84.99875
30.83963,85.986176
31.23462,85.986176
31.23462,85.986176
31.629608,85.986176
32.024582,85.986176
32.814545,85.986176
33.999496,84.99875
35.18445,84.99875
35.97441,84.99875
38.73929,84.99875
40.714203,84.99875
43.084106,84.99875
45.453995,84.99875
47.8239,84.01126
49.798813,84.01126
51.773727,84.01126
52.56369,84.01126
53.353653,83.023834
54.538605,84.01126
54.143616,84.99875
53.353653,84.01126
52.95868,83.023834
52.1687,83.023834
50.983765,82.03635
49.798813,82.03635
48.61386,82.03635
47.8239,82.03635
47.033936,81.04892
46.243973,82.03635
45.453995,81.04892
44.664032,81.04892
44.26906,82.03635
43.084106,81.04892
42.294144,81.04892
41.504166,81.04892
40.714203,81.04892
39.52925,80.06143
38.73929,81.04892
37.949326,81.04892
37.159363,81.04892
36.764374,80.06143
35.97441,80.06143
35.579437,80.06143
35.18445,79.074005
34.78946,79.074005
34.394485,79.074005
34.78946,79.074005
34.78946,79.074005
34.394485,79.074005
34.394485,77.09909
34.78946,78.08652
34.78946,77.09909
34.394485,76.1116
34.394485,76.1116
33.999496,77.09909
33.604523,76.1116
33.209534,76.1116
32.814545,76.1116
32.41957,76.1116
32.024582,76.1116
31.629608,76.1116
31.629608,75.124176
31.23462,75.124176
30.83963,75.124176
30.83963,75.124176
30.444656,75.124176
30.444656,75.124176
30.444656,74.13669
30.444656,74.13669
30.049667,74.13669
30.049667,74.13669
29.259705,73.14926
29.259705,74.13669
29.259705,73.14926
29.259705,73.14926
28.864716,73.14926
28.864716,72.16177
29.259705,72.16177
28.864716,72.16177
29.259705,71.17435
29.259705,71.17435
28.864716,71.17435
29.259705,71.17435
29.259705,71.17435
29.259705,70.18686
29.259705,70.18686
28.864716,70.18686
28.864716,70.18686
28.864716,70.18686
28.469742,70.18686
28.469742,69.19943
28.469742,69.19943
28.469742,69.19943
28.074753,69.19943
28.469742,69.19943
28.864716,69.19943
28.469742,69.19943
28.469742,69.19943
28.469742,68.211945
28.864716,68.211945
28.864716,67.22452
29.259705,68.211945
29.259705,68.211945
28.864716,67.22452
29.259705,67.22452
29.259705,66.23703
29.259705,67.22452
28.864716,66.23703
29.259705,66.23703
28.864716,65.2496
28.469742,65.2496
28.469742,65.2496
28.864716,65.2496
28.864716,65.2496
28.864716,65.2496
28.469742,64.262115
28.469742,64.262115
28.864716,64.262115
28.864716,64.262115
28.864716,64.262115
28.864716,65.2496
28.469742,65.2496
28.864716,65.2496
28.864716,66.23703
29.259705,67.22452
29.259705,68.211945
29.259705,68.211945
28.864716,70.18686
29.259705,71.17435
29.259705,72.16177
29.259705,72.16177
29.654694,73.14926
29.654694,74.13669
29.654694,75.124176
30.049667,76.1116
29.654694,76.1116
29.654694,76.1116
30.049667,77.09909
30.049667,77.09909
29.654694,78.08652
29.654694,78.08652
30.049667,79.074005
29.654694,79.074005
30.049667,79.074005
30.049667,79.074005
29.654694,79.074005
29.654694,79.074005
29.654694,79.074005
29.259705,79.074005
29.654694,79.074005
29.654694,79.074005
30.049667,79.074005
30.049667,79.074005
30.049667,79.074005
30.444656,80.06143
30.049667,80.06143
30.444656,79.074005
30.444656,79.074005
30.83963,80.06143
30.83963,79.074005
31.23462,79.074005
31.629608,80.06143
31.629608,80.06143
32.41957,79.074005
32.814545,80.06143
33.999496,79.074005
35.579437,78.08652
36.764374,78.08652
38.73929,79.074005
41.504166,80.06143
44.664032,79.074005
47.8239,80.06143
50.588776,79.074005
53.748642,79.074005
56.51352,79.074005
58.883423,79.074005
60.06836,79.074005
61.648285,79.074005
62.438263,79.074005
62.043274,79.074005
61.648285,78.08652
60.858337,79.074005
59.67337,78.08652
58.093445,78.08652
56.90851,77.09909
55.723557,78.08652
54.143616,78.08652
53.353653,78.08652
52.1687,78.08652
50.983765,77.09909
49.798813,77.09909
48.61386,77.09909
47.8239,76.1116
46.638947,76.1116
45.453995,76.1116
44.664032,76.1116
43.084106,76.1116
41.899155,77.09909
41.10919,77.09909
39.92424,77.09909
39.134277,77.09909
37.949326,78.08652
37.949326,78.08652
37.949326,78.08652
37.159363,79.074005
37.159363,80.06143
37.159363,80.06143
37.159363,81.04892
37.159363,83.023834
37.159363,83.023834
37.554337,84.99875
37.159363,84.99875
37.159363,84.99875
36.764374,85.986176
36.764374,85.986176
36.3694,85.986176
36.3694,85.986176
35.97441,85.986176
35.579437,86.97366
35.18445,87.96109
34.78946,87.96109
34.78946,87.96109
33.999496,87.96109
33.999496,87.96109
33.604523,87.96109
33.209534,86.97366
32.814545,86.97366
32.814545,87.96109
32.41957,87.96109
32.41957,87.96109
32.024582,88.94858
32.024582,87.96109
31.629608,87.96109
31.629608,87.96109
31.629608,86.97366
31.23462,86.97366
31.23462,86.97366
31.23462,86.97366
30.83963,86.97366
31.23462,86.97366
30.83963,87.96109
30.83963,87.96109
31.629608,87.96109
32.024582,87.96109
32.41957,87.96109
33.604523,87.96109
34.78946,87.96109
35.97441,87.96109
37.554337,86.97366
40.31923,86.97366
42.689117,86.97366
44.664032,86.97366
47.42891,85.986176
49.798813,85.986176
52.1687,85.986176
53.748642,85.986176
54.933594,85.986176
55.723557,85.986176
56.51352,84.99875
56.11853,85.986176
55.723557,84.99875
54.538605,85.986176
53.748642,85.986176
52.1687,85.986176
50.588776,84.99875
49.798813,84.99875
48.61386,84.99875
47.033936,84.01126
45.848984,84.01126
45.05902,84.01126
44.26906,84.01126
43.084106,84.01126
42.294144,84.01126
41.10919,84.01126
40.31923,83.023834
39.134277,84.01126
37.949326,84.01126
36.764374,84.01126
35.97441,84.01126
35.579437,84.01126
35.18445,84.99875
34.78946,85.986176
34.78946,86.97366
34.394485,86.97366
34.78946,87.96109
34.78946,87.96109
34.78946,88.94858
34.78946,88.94858
34.78946,89.936005
35.18445,90.92349
34.78946,90.92349
34.78946,91.91092
34.78946,91.91092
34.394485,91.91092
33.999496,91.91092
33.604523,91.91092
32.814545,91.91092
32.814545,91.91092
32.41957,91.91092
32.024582,92.89841
31.629608,91.91092
30.83963,92.89841
30.83963,92.89841
30.444656,91.91092
30.444656,92.89841
30.049667,92.89841
30.049667,91.91092
29.654694,91.91092
29.654694,91.91092
29.259705,91.91092
29.259705,91.91092
29.259705,91.91092
28.864716,91.91092
28.864716,91.91092
28.864716,91.91092
28.864716,90.92349
29.259705,91.91092
29.259705,90.92349
29.654694,91.91092
30.444656,90.92349
31.23462,90.92349
32.024582,91.91092
33.999496,91.91092
35.579437,91.91092
37.554337,91.91092
39.52925,90.92349
42.689117,90.92349
45.453995,90.92349
48.61386,90.92349
50.588776,89.936005
52.56369,90.92349
54.933594,89.936005
55.328568,89.936005
55.328568,88.94858
55.723557,88.94858
55.328568,88.94858
54.538605,88.94858
53.748642,88.94858
52.56369,88.94858
51.37874,88.94858
50.193787,88.94858
49.00885,88.94858
47.8239,87.96109
46.638947,87.96109
45.848984,87.96109
44.664032,86.97366
43.87407,87.96109
42.689117,87.96109
41.899155,87.96109
40.31923,87.96109
39.134277,87.96109
37.949326,87.96109
37.159363,87.96109
35.97441,88.94858
35.18445,88.94858
34.394485,88.94858
33.604523,89.936005
33.209534,90.92349
32.41957,91.91092
32.41957,91.91092
32.41957,92.89841
32.41957,92.89841
32.814545,93.88583
32.814545,93.88583
32.814545,94.87332
32.814545,94.87332
32.814545,93.88583
33.209534,94.87332
32.814545,94.87332
32.41957,95.86075
32.024582,94.87332
31.23462,95.86075
30.83963,95.86075
30.444656,95.86075
30.444656,96.848236
29.654694,96.848236
29.259705,96.848236
28.864716,96.848236
28.864716,96.848236
28.469742,96.848236
28.074753,95.86075
28.074753,96.848236
27.67978,95.86075
27.67978,95.86075
27.28479,95.86075
27.28479,95.86075
27.67978,95.86075
27.28479,95.86075
26.889801,95.86075
27.28479,94.87332
27.28479,94.87332
27.67978,95.86075
28.074753,94.87332
28.469742,94.87332
29.259705,94.87332
30.444656,94.87332
32.024582,94.87332
33.999496,93.88583
35.18445,94.87332
38.73929,93.88583
41.504166,94.87332
44.26906,93.88583
47.42891,93.88583
49.798813,93.88583
52.95868,93.88583
54.933594,93.88583
55.723557,93.88583
56.90851,93.88583
57.303482,93.88583
56.90851,93.88583
56.51352,92.89841
55.723557,92.89841
54.143616,92.89841
53.353653,92.89841
52.1687,91.91092
50.588776,92.89841
49.403824,91.91092
48.61386,91.91092
47.42891,91.91092
46.243973,91.91092
45.453995,90.92349
44.26906,90.92349
43.084106,90.92349
41.504166,89.936005
40.31923,89.936005
39.134277,89.936005
37.949326,89.936005
36.764374,90.92349
35.579437,89.936005
34.78946,90.92349
33.604523,90.92349
32.814545,91.91092
32.41957,91.91092
32.024582,92.89841
32.024582,93.88583
32.41957,93.88583
32.41957,93.88583
32.41957,94.87332
32.814545,95.86075
32.41957,96.848236
32.814545,96.848236
32.814545,96.848236
32.41957,96.848236
31.629608,97.83566
31.23462,97.83566
30.444656,97.83566
30.444656,98.82315
29.654694,98.82315
29.259705,99.81058
28.864716,98.82315
28.074753,99.81058
27.67978,98.82315
27.67978,98.82315
27.28479,98.82315
26.889801,99.81058
26.889801,99.81058
26.889801,98.82315
26.889801,98.82315
26.889801,98.82315
26.889801,98.82315
26.889801,98.82315
26.889801,98.82315
26.889801,98.82315
26.889801,98.82315
26.889801,98.82315
26.889801,98.82315
26.494827,98.82315
26.889801,98.82315
26.889801,98.82315
27.28479,98.82315
27.67978,98.82315
28.074753,97.83566
29.654694,97.83566
30.83963,97.83566
32.41957,97.83566
34.394485,96.848236
37.159363,97.83566
39.92424,96.848236
42.689117,97.83566
46.243973,96.848236
49.798813,96.848236
53.353653,96.848236
55.328568,96.848236
57.303482,96.848236
58.883423,95.86075
59.67337,95.86075
59.27841,95.86075
58.883423,95.86075
58.488434,95.86075
57.303482,94.87332
55.723557,95.86075
54.143616,95.86075
52.95868,94.87332
51.37874,94.87332
50.193787,93.88583
49.00885,94.87332
47.8239,94.87332
46.638947,93.88583
45.453995,93.88583
44.26906,93.88583
43.084106,93.88583
41.504166,93.88583
40.31923,93.88583
38.73929,92.89841
37.159363,93.88583
35.97441,93.88583
34.78946,92.89841
33.999496,93.88583
32.814545,94.87332
32.814545,94.87332
32.024582,95.86075
32.024582,95.86075
32.024582,96.848236
32.024582,96.848236
32.024582,96.848236
32.41957,97.83566
32.024582,97.83566
32.41957,97.83566
32.024582,98.82315
31.629608,99.81058
31.23462,99.81058
30.83963,98.82315
30.049667,99.81058
29.654694,99.81058
29.259705,99.81058
28.469742,99.81058
28.074753,99.81058
27.28479,99.81058
26.889801,99.81058
26.494827,99.81058
26.494827,100.798065
26.099838,100.798065
25.704865,99.81058
25.704865,99.81058
25.704865,99.81058
25.704865,99.81058
25.704865,99.81058
25.704865,99.81058
25.704865,99.81058
25.704865,99.81058
25.309875,99.81058
25.309875,99.81058
25.309875,98.82315
25.309875,99.81058
25.704865,98.82315
25.704865,98.82315
26.494827,98.82315
26.889801,98.82315
27.67978,98.82315
30.049667,98.82315
31.629608,97.83566
33.604523,98.82315
36.764374,97.83566
39.92424,97.83566
43.084106,97.83566
46.243973,97.83566
49.403824,97.83566
52.56369,96.848236
55.723557,96.848236
56.51352,96.848236
57.69847,96.848236
59.27841,96.848236
58.883423,96.848236
58.093445,96.848236
57.69847,95.86075
56.51352,95.86075
54.933594,95.86075
53.353653,95.86075
52.1687,94.87332
50.588776,95.86075
49.00885,94.87332
47.8239,94.87332
46.243973,94.87332
45.05902,94.87332
43.87407,93.88583
42.689117,93.88583
41.10919,92.89841
39.134277,94.87332
37.554337,94.87332
36.3694,94.87332
34.78946,94.87332
33.604523,94.87332
32.41957,94.87332
32.024582,94.87332
31.23462,94.87332
30.83963,95.86075
30.83963,95.86075
30.83963,96.848236
30.83963,96.848236
30.83963,96.848236
31.23462,96.848236
31.23462,97.83566
31.23462,98.82315
31.23462,98.82315
31.23462,98.82315
30.83963,99.81058
30.444656,98.82315
29.259705,99.81058
29.259705,99.81058
28.469742,99.81058
27.67978,99.81058
26.889801,99.81058
26.494827,99.81058
26.099838,99.81058
25.704865,99.81058
25.309875,99.81058
25.704865,99.81058
25.309875,99.81058
25.309875,99.81058
25.309875,99.81058
25.309875,98.82315
24.914886,99.81058
24.914886,98.82315
24.519913,98.82315
24.519913,97.83566
24.519913,98.82315
24.124924,98.82315
24.519913,98.82315
24.519913,98.82315
24.914886,97.83566
24.914886,98.82315
25.309875,97.83566
26.494827,97.83566
27.28479,97.83566
28.864716,97.83566
30.83963,97.83566
33.209534,97.83566
35.579437,97.83566
38.344315,98.82315
41.899155,97.83566
45.453995,96.848236
49.00885,96.848236
51.773727,96.848236
54.143616,96.848236
56.90851,95.86075
58.488434,95.86075
58.883423,95.86075
58.883423,95.86075
58.883423,95.86075
57.69847,95.86075
56.11853,94.87332
54.933594,94.87332
53.353653,94.87332
51.773727,95.86075
50.193787,95.86075
48.61386,94.87332
46.638947,94.87332
45.05902,94.87332
43.87407,94.87332
42.294144,94.87332
40.31923,93.88583
38.73929,94.87332
37.159363,94.87332
35.97441,93.88583
34.78946,93.88583
33.209534,93.88583
32.41957,93.88583
31.23462,94.87332
30.83963,94.87332
30.444656,95.86075
30.444656,95.86075
30.049667,95.86075
30.444656,96.848236
30.444656,96.848236
30.83963,97.83566
30.83963,97.83566
30.83963,98.82315
30.83963,98.82315
30.83963,98.82315
30.444656,98.82315
30.049667,99.81058
29.259705,99.81058
28.864716,99.81058
28.469742,99.81058
28.074753,99.81058
27.28479,99.81058
26.889801,99.81058
26.494827,99.81058
25.704865,99.81058
25.704865,99.81058
25.309875,99.81058
24.914886,99.81058
24.914886,99.81058
24.914886,99.81058
24.914886,99.81058
24.914886,99.81058
24.519913,98.82315
24.519913,98.82315
24.519913,98.82315
24.519913,98.82315
24.519913,98.82315
24.519913,98.82315
24.519913,98.82315
24.914886,98.82315
24.914886,98.82315
25.704865,98.82315
26.889801,98.82315
28.074753,97.83566
29.259705,97.83566
31.629608,97.83566
33.999496,97.83566
36.3694,97.83566
39.92424,97.83566
43.084106,97.83566
47.033936,97.83566
50.588776,97.83566
53.353653,97.83566
56.11853,96.848236
58.488434,97.83566
59.67337,96.848236
60.06836,96.848236
60.858337,96.848236
60.06836,95.86075
58.488434,95.86075
57.69847,95.86075
55.723557,94.87332
54.538605,95.86075
52.95868,94.87332
50.983765,94.87332
49.403824,94.87332
47.8239,94.87332
46.638947,94.87332
44.664032,94.87332
43.47908,94.87332
41.504166,94.87332
39.92424,94.87332
38.344315,94.87332
36.764374,94.87332
35.18445,94.87332
33.999496,94.87332
32.41957,94.87332
31.23462,94.87332
30.83963,95.86075
30.444656,95.86075
30.049667,97.83566
30.049667,97.83566
30.444656,98.82315
30.444656,98.82315
30.83963,98.82315
30.83963,98.82315
30.444656,99.81058
30.83963,99.81058
30.444656,99.81058
30.444656,100.798065
29.654694,100.798065
29.259705,100.798065
28.469742,100.798065
27.67978,100.798065
27.28479,100.798065
26.889801,100.798065
26.494827,100.798065
26.099838,100.798065
25.309875,99.81058
24.914886,99.81058
24.519913,99.81058
24.124924,98.82315
24.519913,99.81058
24.124924,100.798065
24.124924,99.81058
24.124924,100.798065
23.72995,99.81058
23.72995,100.798065
23.72995,100.798065
23.72995,99.81058
23.72995,99.81058
23.72995,100.798065
23.72995,99.81058
24.124924,100.798065
24.124924,99.81058
25.309875,98.82315
26.099838,98.82315
27.28479,98.82315
29.654694,98.82315
32.024582,98.82315
34.394485,98.82315
37.554337,98.82315
41.10919,98.82315
45.05902,98.82315
48.61386,98.82315
51.773727,97.83566
54.933594,97.83566
58.093445,97.83566
59.67337,97.83566
60.46335,97.83566
61.253326,96.848236
61.253326,96.848236
60.46335,96.848236
59.27841,95.86075
58.093445,95.86075
56.51352,95.86075
54.538605,95.86075
52.95868,95.86075
51.37874,94.87332
49.798813,94.87332
48.218872,94.87332
46.638947,94.87332
45.05902,93.88583
43.47908,93.88583
41.899155,90.92349
39.92424,85.986176
37.949326,84.01126
36.3694,85.986176
34.78946,87.96109
33.209534,91.91092
32.024582,97.83566
30.83963,101.78549
30.049667,103.76041
29.654694,104.747894
29.259705,103.76041
29.259705,103.76041
29.259705,102.77298
30.049667,102.77298
30.049667,101.78549
30.049667,102.77298
30.049667,102.77298
30.049667,102.77298
29.654694,100.798065
29.654694,100.798065
29.259705,98.82315
29.259705,98.82315
28.469742,98.82315
28.074753,98.82315
27.67978,99.81058
26.889801,100.798065
26.099838,101.78549
25.704865,101.78549
25.309875,101.78549
25.309875,102.77298
24.519913,102.77298
24.519913,102.77298
24.519913,103.76041
24.124924,103.76041
24.124924,103.76041
23.72995,102.77298
23.72995,102.77298
23.72995,101.78549
23.72995,100.798065
23.72995,99.81058
23.72995,98.82315
24.124924,98.82315
23.72995,98.82315
24.124924,98.82315
24.914886,99.81058
25.704865,100.798065
26.494827,101.78549
28.074753,100.798065
30.444656,99.81058
33.604523,99.81058
35.97441,98.82315
39.52925,98.82315
43.084106,99.81058
47.033936,99.81058
50.588776,99.81058
53.748642,99.81058
56.90851,99.81058
59.27841,98.82315
60.46335,98.82315
62.043274,97.83566
62.438263,97.83566
61.648285,96.848236
60.858337,96.848236
59.67337,96.848236
58.093445,96.848236
56.51352,96.848236
54.933594,96.848236
52.95868,96.848236
51.37874,96.848236
49.798813,95.86075
48.218872,95.86075
46.638947,95.86075
45.453995,95.86075
43.87407,95.86075
42.294144,95.86075
40.31923,96.848236
38.344315,95.86075
36.3694,96.848236
34.394485,96.848236
32.814545,95.86075
31.23462,96.848236
30.444656,96.848236
29.654694,96.848236
28.864716,97.83566
28.864716,97.83566
29.259705,98.82315
29.259705,98.82315
29.654694,99.81058
29.654694,99.81058
30.049667,100.798065
30.049667,100.798065
30.049667,101.78549
30.049667,101.78549
29.654694,102.77298
29.259705,102.77298
28.469742,102.77298
27.67978,102.77298
27.28479,102.77298
26.889801,102.77298
26.494827,103.76041
25.704865,103.76041
25.309875,103.76041
24.914886,102.77298
24.124924,101.78549
24.124924,101.78549
23.72995,101.78549
23.72995,101.78549
23.72995,101.78549
23.72995,101.78549
23.72995,102.77298
23.72995,102.77298
23.33496,102.77298
23.33496,102.77298
23.33496,102.77298
23.33496,102.77298
23.33496,101.78549
23.33496,102.77298
23.72995,101.78549
24.519913,101.78549
25.704865,101.78549
26.494827,101.78549
29.259705,99.81058
32.024582,100.798065
33.999496,99.81058
37.554337,100.798065
41.10919,99.81058
45.05902,99.81058
49.00885,99.81058
52.1687,99.81058
55.723557,99.81058
59.27841,99.81058
60.858337,98.82315
62.043274,99.81058
63.6232,98.82315
62.833252,98.82315
62.043274,98.82315
61.253326,97.83566
59.67337,97.83566
58.093445,98.82315
56.51352,97.83566
54.538605,97.83566
52.95868,97.83566
51.37874,96.848236
50.193787,96.848236
48.218872,95.86075
46.638947,95.86075
45.05902,95.86075
43.47908,95.86075
41.504166,95.86075
39.52925,95.86075
37.949326,96.848236
35.97441,95.86075
33.999496,95.86075
32.41957,95.86075
31.629608,95.86075
30.83963,97.83566
30.049667,97.83566
29.654694,97.83566
29.654694,97.83566
29.654694,98.82315
29.654694,98.82315
29.654694,99.81058
30.049667,99.81058
30.049667,99.81058
30.049667,100.798065
30.049667,100.798065
29.654694,100.798065
29.259705,101.78549
28.469742,101.78549
27.67978,101.78549
27.28479,101.78549
26.494827,101.78549
25.704865,101.78549
25.309875,101.78549
24.519913,101.78549
24.124924,101.78549
23.72995,100.798065
23.33496,100.798065
22.939972,101.78549
22.939972,101.78549
22.939972,102.77298
22.544998,102.77298
22.939972,101.78549
22.544998,100.798065
22.544998,99.81058
22.544998,99.81058
22.544998,98.82315
22.544998,99.81058
22.15001,99.81058
22.544998,99.81058
22.544998,99.81058
23.33496,100.798065
23.72995,100.798065
23.72995,99.81058
25.704865,99.81058
27.28479,99.81058
29.259705,99.81058
32.024582,99.81058
35.18445,98.82315
38.73929,98.82315
42.294144,99.81058
46.243973,98.82315
50.193787,98.82315
54.143616,98.82315
56.90851,98.82315
58.883423,98.82315
60.858337,97.83566
62.043274,97.83566
61.648285,97.83566
61.253326,97.83566
61.253326,97.83566
59.67337,97.83566
58.093445,96.848236
56.90851,96.848236
54.933594,96.848236
53.353653,95.86075
51.773727,96.848236
49.798813,95.86075
48.61386,95.86075
47.033936,95.86075
45.453995,95.86075
43.084106,95.86075
41.504166,95.86075
39.92424,94.87332
37.554337,94.87332
35.97441,94.87332
33.999496,94.87332
32.41957,94.87332
31.23462,94.87332
29.654694,94.87332
28.864716,95.86075
28.469742,95.86075
28.469742,96.848236
28.469742,96.848236
28.864716,96.848236
28.864716,96.848236
29.259705,96.848236
29.654694,97.83566
29.654694,97.83566
29.654694,97.83566
29.259705,97.83566
28.864716,98.82315
28.074753,98.82315
27.67978,98.82315
26.889801,98.82315
26.099838,98.82315
25.704865,98.82315
24.914886,98.82315
24.519913,97.83566
23.72995,97.83566
23.33496,98.82315
22.939972,97.83566
22.939972,97.83566
22.544998,98.82315
22.544998,98.82315
22.544998,98.82315
22.544998,98.82315
22.544998,98.82315
22.544998,97.83566
22.939972,97.83566
22.939972,98.82315
22.544998,97.83566
22.544998,97.83566
22.544998,97.83566
22.544998,97.83566
22.939972,97.83566
22.939972,97.83566
22.939972,97.83566
24.124924,97.83566
24.914886,97.83566
26.099838,97.83566
28.074753,96.848236
30.83963,96.848236
32.814545,96.848236
35.97441,96.848236
39.92424,96.848236
42.294144,95.86075
46.243973,95.86075
49.798813,95.86075
54.143616,95.86075
56.90851,95.86075
58.488434,95.86075
60.06836,95.86075
61.253326,95.86075
61.253326,94.87332
60.46335,94.87332
59.67337,94.87332
58.488434,93.88583
56.51352,94.87332
54.538605,94.87332
52.56369,93.88583
50.983765,93.88583
49.00885,92.89841
47.42891,92.89841
45.453995,92.89841
43.47908,92.89841
41.899155,92.89841
39.92424,92.89841
38.344315,92.89841
36.3694,92.89841
34.394485,92.89841
33.209534,91.91092
32.024582,92.89841
30.444656,92.89841
29.654694,93.88583
29.259705,92.89841
28.864716,93.88583
28.864716,93.88583
29.259705,93.88583
29.654694,94.87332
29.654694,95.86075
30.049667,95.86075
30.049667,95.86075
30.049667,95.86075
30.049667,95.86075
29.654694,95.86075
29.259705,96.848236
28.864716,96.848236
28.074753,96.848236
27.67978,96.848236
26.889801,96.848236
26.494827,96.848236
25.704865,96.848236
24.914886,96.848236
24.519913,95.86075
24.124924,96.848236
23.72995,96.848236
23.72995,96.848236
23.33496,96.848236
23.33496,96.848236
23.33496,96.848236
22.939972,96.848236
22.939972,96.848236
22.939972,96.848236
22.939972,95.86075
22.939972,95.86075
22.939972,96.848236
22.939972,96.848236
22.939972,96.848236
22.939972,96.848236
22.939972,95.86075
23.33496,95.86075
24.124924,96.848236
24.519913,95.86075
26.099838,95.86075
27.67978,95.86075
29.259705,95.86075
32.024582,95.86075
34.78946,95.86075
38.344315,95.86075
41.899155,95.86075
45.453995,94.87332
49.798813,94.87332
53.353653,94.87332
56.11853,94.87332
58.883423,94.87332
61.253326,93.88583
62.438263,93.88583
62.833252,93.88583
62.438263,93.88583
62.438263,93.88583
60.858337,93.88583
59.27841,93.88583
57.69847,93.88583
55.723557,92.89841
53.748642,92.89841
51.773727,92.89841
49.798813,91.91092
48.218872,91.91092
46.243973,91.91092
44.664032,91.91092
42.689117,91.91092
40.714203,91.91092
39.134277,91.91092
37.159363,91.91092
35.579437,91.91092
33.604523,91.91092
32.41957,91.91092
31.23462,91.91092
30.444656,92.89841
29.654694,92.89841
29.654694,92.89841
29.654694,93.88583
29.654694,93.88583
29.654694,93.88583
30.049667,94.87332
30.444656,94.87332
30.444656,94.87332
30.83963,95.86075
30.444656,95.86075
30.444656,96.848236
29.654694,95.86075
28.864716,95.86075
28.469742,95.86075
28.074753,95.86075
27.28479,96.848236
26.889801,96.848236
26.099838,96.848236
25.704865,96.848236
25.309875,96.848236
24.519913,96.848236
24.124924,96.848236
23.72995,96.848236
23.33496,96.848236
23.33496,95.86075
23.33496,96.848236
23.33496,95.86075
23.33496,96.848236
22.939972,95.86075
22.939972,95.86075
22.939972,96.848236
22.939972,95.86075
22.939972,95.86075
22.939972,95.86075
22.939972,95.86075
23.33496,95.86075
23.33496,95.86075
24.124924,95.86075
24.914886,95.86075
26.099838,94.87332
27.28479,95.86075
30.049667,95.86075
32.41957,94.87332
35.18445,94.87332
38.73929,94.87332
42.689117,94.87332
46.638947,94.87332
50.983765,94.87332
54.143616,93.88583
57.69847,93.88583
60.858337,94.87332
62.043274,93.88583
63.22824,93.88583
64.41318,93.88583
64.01819,92.89841
62.438263,93.88583
61.648285,92.89841
60.06836,92.89841
58.488434,92.89841
56.11853,92.89841
54.538605,91.91092
52.56369,92.89841
50.588776,91.91092
49.403824,91.91092
47.42891,91.91092
45.453995,90.92349
43.47908,90.92349
41.899155,91.91092
39.92424,90.92349
37.554337,91.91092
35.97441,91.91092
34.394485,90.92349
32.814545,91.91092
31.629608,91.91092
30.83963,91.91092
30.444656,92.89841
29.654694,92.89841
29.654694,92.89841
30.049667,93.88583
30.049667,93.88583
30.444656,93.88583
30.444656,93.88583
30.444656,94.87332
30.444656,95.86075
30.444656,95.86075
30.049667,96.848236
29.654694,95.86075
29.259705,96.848236
28.469742,96.848236
28.074753,95.86075
27.28479,97.83566
26.494827,96.848236
25.704865,96.848236
25.309875,96.848236
24.519913,96.848236
24.124924,96.848236
24.124924,96.848236
23.33496,96.848236
23.33496,96.848236
23.33496,96.848236
22.939972,96.848236
22.939972,96.848236
22.939972,95.86075
22.939972,96.848236
22.939972,96.848236
22.939972,95.86075
22.939972,95.86075
22.939972,96.848236
22.939972,95.86075
22.939972,96.848236
22.939972,95.86075
23.33496,95.86075
24.124924,95.86075
24.914886,95.86075
26.099838,95.86075
27.67978,95.86075
29.259705,94.87332
31.629608,95.86075
35.18445,94.87332
38.73929,95.86075
41.899155,94.87332
45.848984,94.87332
49.798813,94.87332
53.748642,94.87332
56.90851,94.87332
59.27841,94.87332
61.648285,93.88583
63.22824,94.87332
63.22824,94.87332
63.22824,93.88583
62.833252,92.89841
61.253326,93.88583
59.67337,92.89841
58.093445,92.89841
56.11853,92.89841
54.538605,92.89841
52.95868,92.89841
50.983765,92.89841
49.403824,91.91092
48.218872,91.91092
46.638947,92.89841
45.05902,91.91092
43.084106,91.91092
41.504166,91.91092
39.52925,91.91092
37.554337,91.91092
35.97441,91.91092
33.999496,91.91092
32.814545,91.91092
31.629608,91.91092
30.444656,91.91092
30.049667,92.89841
29.654694,92.89841
29.654694,93.88583
29.654694,93.88583
30.049667,94.87332
30.444656,94.87332
30.444656,94.87332
30.83963,94.87332
30.83963,95.86075
30.444656,95.86075
30.444656,95.86075
29.259705,96.848236
28.864716,96.848236
28.469742,96.848236
27.28479,97.83566
26.889801,96.848236
26.099838,97.83566
25.704865,97.83566
24.914886,97.83566
24.519913,98.82315
24.519913,97.83566
24.124924,97.83566
23.72995,97.83566
23.72995,97.83566
23.33496,96.848236
23.33496,96.848236
23.33496,97.83566
23.33496,97.83566
23.33496,97.83566
23.33496,96.848236
23.33496,96.848236
23.33496,96.848236
23.33496,96.848236
23.33496,96.848236
23.33496,96.848236
23.72995,96.848236
24.124924,96.848236
24.914886,96.848236
25.704865,96.848236
26.889801,96.848236
28.864716,95.86075
31.23462,95.86075
33.209534,95.86075
37.159363,95.86075
40.714203,95.86075
44.664032,95.86075
48.61386,95.86075
52.1687,95.86075
56.11853,95.86075
59.67337,94.87332
61.253326,94.87332
62.833252,94.87332
64.41318,94.87332
64.41318,94.87332
63.6232,94.87332
62.833252,94.87332
61.648285,94.87332
60.06836,93.88583
58.093445,93.88583
56.51352,93.88583
54.933594,92.89841
53.748642,93.88583
52.1687,93.88583
50.588776,92.89841
48.61386,92.89841
47.033936,92.89841
45.453995,91.91092
43.47908,92.89841
41.504166,91.91092
39.52925,91.91092
37.554337,91.91092
35.579437,92.89841
33.999496,91.91092
32.41957,91.91092
31.629608,92.89841
30.049667,92.89841
29.259705,92.89841
29.259705,92.89841
29.259705,92.89841
28.864716,93.88583
29.654694,94.87332
29.654694,94.87332
30.049667,94.87332
30.444656,94.87332
30.049667,95.86075
30.049667,94.87332
29.654694,95.86075
29.259705,95.86075
28.469742,95.86075
27.67978,95.86075
27.28479,95.86075
26.099838,96.848236
25.704865,96.848236
24.914886,96.848236
24.519913,96.848236
24.124924,96.848236
23.72995,95.86075
23.33496,95.86075
22.939972,96.848236
22.544998,96.848236
22.939972,95.86075
22.939972,95.86075
22.544998,96.848236
22.544998,96.848236
22.544998,95.86075
22.544998,96.848236
22.544998,96.848236
22.544998,96.848236
22.544998,96.848236
22.544998,95.86075
22.544998,96.848236
22.939972,95.86075
22.939972,95.86075
23.33496,95.86075
24.124924,95.86075
24.519913,95.86075
25.704865,95.86075
27.67978,94.87332
29.654694,95.86075
32.024582,95.86075
35.579437,94.87332
39.52925,94.87332
42.689117,94.87332
47.033936,94.87332
50.983765,94.87332
54.933594,94.87332
58.093445,94.87332
60.06836,94.87332
62.043274,94.87332
63.6232,94.87332
63.6232,93.88583
62.833252,93.88583
62.438263,93.88583
61.253326,93.88583
59.27841,92.89841
57.69847,92.89841
55.723557,92.89841
54.143616,92.89841
52.1687,92.89841
50.588776,92.89841
49.00885,91.91092
47.42891,91.91092
46.243973,91.91092
44.26906,90.92349
42.294144,90.92349
40.31923,90.92349
38.73929,90.92349
36.764374,90.92349
34.78946,90.92349
32.814545,90.92349
31.629608,90.92349
30.83963,90.92349
29.259705,90.92349
28.864716,90.92349
28.469742,90.92349
28.469742,91.91092
28.864716,91.91092
29.259705,91.91092
29.654694,91.91092
30.049667,91.91092
30.049667,91.91092
29.654694,92.89841
30.049667,92.89841
29.259705,92.89841
28.864716,92.89841
28.074753,92.89841
27.28479,93.88583
26.494827,93.88583
26.099838,93.88583
25.309875,93.88583
24.519913,93.88583
24.124924,93.88583
23.33496,94.87332
23.33496,93.88583
22.939972,93.88583
22.544998,93.88583
22.544998,93.88583
22.15001,93.88583
22.15001,93.88583
22.15001,93.88583
22.15001,93.88583
22.15001,93.88583
22.544998,92.89841
22.544998,92.89841
22.544998,92.89841
22.544998,92.89841
22.544998,92.89841
22.544998,92.89841
22.544998,93.88583
22.544998,92.89841
22.939972,92.89841
22.939972,92.89841
23.33496,92.89841
24.124924,92.89841
25.704865,93.88583
26.494827,92.89841
28.864716,91.91092
31.629608,92.89841
34.78946,91.91092
37.949326,92.89841
41.899155,91.91092
45.848984,91.91092
49.403824,91.91092
52.95868,91.91092
55.723557,91.91092
58.883423,91.91092
60.858337,91.91092
61.253326,90.92349
61.648285,90.92349
61.648285,90.92349
60.858337,90.92349
59.27841,89.936005
57.69847,89.936005
56.11853,90.92349
54.143616,89.936005
52.56369,89.936005
50.983765,89.936005
49.00885,89.936005
47.033936,88.94858
45.453995,88.94858
43.87407,88.94858
41.899155,88.94858
39.92424,87.96109
38.344315,88.94858
36.764374,87.96109
35.18445,88.94858
33.209534,87.96109
32.41957,87.96109
30.83963,87.96109
30.049667,87.96109
29.654694,88.94858
29.654694,88.94858
29.654694,88.94858
30.049667,88.94858
30.049667,89.936005
30.444656,88.94858
30.83963,89.936005
30.444656,89.936005
30.444656,89.936005
30.444656,89.936005
30.049667,90.92349
29.654694,90.92349
29.259705,90.92349
28.469742,90.92349
27.67978,91.91092
26.889801,91.91092
26.099838,91.91092
26.099838,91.91092
25.309875,91.91092
24.519913,91.91092
24.519913,91.91092
24.124924,91.91092
23.72995,91.91092
23.72995,91.91092
23.72995,91.91092
23.33496,91.91092
23.33496,91.91092
23.33496,91.91092
23.33496,91.91092
23.33496,91.91092
23.33496,91.91092
23.33496,91.91092
23.33496,90.92349
23.33496,91.91092
23.33496,90.92349
23.33496,91.91092
23.33496,91.91092
23.72995,90.92349
23.72995,90.92349
24.124924,90.92349
24.914886,90.92349
25.704865,90.92349
26.494827,90.92349
28.864716,90.92349
31.629608,90.92349
33.999496,89.936005
37.159363,90.92349
40.714203,90.92349
44.664032,89.936005
48.61386,90.92349
52.1687,89.936005
55.723557,89.936005
58.883423,89.936005
60.858337,89.936005
62.043274,88.94858
63.6232,89.936005
63.6232,88.94858
62.438263,88.94858
61.648285,88.94858
60.46335,88.94858
58.488434,88.94858
56.51352,88.94858
54.933594,88.94858
52.95868,87.96109
50.983765,87.96109
49.403824,87.96109
47.42891,86.97366
45.848984,87.96109
43.87407,86.97366
42.294144,86.97366
40.31923,86.97366
38.344315,86.97366
36.764374,86.97366
35.18445,86.97366
33.604523,86.97366
32.41957,86.97366
31.629608,87.96109
30.83963,87.96109
30.444656,87.96109
30.049667,87.96109
30.049667,89.936005
30.444656,88.94858
30.444656,88.94858
30.83963,88.94858
31.23462,89.936005
31.23462,89.936005
31.23462,90.92349
30.83963,90.92349
30.83963,90.92349
30.049667,91.91092
29.654694,90.92349
29.259705,91.91092
28.469742,90.92349
28.074753,91.91092
27.28479,91.91092
26.494827,91.91092
25.704865,91.91092
25.309875,91.91092
24.914886,91.91092
24.519913,91.91092
24.519913,91.91092
24.124924,91.91092
24.124924,91.91092
24.124924,91.91092
24.124924,91.91092
23.33496,91.91092
23.72995,91.91092
23.72995,90.92349
23.72995,91.91092
23.72995,91.91092
23.72995,91.91092
23.72995,90.92349
23.72995,90.92349
23.72995,90.92349
23.72995,90.92349
24.124924,90.92349
24.519913,90.92349
25.704865,91.91092
27.28479,90.92349
29.654694,90.92349
31.629608,90.92349
34.78946,89.936005
37.554337,90.92349
41.504166,89.936005
46.243973,89.936005
50.193787,89.936005
53.353653,89.936005
58.093445,89.936005
59.67337,89.936005
62.043274,89.936005
63.6232,89.936005
63.6232,89.936005
63.22824,88.94858
62.438263,89.936005
60.858337,88.94858
59.27841,88.94858
58.093445,88.94858
55.723557,88.94858
53.748642,88.94858
51.773727,88.94858
50.193787,88.94858
48.61386,88.94858
47.033936,87.96109
45.05902,87.96109
42.689117,87.96109
41.10919,87.96109
39.134277,86.97366
37.159363,87.96109
35.97441,86.97366
33.999496,86.97366
32.814545,86.97366
31.629608,86.97366
30.049667,86.97366
30.049667,86.97366
29.654694,87.96109
29.654694,87.96109
29.654694,88.94858
30.049667,88.94858
30.049667,88.94858
30.444656,89.936005
30.83963,89.936005
30.83963,89.936005
30.83963,90.92349
30.049667,89.936005
30.049667,90.92349
29.654694,90.92349
28.864716,91.91092
28.074753,91.91092
27.28479,90.92349
26.889801,91.91092
26.099838,91.91092
25.704865,91.91092
24.914886,91.91092
24.519913,91.91092
24.519913,91.91092
23.72995,91.91092
23.72995,91.91092
23.72995,91.91092
23.33496,91.91092
23.33496,91.91092
23.33496,91.91092
23.33496,91.91092
23.33496,91.91092
23.33496,91.91092
23.33496,92.89841
23.33496,91.91092
23.33496,91.91092
23.33496,91.91092
23.72995,90.92349
23.72995,90.92349
24.124924,91.91092
24.519913,91.91092
24.914886,91.91092
26.099838,91.91092
27.67978,91.91092
29.259705,90.92349
32.024582,91.91092
34.78946,90.92349
38.73929,90.92349
41.899155,90.92349
45.848984,90.92349
50.193787,90.92349
54.143616,90.92349
57.303482,90.92349
59.67337,89.936005
62.438263,90.92349
64.01819,89.936005
64.41318,89.936005
64.41318,89.936005
64.01819,89.936005
62.833252,89.936005
61.253326,89.936005
60.06836,88.94858
58.093445,89.936005
56.11853,88.94858
54.143616,88.94858
52.56369,88.94858
50.983765,87.96109
49.00885,88.94858
47.42891,87.96109
45.848984,88.94858
43.87407,87.96109
41.899155,87.96109
40.31923,87.96109
38.344315,87.96109
36.3694,87.96109
34.78946,87.96109
33.209534,87.96109
32.024582,86.97366
30.83963,86.97366
30.444656,86.97366
30.049667,87.96109
29.654694,87.96109
29.654694,87.96109
30.049667,87.96109
30.444656,87.96109
30.83963,88.94858
30.83963,88.94858
30.83963,88.94858
30.83963,89.936005
30.444656,89.936005
30.444656,89.936005
30.049667,90.92349
29.654694,90.92349
28.469742,90.92349
28.074753,91.91092
27.28479,91.91092
26.889801,91.91092
25.704865,91.91092
25.309875,91.91092
24.519913,91.91092
24.124924,92.89841
23.72995,92.89841
23.72995,91.91092
23.33496,92.89841
22.939972,91.91092
22.939972,91.91092
22.939972,92.89841
22.544998,91.91092
22.544998,91.91092
22.544998,91.91092
22.544998,92.89841
22.544998,91.91092
22.544998,91.91092
22.544998,92.89841
22.939972,91.91092
23.33496,92.89841
23.33496,91.91092
23.72995,92.89841
23.72995,91.91092
24.124924,92.89841
24.124924,91.91092
24.519913,91.91092
25.704865,91.91092
26.889801,91.91092
27.67978,91.91092
30.049667,91.91092
32.814545,91.91092
35.97441,91.91092
39.52925,91.91092
43.084106,91.91092
47.42891,91.91092
50.983765,91.91092
54.538605,91.91092
57.69847,91.91092
60.858337,90.92349
62.833252,90.92349
64.01819,90.92349
64.80817,90.92349
65.598114,90.92349
64.41318,90.92349
62.833252,89.936005
62.043274,89.936005
60.06836,89.936005
58.488434,89.936005
56.90851,89.936005
54.933594,88.94858
53.353653,89.936005
51.37874,88.94858
49.798813,88.94858
47.8239,88.94858
46.638947,89.936005
45.05902,88.94858
43.084106,88.94858
41.10919,88.94858
39.52925,88.94858
37.159363,88.94858
35.579437,87.96109
33.999496,87.96109
32.814545,87.96109
31.629608,87.96109
30.83963,87.96109
30.049667,87.96109
30.049667,87.96109
30.049667,88.94858
30.444656,88.94858
30.444656,88.94858
30.83963,88.94858
30.83963,88.94858
30.83963,89.936005
30.83963,89.936005
30.444656,90.92349
30.049667,89.936005
30.049667,90.92349
29.259705,90.92349
28.469742,90.92349
28.074753,90.92349
27.28479,91.91092
26.494827,90.92349
26.099838,91.91092
25.309875,91.91092
24.914886,91.91092
24.519913,91.91092
24.519913,91.91092
24.124924,91.91092
24.124924,91.91092
24.124924,91.91092
23.72995,91.91092
23.72995,91.91092
23.72995,91.91092
23.72995,91.91092
23.33496,91.91092
22.939972,91.91092
23.33496,91.91092
23.33496,91.91092
23.33496,91.91092
22.939972,91.91092
23.33496,91.91092
23.33496,91.91092
23.33496,90.92349
23.72995,91.91092
23.72995,91.91092
24.124924,90.92349
24.914886,91.91092
25.704865,91.91092
26.889801,89.936005
28.469742,90.92349
30.83963,90.92349
33.999496,90.92349
36.3694,90.92349
40.31923,90.92349
44.26906,90.92349
47.8239,90.92349
51.37874,90.92349
54.933594,90.92349
58.093445,89.936005
60.858337,89.936005
62.043274,89.936005
63.22824,89.936005
64.41318,89.936005
63.22824,89.936005
62.438263,89.936005
61.253326,88.94858
59.67337,89.936005
58.093445,89.936005
56.51352,88.94858
54.538605,88.94858
52.95868,88.94858
51.37874,87.96109
49.798813,88.94858
48.218872,87.96109
46.243973,87.96109
44.664032,87.96109
42.689117,86.97366
40.714203,86.97366
38.73929,86.97366
36.764374,87.96109
35.18445,85.986176
33.604523,86.97366
32.024582,85.986176
31.23462,86.97366
30.444656,85.986176
29.654694,85.986176
29.259705,85.986176
29.654694,86.97366
29.259705,86.97366
29.654694,86.97366
29.654694,86.97366
30.049667,87.96109
30.049667,87.96109
30.049667,87.96109
30.049667,87.96109
30.049667,87.96109
29.654694,87.96109
28.864716,87.96109
28.469742,87.96109
27.67978,87.96109
26.889801,88.94858
26.494827,88.94858
26.099838,88.94858
25.309875,88.94858
24.519913,88.94858
24.519913,88.94858
24.124924,88.94858
23.72995,88.94858
23.33496,88.94858
23.33496,88.94858
22.939972,88.94858
22.939972,88.94858
22.939972,88.94858
22.939972,88.94858
22.939972,89.936005
22.939972,88.94858
22.939972,88.94858
22.939972,88.94858
22.939972,88.94858
23.33496,88.94858
23.33496,88.94858
23.33496,88.94858
23.72995,88.94858
23.33496,88.94858
23.72995,88.94858
23.72995,88.94858
23.72995,87.96109
24.124924,87.96109
24.519913,88.94858
25.309875,88.94858
27.28479,87.96109
28.864716,87.96109
30.83963,88.94858
33.604523,88.94858
37.159363,87.96109
40.31923,87.96109
43.87407,87.96109
47.8239,87.96109
51.773727,87.96109
54.933594,87.96109
57.303482,86.97366
59.67337,86.97366
61.648285,86.97366
61.253326,86.97366
61.253326,86.97366
61.253326,86.97366
60.06836,85.986176
58.093445,85.986176
56.51352,84.99875
54.538605,85.986176
52.95868,85.986176
50.983765,85.986176
49.00885,85.986176
47.42891,85.986176
45.848984,85.986176
44.26906,85.986176
42.294144,84.99875
40.714203,84.99875
38.73929,84.01126
37.159363,83.023834
35.579437,84.01126
33.999496,84.01126
32.41957,84.01126
31.629608,84.01126
30.83963,84.99875
30.049667,84.99875
30.049667,84.99875
30.049667,84.01126
30.444656,84.01126
30.444656,84.01126
30.444656,84.01126
30.83963,84.01126
31.23462,84.99875
30.83963,84.99875
30.83963,84.99875
30.83963,84.99875
30.444656,86.97366
30.049667,85.986176
29.654694,86.97366
29.259705,85.986176
28.469742,85.986176
28.074753,85.986176
27.28479,86.97366
26.889801,86.97366
26.494827,86.97366
26.099838,86.97366
25.704865,86.97366
25.309875,87.96109
24.914886,86.97366
24.914886,86.97366
24.519913,86.97366
24.519913,86.97366
24.519913,86.97366
24.519913,86.97366
24.519913,87.96109
24.124924,87.96109
24.124924,86.97366
24.124924,87.96109
24.124924,86.97366
24.124924,87.96109
24.124924,87.96109
24.124924,86.97366
24.124924,85.986176
24.124924,86.97366
24.519913,85.986176
24.914886,85.986176
25.704865,85.986176
26.099838,86.97366
26.889801,86.97366
28.864716,86.97366
31.23462,85.986176
33.209534,86.97366
35.97441,86.97366
39.134277,86.97366
43.084106,86.97366
46.638947,85.986176
50.588776,85.986176
53.748642,86.97366
57.303482,86.97366
59.67337,85.986176
60.858337,85.986176
62.043274,84.99875
62.833252,85.986176
62.438263,85.986176
61.253326,85.986176
60.46335,84.99875
58.883423,84.99875
56.90851,84.99875
55.328568,84.99875
53.353653,85.986176
51.37874,84.99875
49.798813,84.99875
48.218872,84.99875
46.243973,84.99875
44.664032,84.01126
43.084106,84.01126
41.504166,84.01126
39.92424,83.023834
38.344315,83.023834
36.764374,83.023834
35.18445,83.023834
33.999496,83.023834
32.41957,83.023834
32.024582,83.023834
31.23462,83.023834
30.444656,83.023834
30.444656,83.023834
30.444656,83.023834
30.444656,83.023834
30.83963,84.01126
30.83963,84.01126
31.23462,84.01126
31.629608,84.01126
31.23462,84.01126
30.83963,84.99875
30.83963,84.99875
30.444656,85.986176
29.654694,84.99875
29.259705,84.99875
28.469742,85.986176
28.074753,85.986176
27.28479,85.986176
26.889801,85.986176
26.494827,86.97366
26.099838,86.97366
25.309875,86.97366
24.914886,86.97366
24.914886,86.97366
24.519913,86.97366
24.519913,86.97366
24.124924,86.97366
24.124924,86.97366
24.124924,85.986176
24.124924,85.986176
24.124924,86.97366
23.72995,85.986176
24.124924,86.97366
24.124924,86.97366
24.519913,86.97366
24.519913,86.97366
24.519913,86.97366
24.519913,86.97366
24.519913,86.97366
24.519913,85.986176
24.914886,85.986176
24.914886,86.97366
25.309875,85.986176
25.704865,86.97366
26.494827,86.97366
27.28479,85.986176
29.259705,86.97366
31.23462,85.986176
33.604523,85.986176
36.3694,86.97366
40.31923,85.986176
43.87407,85.986176
47.42891,85.986176
51.37874,85.986176
54.933594,86.97366
58.093445,85.986176
60.06836,85.986176
62.043274,85.986176
64.01819,85.986176
63.6232,84.99875
63.6232,84.99875
62.833252,85.986176
62.043274,84.99875
60.06836,84.99875
58.488434,85.986176
56.51352,84.99875
54.933594,85.986176
52.95868,84.99875
51.37874,84.99875
49.798813,84.99875
47.8239,84.99875
46.638947,84.99875
44.664032,84.99875
42.689117,84.01126
40.714203,84.01126
39.134277,84.01126
37.554337,84.01126
35.97441,83.023834
34.394485,83.023834
32.814545,83.023834
32.024582,83.023834
30.83963,83.023834
30.83963,84.01126
30.444656,83.023834
30.444656,84.01126
30.83963,84.01126
30.83963,84.01126
31.23462,84.99875
32.024582,84.01126
32.024582,84.99875
32.024582,84.99875
32.024582,84.99875
31.629608,84.99875
30.83963,84.99875
30.444656,85.986176
29.654694,85.986176
29.259705,85.986176
28.469742,86.97366
28.074753,86.97366
27.67978,86.97366
27.28479,86.97366
26.494827,87.96109
26.099838,86.97366
26.099838,87.96109
25.704865,87.96109
24.914886,86.97366
24.914886,87.96109
24.519913,86.97366
24.519913,87.96109
24.519913,87.96109
24.519913,87.96109
24.519913,87.96109
24.519913,86.97366
24.519913,87.96109
24.519913,87.96109
24.519913,86.97366
24.519913,87.96109
24.124924,87.96109
24.519913,87.96109
24.519913,87.96109
24.519913,87.96109
24.914886,87.96109
24.914886,86.97366
25.309875,86.97366
25.704865,86.97366
26.494827,86.97366
27.67978,86.97366
29.259705,87.96109
30.83963,86.97366
33.604523,86.97366
36.764374,86.97366
39.52925,86.97366
43.084106,85.986176
47.033936,86.97366
50.983765,86.97366
54.933594,86.97366
57.303482,86.97366
60.46335,85.986176
62.833252,86.97366
63.6232,86.97366
63.6232,86.97366
64.01819,85.986176
62.833252,85.986176
61.253326,85.986176
60.06836,86.97366
58.093445,85.986176
56.51352,85.986176
54.933594,85.986176
52.95868,85.986176
51.37874,85.986176
50.193787,85.986176
48.61386,84.99875
47.42891,85.986176
45.848984,84.99875
44.26906,85.986176
42.689117,85.986176
40.714203,84.99875
38.73929,84.99875
36.764374,84.99875
35.579437,84.01126
33.999496,84.01126
33.209534,84.01126
32.024582,84.01126
31.629608,84.01126
30.83963,83.023834
30.444656,83.023834
30.83963,83.023834
30.83963,83.023834
30.83963,84.01126
31.23462,84.01126
31.23462,84.01126
31.629608,84.99875
31.23462,84.01126
30.83963,84.01126
30.444656,84.99875
30.049667,84.99875
29.654694,85.986176
28.864716,84.99875
28.469742,86.97366
27.67978,86.97366
26.889801,86.97366
26.494827,86.97366
26.099838,86.97366
25.704865,87.96109
24.914886,87.96109
24.914886,87.96109
24.519913,87.96109
24.519913,87.96109
24.519913,87.96109
24.519913,88.94858
24.124924,87.96109
24.124924,87.96109
24.124924,87.96109
23.72995,87.96109
23.72995,87.96109
23.72995,87.96109
23.72995,88.94858
24.124924,87.96109
24.124924,87.96109
24.124924,87.96109
24.124924,87.96109
24.124924,87.96109
24.519913,87.96109
24.914886,87.96109
24.914886,87.96109
24.914886,87.96109
25.309875,87.96109
25.309875,87.96109
25.704865,87.96109
26.494827,87.96109
27.28479,87.96109
28.074753,87.96109
30.049667,87.96109
32.41957,87.96109
34.78946,87.96109
37.949326,87.96109
41.899155,87.96109
46.243973,87.96109
49.798813,87.96109
53.748642,86.97366
57.303482,86.97366
60.858337,86.97366
62.833252,86.97366
64.01819,86.97366
65.203156,87.96109
65.598114,86.97366
64.80817,86.97366
63.6232,86.97366
62.438263,86.97366
60.858337,86.97366
58.883423,85.986176
56.90851,86.97366
54.933594,86.97366
53.748642,85.986176
52.1687,85.986176
50.588776,86.97366
49.403824,84.99875
48.218872,84.99875
47.033936,84.99875
45.05902,84.99875
43.47908,84.99875
41.504166,84.99875
39.92424,85.986176
38.344315,84.99875
36.764374,84.99875
34.78946,84.99875
33.604523,84.99875
32.024582,84.01126
30.83963,84.01126
30.83963,83.023834
30.444656,84.01126
30.444656,84.01126
30.444656,83.023834
30.444656,84.01126
30.83963,84.01126
31.23462,84.01126
30.83963,84.99875
30.83963,84.99875
30.444656,84.99875
30.049667,84.01126
29.259705,84.99875
28.864716,84.99875
28.469742,85.986176
27.28479,85.986176
26.889801,85.986176
26.099838,86.97366
25.704865,85.986176
25.704865,86.97366
24.914886,86.97366
24.519913,86.97366
24.519913,86.97366
24.124924,86.97366
23.72995,87.96109
23.33496,86.97366
23.72995,86.97366
23.33496,87.96109
22.939972,86.97366
22.939972,86.97366
22.939972,86.97366
22.939972,86.97366
22.939972,86.97366
22.939972,86.97366
23.33496,86.97366
23.72995,86.97366
23.72995,86.97366
23.72995,87.96109
23.72995,86.97366
23.72995,87.96109
24.124924,87.96109
23.72995,86.97366
24.124924,86.97366
24.124924,86.97366
24.519913,86.97366
24.914886,85.986176
25.309875,85.986176
26.494827,86.97366
28.074753,85.986176
30.049667,85.986176
32.024582,86.97366
35.18445,85.986176
38.73929,85.986176
42.294144,86.97366
45.848984,86.97366
49.798813,85.986176
53.748642,85.986176
56.90851,86.97366
58.883423,86.97366
60.858337,85.986176
62.833252,85.986176
62.438263,85.986176
62.043274,85.986176
61.648285,84.99875
60.06836,84.99875
58.488434,84.99875
56.90851,84.99875
54.933594,84.99875
53.353653,84.99875
51.773727,84.99875
50.193787,84.99875
49.00885,84.01126
47.42891,84.01126
46.243973,84.01126
44.26906,84.01126
42.689117,84.01126
41.10919,84.01126
39.52925,83.023834
37.949326,83.023834
36.3694,83.023834
34.78946,82.03635
33.209534,82.03635
32.024582,81.04892
30.83963,82.03635
30.444656,82.03635
30.444656,82.03635
30.444656,82.03635
30.444656,83.023834
30.444656,82.03635
30.83963,83.023834
30.83963,83.023834
31.23462,83.023834
30.83963,83.023834
30.83963,83.023834
30.83963,84.01126
30.444656,84.01126
30.049667,84.99875
29.654694,84.99875
29.259705,84.99875
28.469742,84.99875
28.074753,84.99875
27.28479,84.01126
26.494827,84.99875
26.099838,84.99875
26.099838,84.99875
25.704865,84.99875
25.309875,84.99875
25.309875,84.99875
24.914886,84.99875
24.519913,84.99875
24.519913,84.99875
24.519913,84.99875
24.124924,84.99875
24.519913,84.99875
24.519913,84.99875
24.124924,84.01126
24.124924,84.01126
24.124924,84.99875
23.72995,84.99875
24.124924,84.99875
24.124924,84.99875
24.124924,84.99875
24.124924,84.99875
24.519913,84.01126
24.519913,84.99875
24.519913,84.99875
24.914886,84.99875
25.309875,84.99875
26.494827,84.01126
27.67978,84.99875
29.259705,84.99875
31.23462,84.99875
33.999496,84.01126
36.3694,84.99875
39.92424,84.01126
43.47908,84.01126
47.033936,84.01126
50.983765,84.01126
54.143616,84.99875
57.303482,84.01126
60.06836,84.01126
60.46335,84.01126
61.648285,84.01126
62.438263,84.01126
61.648285,84.01126
60.46335,84.01126
58.883423,84.99875
57.303482,84.01126
55.723557,84.01126
53.353653,83.023834
51.773727,82.03635
50.588776,82.03635
49.00885,82.03635
47.033936,82.03635
45.453995,82.03635
43.87407,82.03635
42.294144,82.03635
40.714203,82.03635
39.134277,81.04892
37.554337,82.03635
35.97441,81.04892
34.394485,82.03635
33.209534,81.04892
32.024582,81.04892
31.23462,80.06143
30.83963,81.04892
30.444656,80.06143
30.049667,80.06143
30.049667,80.06143
30.444656,80.06143
30.444656,81.04892
30.83963,81.04892
31.23462,81.04892
31.629608,81.04892
31.23462,81.04892
30.83963,81.04892
30.83963,81.04892
30.444656,82.03635
30.049667,83.023834
29.259705,83.023834
28.469742,83.023834
28.074753,83.023834
27.67978,83.023834
26.889801,83.023834
26.494827,83.023834
26.099838,83.023834
25.704865,83.023834
25.704865,84.01126
25.309875,84.01126
25.309875,84.99875
24.914886,84.99875
24.519913,84.99875
24.519913,84.01126
24.519913,84.01126
24.124924,83.023834
24.124924,83.023834
24.124924,84.01126
24.124924,84.01126
24.124924,84.01126
24.124924,84.01126
24.519913,84.99875
24.519913,84.99875
24.914886,84.01126
24.914886,84.01126
24.914886,84.01126
24.914886,84.01126
25.309875,83.023834
25.309875,83.023834
25.704865,83.023834
26.099838,84.01126
26.494827,84.01126
27.67978,84.01126
28.864716,84.01126
30.049667,84.01126
32.41957,84.01126
35.579437,84.01126
38.344315,84.01126
41.899155,84.01126
45.453995,84.01126
49.403824,84.01126
53.748642,84.01126
56.11853,83.023834
58.883423,83.023834
61.648285,83.023834
62.833252,83.023834
62.833252,83.023834
62.833252,83.023834
62.833252,83.023834
61.253326,84.01126
59.67337,84.01126
58.093445,83.023834
56.51352,82.03635
54.538605,83.023834
52.56369,82.03635
50.983765,81.04892
49.403824,81.04892
47.8239,81.04892
46.243973,82.03635
45.05902,82.03635
43.47908,81.04892
41.899155,81.04892
40.31923,82.03635
38.344315,81.04892
36.764374,81.04892
35.18445,80.06143
33.999496,80.06143
32.814545,80.06143
32.024582,80.06143
31.629608,81.04892
31.23462,81.04892
30.83963,81.04892
30.83963,81.04892
31.23462,81.04892
31.23462,80.06143
31.23462,80.06143
31.629608,81.04892
32.024582,81.04892
31.629608,82.03635
31.23462,82.03635
31.23462,82.03635
30.83963,82.03635
30.049667,83.023834
29.654694,83.023834
29.259705,83.023834
28.864716,83.023834
28.074753,83.023834
27.28479,83.023834
26.889801,84.01126
26.494827,84.01126
26.099838,84.01126
25.704865,84.01126
25.309875,84.01126
25.309875,84.01126
24.914886,84.01126
24.519913,84.01126
24.519913,84.01126
24.519913,84.99875
24.519913,84.01126
24.519913,83.023834
24.519913,84.01126
24.519913,84.01126
24.519913,84.99875
24.519913,84.99875
24.914886,85.986176
24.914886,84.99875
24.519913,84.99875
24.519913,84.99875
24.914886,84.99875
24.914886,84.01126
24.914886,84.01126
24.914886,84.01126
25.309875,84.01126
26.099838,84.99875
26.494827,84.01126
27.67978,84.01126
29.259705,84.01126
30.444656,84.01126
32.814545,84.99875
36.3694,84.01126
39.92424,84.01126
43.084106,84.01126
47.033936,84.01126
50.983765,83.023834
54.933594,83.023834
58.093445,83.023834
60.06836,84.01126
62.438263,84.01126
64.01819,84.01126
63.6232,84.01126
63.6232,84.01126
63.22824,84.01126
61.648285,84.01126
59.67337,83.023834
58.093445,83.023834
56.51352,83.023834
54.538605,83.023834
52.95868,83.023834
51.37874,83.023834
49.798813,83.023834
48.218872,83.023834
47.033936,83.023834
45.453995,83.023834
43.87407,83.023834
42.689117,82.03635
40.714203,82.03635
38.73929,81.04892
37.554337,81.04892
35.579437,82.03635
34.78946,82.03635
33.209534,82.03635
32.41957,82.03635
31.629608,82.03635
31.23462,82.03635
30.83963,81.04892
30.83963,80.06143
30.83963,81.04892
31.23462,82.03635
31.629608,83.023834
31.629608,83.023834
31.629608,83.023834
31.629608,83.023834
31.629608,84.01126
31.23462,83.023834
30.444656,83.023834
30.444656,84.01126
29.654694,84.01126
29.654694,84.99875
28.864716,85.986176
28.074753,85.986176
27.67978,84.99875
27.28479,84.99875
26.889801,84.01126
26.494827,84.01126
26.099838,84.01126
25.704865,84.01126
25.309875,84.99875
24.914886,85.986176
24.914886,85.986176
24.519913,86.97366
24.519913,86.97366
24.519913,86.97366
24.519913,86.97366
24.519913,86.97366
24.914886,85.986176
24.914886,86.97366
24.914886,86.97366
25.309875,86.97366
25.309875,86.97366
25.309875,85.986176
25.309875,85.986176
25.704865,84.99875
25.704865,84.99875
25.704865,84.99875
25.704865,85.986176
26.099838,85.986176
26.494827,86.97366
26.889801,86.97366
28.074753,85.986176
30.049667,86.97366
32.024582,85.986176
34.394485,85.986176
37.159363,84.99875
40.714203,84.99875
43.87407,84.01126
47.8239,84.99875
52.1687,84.01126
55.723557,84.99875
58.883423,84.99875
60.858337,84.01126
62.833252,84.01126
64.01819,84.99875
64.01819,84.99875
63.6232,85.986176
63.22824,85.986176
61.648285,85.986176
60.06836,86.97366
58.488434,86.97366
56.90851,85.986176
55.328568,85.986176
52.95868,84.99875
51.37874,84.01126
50.588776,84.01126
49.00885,84.01126
47.8239,83.023834
46.243973,84.99875
45.05902,84.99875
43.47908,84.01126
41.504166,84.01126
39.92424,84.01126
37.949326,84.01126
36.3694,84.01126
34.78946,84.01126
33.604523,83.023834
32.024582,83.023834
31.629608,82.03635
31.23462,82.03635
30.83963,83.023834
30.444656,83.023834
30.83963,84.01126
30.83963,83.023834
30.83963,83.023834
31.23462,82.03635
31.629608,83.023834
32.024582,83.023834
31.629608,84.01126
31.23462,84.01126
30.83963,84.99875
30.444656,84.01126
30.049667,85.986176
29.259705,84.99875
28.074753,85.986176
27.67978,84.99875
27.28479,85.986176
26.494827,85.986176
26.494827,84.99875
25.704865,84.99875
25.309875,85.986176
24.519913,85.986176
24.519913,85.986176
24.519913,85.986176
24.124924,84.99875
24.124924,84.99875
23.72995,85.986176
23.33496,86.97366
23.72995,87.96109
23.72995,88.94858
23.72995,88.94858
23.72995,88.94858
24.124924,88.94858
23.72995,88.94858
24.124924,86.97366
24.124924,86.97366
24.519913,85.986176
24.914886,84.99875
24.914886,84.99875
24.914886,84.01126
25.309875,84.01126
25.309875,84.99875
25.309875,85.986176
25.704865,86.97366
25.704865,87.96109
26.099838,87.96109
26.494827,88.94858
27.28479,87.96109
28.864716,87.96109
31.23462,86.97366
32.814545,86.97366
35.579437,85.986176
39.134277,85.986176
43.084106,85.986176
46.243973,84.99875
50.193787,84.01126
53.748642,84.99875
57.69847,84.99875
60.06836,85.986176
61.648285,85.986176
63.22824,87.96109
64.01819,86.97366
63.6232,87.96109
62.833252,87.96109
62.043274,86.97366
60.46335,86.97366
58.883423,85.986176
57.303482,84.99875
55.723557,84.99875
53.748642,85.986176
52.56369,84.99875
50.983765,84.01126
49.403824,83.023834
48.218872,83.023834
46.638947,83.023834
45.05902,84.01126
43.47908,84.01126
41.899155,84.01126
39.92424,84.01126
38.344315,84.01126
36.764374,84.01126
35.18445,83.023834
33.604523,83.023834
32.814545,82.03635
31.629608,83.023834
31.23462,84.01126
30.83963,83.023834
30.444656,84.01126
30.83963,84.01126
30.83963,84.01126
31.23462,84.01126
31.629608,84.01126
31.23462,84.01126
30.83963,84.01126
30.83963,84.01126
30.444656,84.99875
29.654694,84.99875
29.259705,84.99875
28.469742,85.986176
28.074753,85.986176
27.28479,85.986176
26.494827,85.986176
25.704865,85.986176
25.704865,86.97366
25.309875,86.97366
25.309875,87.96109
24.914886,86.97366
24.914886,86.97366
24.914886,86.97366
25.309875,86.97366
25.309875,85.986176
25.309875,85.986176
24.914886,85.986176
25.309875,85.986176
25.309875,84.99875
25.309875,85.986176
24.914886,85.986176
24.914886,85.986176
24.519913,85.986176
24.519913,86.97366
24.519913,86.97366
24.519913,86.97366
24.124924,85.986176
24.124924,84.99875
23.72995,84.99875
23.72995,84.99875
23.72995,84.01126
23.72995,84.01126
24.124924,84.99875
24.519913,84.01126
24.914886,84.01126
26.099838,84.99875
27.67978,84.99875
30.049667,84.99875
32.41957,85.986176
35.579437,85.986176
39.134277,86.97366
42.294144,86.97366
46.243973,86.97366
50.193787,86.97366
53.748642,86.97366
57.303482,86.97366
58.883423,86.97366
60.858337,85.986176
62.438263,84.99875
62.043274,84.01126
61.253326,84.01126
60.858337,84.01126
59.27841,84.01126
57.303482,84.01126
55.723557,84.99875
53.748642,84.01126
52.56369,84.01126
50.983765,83.023834
49.403824,83.023834
47.8239,83.023834
46.638947,83.023834
45.05902,83.023834
43.47908,83.023834
41.899155,83.023834
40.714203,82.03635
39.134277,82.03635
37.554337,82.03635
35.579437,81.04892
34.394485,81.04892
32.814545,80.06143
32.024582,81.04892
30.83963,80.06143
30.049667,80.06143
30.049667,80.06143
29.654694,81.04892
29.259705,81.04892
29.654694,81.04892
29.654694,82.03635
29.654694,82.03635
30.049667,83.023834
30.049667,83.023834
30.049667,83.023834
30.049667,83.023834
29.654694,83.023834
29.259705,82.03635
29.259705,83.023834
28.469742,84.01126
28.074753,84.01126
27.67978,84.01126
27.28479,84.01126
26.889801,84.01126
26.494827,84.01126
26.099838,84.01126
26.099838,84.99875
26.099838,84.99875
25.704865,84.99875
25.309875,84.01126
25.309875,84.99875
25.309875,84.01126
25.309875,83.023834
24.914886,84.01126
25.309875,84.01126
25.309875,84.99875
25.309875,84.01126
25.309875,84.01126
25.309875,84.01126
25.309875,84.01126
25.309875,83.023834
25.309875,84.01126
24.914886,84.01126
24.914886,84.01126
24.914886,83.023834
24.519913,84.01126
24.519913,84.01126
24.519913,84.01126
24.519913,84.01126
24.914886,84.01126
25.309875,84.01126
25.704865,84.01126
27.28479,84.01126
28.864716,84.01126
30.049667,84.01126
32.814545,84.01126
36.3694,84.01126
39.52925,84.01126
43.47908,84.01126
47.42891,84.01126
51.37874,84.01126
55.328568,84.01126
57.69847,84.01126
60.46335,84.01126
62.438263,83.023834
63.22824,83.023834
62.833252,83.023834
62.833252,83.023834
62.438263,83.023834
60.46335,82.03635
58.883423,82.03635
57.303482,83.023834
55.328568,83.023834
53.353653,83.023834
51.773727,83.023834
49.798813,82.03635
48.61386,82.03635
47.033936,81.04892
45.453995,82.03635
43.87407,82.03635
42.294144,81.04892
40.714203,81.04892
39.134277,81.04892
37.949326,81.04892
36.3694,81.04892
34.78946,80.06143
33.604523,81.04892
32.024582,81.04892
31.23462,80.06143
30.83963,81.04892
30.83963,80.06143
30.444656,80.06143
30.444656,80.06143
30.83963,81.04892
30.83963,81.04892
30.83963,81.04892
31.23462,81.04892
31.23462,81.04892
31.23462,82.03635
30.83963,81.04892
30.83963,82.03635
30.444656,82.03635
30.049667,82.03635
29.259705,82.03635
28.864716,82.03635
28.469742,83.023834
27.67978,82.03635
27.28479,82.03635
27.28479,83.023834
26.494827,83.023834
26.494827,83.023834
26.099838,84.01126
25.704865,84.01126
25.704865,84.01126
24.914886,84.01126
24.914886,83.023834
24.914886,84.01126
24.914886,84.01126
24.914886,84.01126
24.914886,84.01126
24.519913,84.01126
24.519913,84.01126
24.519913,84.01126
24.519913,84.01126
24.124924,84.01126
24.124924,84.01126
24.519913,84.01126
24.914886,84.01126
24.519913,84.01126
24.914886,84.01126
24.914886,84.01126
25.309875,84.01126
25.309875,84.01126
25.704865,83.023834
26.494827,84.01126
27.28479,84.01126
28.469742,83.023834
29.654694,83.023834
31.629608,84.01126
34.78946,84.01126
37.554337,83.023834
41.10919,84.01126
44.664032,83.023834
48.61386,83.023834
52.56369,83.023834
55.723557,83.023834
58.488434,83.023834
60.858337,83.023834
62.833252,83.023834
63.22824,83.023834
63.22824,82.03635
63.6232,83.023834
62.043274,83.023834
60.46335,83.023834
58.883423,83.023834
56.90851,82.03635
55.328568,83.023834
53.748642,83.023834
52.1687,82.03635
50.588776,82.03635
49.403824,82.03635
47.8239,83.023834
46.243973,82.03635
45.05902,82.03635
43.47908,83.023834
41.899155,82.03635
39.92424,81.04892
38.344315,82.03635
37.159363,81.04892
35.579437,81.04892
33.999496,81.04892
32.814545,80.06143
32.024582,81.04892
31.23462,81.04892
30.444656,82.03635
30.444656,82.03635
30.444656,81.04892
30.444656,81.04892
30.83963,82.03635
30.83963,81.04892
31.23462,81.04892
31.629608,82.03635
31.23462,83.023834
31.23462,83.023834
30.83963,82.03635
30.83963,83.023834
30.444656,83.023834
29.654694,83.023834
29.259705,83.023834
28.864716,84.01126
28.074753,84.01126
27.67978,84.01126
26.889801,84.99875
26.889801,84.99875
26.099838,84.99875
25.704865,84.99875
25.704865,84.99875
25.309875,84.99875
25.309875,84.99875
24.914886,84.99875
25.309875,84.01126
24.914886,84.99875
24.914886,84.99875
24.914886,84.99875
24.914886,84.99875
24.914886,84.99875
24.914886,84.99875
24.914886,84.99875
24.914886,84.99875
24.914886,84.01126
25.309875,85.986176
25.309875,84.99875
24.914886,84.99875
25.309875,84.99875
25.309875,84.99875
25.309875,84.99875
25.704865,84.99875
26.099838,84.99875
26.494827,84.99875
28.469742,84.99875
29.259705,84.99875
30.83963,84.99875
33.209534,84.99875
35.97441,84.99875
38.344315,84.99875
41.899155,84.99875
46.243973,84.99875
50.193787,84.99875
53.748642,84.01126
56.51352,84.99875
59.27841,84.99875
62.043274,84.99875
63.22824,84.99875
63.22824,84.99875
63.6232,84.01126
62.833252,84.01126
61.648285,84.99875
60.06836,84.01126
58.488434,84.01126
56.90851,84.01126
54.933594,84.01126
53.353653,84.01126
51.773727,84.01126
50.588776,84.01126
49.403824,84.01126
47.8239,84.01126
45.848984,83.023834
44.664032,83.023834
43.47908,84.01126
41.899155,83.023834
39.92424,83.023834
38.344315,84.01126
37.159363,83.023834
35.579437,83.023834
34.394485,83.023834
33.209534,83.023834
32.41957,82.03635
31.629608,83.023834
31.23462,83.023834
30.83963,83.023834
30.83963,83.023834
31.23462,83.023834
31.23462,83.023834
31.23462,84.01126
31.629608,84.01126
31.629608,83.023834
31.629608,84.01126
31.23462,84.01126
31.23462,84.01126
30.444656,84.99875
30.049667,84.99875
29.259705,84.99875
28.864716,84.99875
28.074753,84.99875
27.28479,85.986176
26.889801,84.99875
26.494827,85.986176
26.099838,85.986176
25.704865,86.97366
25.309875,86.97366
25.309875,86.97366
24.914886,86.97366
24.519913,85.986176
24.519913,86.97366
24.124924,86.97366
24.519913,86.97366
24.124924,86.97366
24.519913,86.97366
24.519913,86.97366
24.519913,86.97366
24.519913,86.97366
24.914886,85.986176
24.914886,86.97366
24.914886,86.97366
24.914886,85.986176
25.309875,86.97366
25.309875,86.97366
24.914886,86.97366
25.309875,86.97366
25.309875,86.97366
25.309875,85.986176
25.704865,86.97366
26.099838,86.97366
27.28479,86.97366
28.074753,85.986176
29.654694,85.986176
32.024582,86.97366
34.394485,86.97366
37.554337,86.97366
41.10919,86.97366
45.05902,86.97366
49.403824,86.97366
52.56369,86.97366
56.11853,85.986176
59.67337,86.97366
61.648285,86.97366
62.833252,85.986176
63.6232,85.986176
64.41318,86.97366
63.6232,85.986176
62.833252,85.986176
61.648285,86.97366
60.06836,85.986176
58.093445,85.986176
56.11853,85.986176
54.538605,85.986176
53.353653,85.986176
52.1687,85.986176
50.588776,85.986176
49.403824,84.99875
47.8239,84.99875
46.638947,85.986176
45.05902,84.99875
43.47908,84.99875
41.504166,84.99875
39.52925,84.99875
37.949326,84.99875
36.3694,84.99875
34.78946,84.99875
33.604523,84.99875
32.814545,84.01126
31.629608,84.01126
31.23462,84.01126
30.83963,83.023834
30.049667,84.01126
30.049667,84.01126
30.444656,84.01126
30.444656,83.023834
30.444656,83.023834
30.83963,83.023834
30.444656,83.023834
30.444656,83.023834
30.049667,83.023834
29.654694,82.03635
29.259705,83.023834
28.469742,82.03635
27.67978,82.03635
27.28479,81.04892
26.889801,82.03635
26.494827,81.04892
26.099838,81.04892
25.704865,80.06143
25.309875,80.06143
25.309875,80.06143
24.914886,80.06143
24.914886,80.06143
24.914886,80.06143
25.309875,79.074005
25.309875,79.074005
24.914886,78.08652
25.309875,78.08652
25.309875,78.08652
24.914886,78.08652
24.914886,78.08652
24.914886,78.08652
24.519913,78.08652
24.124924,78.08652
23.72995,77.09909
23.72995,78.08652
23.72995,77.09909
23.33496,76.1116
23.33496,76.1116
23.33496,76.1116
22.939972,76.1116
22.939972,75.124176
23.33496,75.124176
23.72995,75.124176
24.124924,74.13669
24.124924,75.124176
24.519913,74.13669
24.519913,75.124176
24.519913,74.13669
24.519913,74.13669
24.519913,73.14926
24.519913,74.13669
24.124924,73.14926
24.519913,74.13669
24.519913,73.14926
24.519913,72.16177
24.519913,72.16177
24.519913,72.16177
24.914886,72.16177
25.309875,71.17435
24.914886,71.17435
25.309875,71.17435
25.309875,70.18686
24.914886,71.17435
25.309875,71.17435
25.309875,71.17435
25.309875,70.18686
25.704865,70.18686
25.309875,69.19943
25.309875,70.18686
25.309875,70.18686
24.914886,69.19943
24.519913,69.19943
25.309875,69.19943
25.309875,69.19943
25.309875,68.211945
25.309875,68.211945
25.309875,68.211945
25.309875,69.19943
25.704865,68.211945
25.309875,68.211945
25.704865,67.22452
26.099838,66.23703
25.704865,67.22452
25.704865,66.23703
26.099838,67.22452
26.099838,67.22452
26.494827,68.211945
26.099838,68.211945
26.099838,68.211945
26.494827,68.211945
26.494827,68.211945
26.494827,69.19943
26.099838,69.19943
26.494827,69.19943
26.494827,70.18686
26.494827,70.18686
26.889801,71.17435
26.889801,71.17435
26.494827,71.17435
26.494827,71.17435
26.494827,72.16177
26.889801,71.17435
27.28479,71.17435
27.28479,72.16177
27.28479,72.16177
27.28479,73.14926
27.28479,72.16177
27.28479,72.16177
27.28479,72.16177
27.28479,72.16177
27.67978,72.16177
27.28479,72.16177
27.28479,73.14926
27.28479,73.14926
27.67978,73.14926
27.67978,73.14926
28.074753,73.14926
28.074753,72.16177
28.074753,72.16177
28.074753,72.16177
28.469742,72.16177
28.469742,73.14926
28.469742,73.14926
28.469742,73.14926
28.864716,73.14926
29.259705,73.14926
29.654694,73.14926
30.444656,73.14926
31.629608,73.14926
33.604523,73.14926
35.18445,73.14926
38.344315,73.14926
41.899155,73.14926
45.453995,73.14926
49.798813,73.14926
54.933594,73.14926
60.06836,73.14926
65.203156,73.14926
68.36301,73.14926
72.312836,73.14926
76.262665,73.14926
77.84259,73.14926
78.63257,73.14926
79.02753,73.14926
78.63257,73.14926
76.65765,73.14926
74.68274,73.14926
72.312836,73.14926
70.33792,73.14926
67.17807,73.14926
64.80817,72.16177
62.438263,73.14926
60.46335,73.14926
58.488434,73.14926
56.11853,73.14926
54.538605,73.14926
52.56369,73.14926
50.983765,73.14926
49.403824,73.14926
47.42891,73.14926
45.453995,72.16177
43.47908,71.17435
41.899155,72.16177
40.31923,72.16177
38.73929,72.16177
37.554337,72.16177
36.3694,72.16177
35.579437,71.17435
35.97441,71.17435
35.579437,70.18686
35.97441,70.18686
35.579437,71.17435
35.97441,71.17435
35.97441,72.16177
36.3694,73.14926
35.97441,73.14926
35.97441,72.16177
35.579437,72.16177
35.18445,72.16177
34.394485,73.14926
33.999496,74.13669
33.209534,76.1116
32.814545,76.1116
32.024582,77.09909
31.23462,77.09909
30.83963,77.09909
30.049667,77.09909
29.654694,77.09909
29.259705,76.1116
28.864716,77.09909
28.469742,76.1116
28.074753,78.08652
27.67978,78.08652
27.67978,78.08652
27.67978,77.09909
27.28479,77.09909
27.28479,76.1116
26.889801,75.124176
26.889801,74.13669
26.889801,76.1116
26.494827,76.1116
26.889801,76.1116
26.889801,76.1116
26.494827,76.1116
26.889801,76.1116
26.889801,76.1116
26.889801,76.1116
26.494827,76.1116
26.889801,76.1116
26.889801,76.1116
26.889801,77.09909
26.889801,77.09909
27.28479,77.09909
27.28479,77.09909
28.074753,77.09909
29.259705,77.09909
30.444656,77.09909
32.024582,77.09909
34.78946,77.09909
37.554337,77.09909
39.92424,77.09909
43.084106,76.1116
46.243973,77.09909
49.403824,76.1116
52.56369,77.09909
55.723557,77.09909
57.69847,77.09909
60.46335,77.09909
60.858337,77.09909
61.253326,77.09909
62.043274,76.1116
60.858337,76.1116
59.67337,76.1116
58.093445,76.1116
56.90851,76.1116
54.933594,76.1116
53.353653,76.1116
51.773727,76.1116
50.193787,75.124176
49.00885,76.1116
47.8239,75.124176
46.638947,75.124176
45.05902,75.124176
43.87407,76.1116
42.294144,76.1116
41.10919,76.1116
39.52925,77.09909
38.344315,76.1116
36.764374,75.124176
35.18445,75.124176
33.999496,75.124176
32.814545,76.1116
32.41957,75.124176
31.23462,75.124176
30.444656,76.1116
30.83963,76.1116
30.83963,76.1116
30.83963,75.124176
31.23462,76.1116
31.629608,75.124176
31.629608,75.124176
32.024582,76.1116
32.024582,76.1116
32.024582,76.1116
31.629608,77.09909
31.23462,77.09909
30.444656,77.09909
30.049667,77.09909
29.654694,77.09909
28.864716,78.08652
28.074753,77.09909
27.67978,78.08652
27.28479,78.08652
26.494827,78.08652
26.099838,79.074005
26.099838,78.08652
26.099838,79.074005
26.099838,79.074005
25.704865,78.08652
25.704865,78.08652
25.704865,79.074005
25.704865,78.08652
25.704865,79.074005
25.309875,79.074005
25.309875,79.074005
25.704865,79.074005
25.704865,79.074005
26.099838,79.074005
26.099838,79.074005
26.099838,78.08652
26.099838,78.08652
26.494827,79.074005
26.494827,79.074005
26.889801,79.074005
26.889801,79.074005
26.889801,80.06143
27.28479,79.074005
27.28479,78.08652
27.67978,79.074005
28.074753,79.074005
28.469742,79.074005
30.049667,78.08652
31.629608,79.074005
33.209534,79.074005
35.18445,79.074005
37.949326,79.074005
41.504166,79.074005
44.664032,79.074005
47.8239,79.074005
52.1687,79.074005
56.11853,78.08652
58.488434,79.074005
60.858337,79.074005
62.833252,79.074005
63.6232,79.074005
62.833252,78.08652
62.438263,79.074005
62.043274,79.074005
60.06836,79.074005
58.883423,79.074005
57.303482,79.074005
55.328568,79.074005
53.748642,79.074005
52.1687,79.074005
50.193787,79.074005
49.00885,79.074005
47.8239,79.074005
46.243973,79.074005
45.05902,78.08652
43.87407,78.08652
42.294144,77.09909
40.714203,76.1116
39.134277,76.1116
37.554337,76.1116
35.579437,77.09909
34.394485,77.09909
33.604523,77.09909
32.024582,77.09909
31.23462,77.09909
31.23462,76.1116
30.444656,75.124176
30.444656,76.1116
30.049667,77.09909
30.83963,78.08652
30.83963,78.08652
31.23462,79.074005
31.23462,79.074005
31.629608,78.08652
31.629608,77.09909
31.629608,78.08652
31.629608,78.08652
31.23462,78.08652
30.444656,78.08652
30.049667,78.08652
29.654694,78.08652
29.259705,78.08652
28.864716,78.08652
28.469742,78.08652
27.67978,79.074005
27.67978,79.074005
26.889801,79.074005
26.494827,80.06143
26.494827,80.06143
26.099838,81.04892
26.099838,81.04892
25.704865,81.04892
25.704865,80.06143
25.309875,81.04892
25.309875,81.04892
24.914886,82.03635
24.519913,81.04892
24.519913,81.04892
24.519913,82.03635
24.124924,82.03635
24.124924,82.03635
24.519913,81.04892
24.519913,80.06143
24.519913,79.074005
24.519913,79.074005
24.519913,79.074005
24.914886,80.06143
25.309875,80.06143
25.704865,81.04892
26.099838,80.06143
26.494827,80.06143
27.28479,80.06143
28.469742,79.074005
29.259705,80.06143
30.83963,80.06143
32.814545,81.04892
34.78946,81.04892
37.949326,81.04892
41.10919,81.04892
43.47908,81.04892
47.8239,81.04892
50.983765,80.06143
54.538605,81.04892
57.69847,80.06143
59.67337,81.04892
61.253326,80.06143
62.438263,80.06143
62.833252,80.06143
62.043274,80.06143
61.648285,80.06143
60.46335,80.06143
58.883423,80.06143
57.303482,79.074005
55.723557,79.074005
54.143616,79.074005
52.95868,79.074005
51.37874,79.074005
50.193787,79.074005
49.00885,79.074005
48.218872,80.06143
47.033936,80.06143
45.848984,80.06143
44.26906,80.06143
43.084106,79.074005
41.899155,79.074005
40.31923,80.06143
38.73929,79.074005
37.159363,80.06143
35.97441,79.074005
34.394485,79.074005
33.209534,79.074005
32.41957,79.074005
31.629608,78.08652
30.83963,78.08652
31.23462,78.08652
31.23462,78.08652
31.23462,78.08652
30.83963,78.08652
30.83963,78.08652
31.23462,77.09909
31.23462,78.08652
30.83963,77.09909
30.444656,78.08652
29.654694,77.09909
29.654694,77.09909
28.864716,77.09909
28.074753,77.09909
27.67978,77.09909
27.67978,77.09909
26.889801,78.08652
26.889801,77.09909
26.494827,77.09909
26.099838,77.09909
26.099838,76.1116
25.704865,76.1116
25.704865,76.1116
25.309875,76.1116
25.704865,76.1116
25.704865,76.1116
25.309875,76.1116
25.704865,76.1116
25.704865,76.1116
25.704865,75.124176
25.704865,75.124176
25.309875,75.124176
25.309875,75.124176
25.309875,74.13669
25.309875,74.13669
25.309875,74.13669
24.914886,74.13669
25.309875,74.13669
25.309875,73.14926
25.309875,74.13669
25.704865,74.13669
25.704865,74.13669
25.704865,73.14926
25.704865,73.14926
25.704865,73.14926
25.309875,73.14926
25.309875,73.14926
25.309875,73.14926
24.914886,72.16177
25.309875,72.16177
25.309875,72.16177
25.309875,71.17435
25.309875,71.17435
25.309875,70.18686
25.309875,71.17435
25.309875,70.18686
25.309875,70.18686
25.309875,70.18686
25.309875,70.18686
25.309875,70.18686
25.704865,69.19943
25.704865,69.19943
25.704865,69.19943
25.704865,69.19943
25.704865,69.19943
25.704865,69.19943
26.099838,70.18686
26.099838,69.19943
26.099838,69.19943
26.099838,68.211945
26.494827,67.22452
26.494827,67.22452
26.494827,67.22452
26.099838,67.22452
26.494827,67.22452
26.494827,66.23703
26.889801,66.23703
26.889801,66.23703
26.494827,66.23703
26.889801,66.23703
26.494827,65.2496
26.889801,65.2496
26.889801,65.2496
26.889801,65.2496
26.889801,65.2496
26.494827,64.262115
26.889801,64.262115
26.494827,64.262115
26.889801,64.262115
26.889801,64.262115
27.28479,63.27469
27.28479,63.27469
27.28479,63.27469
27.67978,63.27469
27.67978,63.27469
27.67978,63.27469
27.67978,63.27469
28.074753,63.27469
28.469742,63.27469
28.074753,64.262115
28.469742,65.2496
28.469742,65.2496
28.469742,65.2496
28.074753,65.2496
28.469742,66.23703
28.469742,67.22452
28.469742,68.211945
28.864716,68.211945
28.864716,68.211945
28.864716,68.211945
28.864716,69.19943
28.864716,69.19943
28.864716,69.19943
28.864716,69.19943
28.864716,69.19943
28.469742,70.18686
28.469742,69.19943
28.864716,70.18686
28.469742,70.18686
28.864716,70.18686
28.864716,70.18686
28.864716,70.18686
28.864716,69.19943
28.469742,70.18686
28.864716,69.19943
28.864716,69.19943
28.864716,69.19943
29.259705,69.19943
29.259705,69.19943
29.654694,70.18686
30.049667,70.18686
30.049667,70.18686
30.049667,69.19943
30.444656,69.19943
30.83963,69.19943
31.23462,69.19943
31.23462,70.18686
31.629608,71.17435
32.41957,71.17435
33.209534,71.17435
34.394485,71.17435
36.3694,71.17435
38.73929,70.18686
41.10919,70.18686
44.664032,70.18686
49.00885,70.18686
53.353653,70.18686
58.093445,70.18686
62.833252,71.17435
67.17807,70.18686
71.91785,71.17435
74.28775,70.18686
76.65765,70.18686
79.02753,70.18686
79.422516,70.18686
78.63257,70.18686
77.4476,70.18686
76.262665,70.18686
73.49777,70.18686
71.12787,70.18686
68.36301,70.18686
66.38809,70.18686
64.01819,70.18686
61.648285,71.17435
60.06836,70.18686
58.488434,70.18686
56.51352,70.18686
54.933594,71.17435
53.353653,70.18686
52.1687,70.18686
49.798813,70.18686
48.218872,70.18686
46.638947,69.19943
45.05902,70.18686
43.084106,70.18686
41.504166,69.19943
39.92424,69.19943
38.73929,69.19943
37.949326,69.19943
36.764374,69.19943
35.579437,69.19943
35.579437,70.18686
35.18445,69.19943
34.78946,69.19943
34.78946,69.19943
34.78946,69.19943
34.78946,70.18686
34.78946,69.19943
34.394485,70.18686
34.394485,69.19943
34.394485,70.18686
33.999496,70.18686
33.604523,71.17435
33.604523,71.17435
33.209534,70.18686
32.814545,71.17435
32.41957,71.17435
32.024582,71.17435
31.629608,71.17435
31.23462,71.17435
31.23462,71.17435
30.83963,72.16177
30.444656,71.17435
30.049667,72.16177
29.654694,72.16177
29.259705,72.16177
28.864716,72.16177
28.864716,72.16177
28.469742,72.16177
28.074753,73.14926
27.67978,73.14926
27.28479,73.14926
27.28479,73.14926
26.889801,73.14926
26.494827,73.14926
26.889801,73.14926
26.889801,73.14926
26.889801,73.14926
26.889801,73.14926
26.889801,73.14926
26.889801,73.14926
27.28479,73.14926
26.889801,73.14926
27.28479,73.14926
26.889801,73.14926
27.28479,73.14926
27.28479,72.16177
27.28479,73.14926
27.28479,73.14926
27.28479,74.13669
27.28479,74.13669
27.67978,74.13669
28.469742,74.13669
28.469742,74.13669
29.654694,74.13669
31.23462,74.13669
32.41957,74.13669
34.394485,73.14926
37.949326,73.14926
40.714203,74.13669
43.87407,74.13669
47.033936,74.13669
50.983765,74.13669
54.143616,74.13669
56.51352,73.14926
58.883423,73.14926
60.46335,72.16177
61.648285,72.16177
61.253326,73.14926
61.253326,72.16177
60.858337,73.14926
59.27841,72.16177
57.303482,72.16177
55.723557,73.14926
53.748642,73.14926
52.1687,73.14926
50.983765,73.14926
49.403824,73.14926
47.8239,73.14926
47.033936,73.14926
45.453995,72.16177
44.26906,73.14926
42.689117,73.14926
41.504166,73.14926
40.31923,73.14926
38.344315,73.14926
36.764374,73.14926
35.579437,72.16177
34.394485,72.16177
33.209534,72.16177
32.024582,72.16177
31.23462,72.16177
30.83963,72.16177
30.049667,72.16177
29.654694,73.14926
30.049667,72.16177
30.444656,72.16177
30.444656,71.17435
30.444656,71.17435
30.83963,71.17435
31.23462,72.16177
30.83963,72.16177
30.83963,72.16177
30.83963,72.16177
30.444656,72.16177
30.049667,71.17435
30.049667,71.17435
30.049667,71.17435
29.654694,71.17435
29.259705,71.17435
29.259705,71.17435
28.864716,71.17435
28.864716,72.16177
28.864716,71.17435
28.864716,70.18686
28.469742,71.17435
28.074753,71.17435
28.074753,71.17435
28.074753,71.17435
27.67978,70.18686
27.28479,71.17435
27.28479,70.18686
26.889801,70.18686
26.494827,70.18686
26.099838,70.18686
25.704865,70.18686
25.704865,70.18686
25.309875,70.18686
24.914886,70.18686
24.519913,69.19943
24.519913,69.19943
24.519913,69.19943
24.519913,70.18686
24.914886,69.19943
25.309875,70.18686
25.704865,70.18686
26.099838,70.18686
26.494827,69.19943
26.889801,69.19943
27.28479,69.19943
27.67978,69.19943
28.074753,69.19943
28.074753,69.19943
28.864716,69.19943
28.864716,68.211945
28.469742,68.211945
28.864716,67.22452
28.864716,67.22452
28.469742,68.211945
28.469742,67.22452
28.469742,68.211945
28.074753,68.211945
28.074753,67.22452
27.67978,67.22452
27.67978,67.22452
27.28479,67.22452
27.28479,66.23703
27.28479,66.23703
27.28479,66.23703
27.28479,66.23703
27.67978,66.23703
27.67978,66.23703
27.67978,65.2496
28.074753,66.23703
28.074753,65.2496
28.074753,65.2496
28.074753,65.2496
28.469742,65.2496
28.469742,65.2496
28.469742,65.2496
28.469742,64.262115
28.469742,64.262115
28.469742,64.262115
28.469742,64.262115
28.864716,64.262115
28.864716,64.262115
28.864716,64.262115
28.864716,64.262115
28.864716,64.262115
28.864716,63.27469
28.864716,63.27469
29.259705,63.27469
28.864716,63.27469
28.864716,63.27469
28.864716,63.27469
29.259705,63.27469
29.654694,62.2872
29.654694,62.2872
29.654694,62.2872
29.259705,61.299774
29.259705,61.299774
29.654694,61.299774
29.654694,61.299774
30.049667,61.299774
30.049667,61.299774
30.049667,61.299774
30.049667,62.2872
30.444656,61.299774
30.444656,62.2872
30.444656,62.2872
30.444656,63.27469
30.83963,63.27469
30.83963,64.262115
30.83963,64.262115
31.23462,64.262115
31.23462,64.262115
30.83963,65.2496
30.83963,66.23703
31.23462,67.22452
31.23462,67.22452
31.629608,67.22452
31.629608,68.211945
31.23462,68.211945
31.23462,69.19943
31.629608,69.19943
31.23462,69.19943
31.23462,69.19943
31.629608,69.19943
31.629608,69.19943
31.629608,69.19943
31.629608,69.19943
31.629608,69.19943
31.629608,68.211945
31.23462,68.211945
31.629608,69.19943
31.23462,68.211945
31.629608,68.211945
31.629608,67.22452
31.629608,68.211945
31.629608,67.22452
32.024582,67.22452
32.024582,66.23703
32.024582,66.23703
32.024582,66.23703
32.41957,66.23703
32.814545,65.2496
33.209534,65.2496
33.999496,65.2496
35.18445,66.23703
35.97441,67.22452
37.554337,67.22452
40.31923,68.211945
43.87407,67.22452
46.638947,67.22452
50.193787,67.22452
54.933594,67.22452
58.883423,67.22452
62.438263,68.211945
65.9931,68.211945
68.757996,68.211945
71.52286,68.211945
72.312836,68.211945
72.312836,68.211945
72.707825,68.211945
71.12787,68.211945
69.152954,68.211945
67.17807,68.211945
65.203156,69.19943
62.833252,69.19943
60.46335,69.19943
58.093445,69.19943
56.51352,68.211945
54.538605,68.211945
52.95868,68.211945
51.37874,68.211945
49.798813,68.211945
48.61386,68.211945
47.033936,68.211945
45.848984,68.211945
43.87407,68.211945
42.689117,68.211945
41.10919,67.22452
39.92424,67.22452
38.344315,67.22452
37.554337,67.22452
36.764374,66.23703
35.97441,67.22452
34.78946,67.22452
34.394485,67.22452
33.999496,67.22452
33.604523,67.22452
33.999496,67.22452
33.999496,66.23703
34.394485,66.23703
34.394485,66.23703
34.394485,66.23703
33.999496,67.22452
33.999496,67.22452
33.999496,67.22452
33.604523,67.22452
33.209534,68.211945
33.209534,68.211945
32.814545,68.211945
32.41957,68.211945
32.024582,69.19943
32.024582,69.19943
31.629608,69.19943
31.23462,70.18686
31.23462,70.18686
30.83963,71.17435
30.83963,71.17435
30.83963,71.17435
30.444656,72.16177
30.049667,72.16177
30.049667,73.14926
30.049667,73.14926
29.654694,73.14926
30.049667,73.14926
29.259705,73.14926
29.259705,73.14926
29.259705,73.14926
28.864716,72.16177
28.864716,72.16177
28.469742,72.16177
28.469742,72.16177
28.469742,72.16177
28.469742,72.16177
28.469742,72.16177
28.469742,73.14926
28.469742,72.16177
28.469742,73.14926
28.469742,73.14926
28.469742,73.14926
28.074753,72.16177
28.469742,72.16177
28.469742,73.14926
28.469742,73.14926
28.469742,73.14926
28.469742,73.14926
28.469742,73.14926
28.864716,73.14926
29.259705,72.16177
30.444656,73.14926
31.23462,73.14926
32.814545,73.14926
35.18445,73.14926
37.554337,73.14926
39.92424,73.14926
43.084106,73.14926
46.638947,73.14926
49.798813,73.14926
52.56369,73.14926
55.723557,73.14926
58.093445,73.14926
59.27841,73.14926
60.06836,73.14926
60.46335,73.14926
60.46335,73.14926
59.27841,73.14926
58.093445,73.14926
56.51352,73.14926
54.933594,72.16177
52.95868,72.16177
51.37874,73.14926
50.193787,72.16177
49.00885,71.17435
47.8239,70.18686
46.638947,71.17435
46.243973,73.14926
45.05902,74.13669
44.26906,73.14926
43.084106,72.16177
42.294144,71.17435
41.10919,70.18686
39.92424,69.19943
38.73929,69.19943
37.554337,70.18686
35.97441,72.16177
35.18445,74.13669
34.394485,75.124176
32.814545,75.124176
32.024582,75.124176
31.23462,74.13669
30.444656,73.14926
29.654694,72.16177
29.654694,71.17435
29.259705,70.18686
29.259705,70.18686
29.654694,70.18686
29.654694,70.18686
30.049667,70.18686
29.654694,70.18686
30.049667,70.18686
29.654694,69.19943
29.654694,70.18686
29.654694,71.17435
29.259705,72.16177
29.259705,72.16177
28.469742,72.16177
28.469742,71.17435
28.469742,71.17435
28.074753,70.18686
28.074753,69.19943
28.074753,69.19943
28.074753,70.18686
27.67978,70.18686
27.67978,70.18686
27.67978,70.18686
27.28479,70.18686
27.28479,70.18686
26.889801,70.18686
26.494827,70.18686
26.099838,70.18686
26.099838,70.18686
26.099838,70.18686
25.704865,69.19943
25.704865,69.19943
25.309875,69.19943
25.704865,69.19943
25.704865,69.19943
26.099838,68.211945
26.494827,68.211945
26.494827,68.211945
26.889801,68.211945
26.889801,68.211945
27.28479,69.19943
27.28479,69.19943
27.67978,68.211945
27.28479,68.211945
27.28479,68.211945
26.889801,68.211945
26.889801,67.22452
26.889801,67.22452
26.494827,67.22452
26.494827,67.22452
26.099838,66.23703
26.099838,67.22452
26.099838,66.23703
26.494827,66.23703
26.099838,66.23703
26.494827,66.23703
26.494827,66.23703
26.494827,65.2496
26.494827,65.2496
26.889801,66.23703
27.28479,66.23703
27.28479,65.2496
27.67978,65.2496
27.67978,65.2496
27.67978,64.262115
28.074753,65.2496
28.074753,65.2496
28.469742,64.262115
28.469742,64.262115
28.864716,63.27469
28.864716,64.262115
28.864716,63.27469
29.259705,64.262115
28.864716,63.27469
28.864716,63.27469
28.864716,63.27469
28.864716,63.27469
28.864716,63.27469
28.864716,63.27469
28.469742,63.27469
28.864716,62.2872
28.469742,62.2872
28.864716,62.2872
28.864716,62.2872
28.469742,61.299774
28.469742,61.299774
28.469742,61.299774
28.864716,61.299774
28.864716,61.299774
28.864716,60.312286
28.864716,60.312286
28.864716,60.312286
28.864716,60.312286
28.469742,59.32486
28.864716,59.32486
28.469742,59.32486
28.864716,59.32486
28.864716,59.32486
28.469742,59.32486
28.469742,59.32486
28.864716,59.32486
28.864716,59.32486
28.864716,59.32486
28.864716,58.33737
28.864716,59.32486
29.259705,59.32486
29.259705,60.312286
29.259705,60.312286
29.654694,60.312286
29.654694,61.299774
29.654694,60.312286
30.049667,61.299774
29.654694,60.312286
30.049667,61.299774
30.049667,61.299774
30.049667,61.299774
30.049667,62.2872
30.049667,61.299774
30.049667,62.2872
30.444656,62.2872
30.444656,62.2872
30.049667,62.2872
30.444656,62.2872
30.444656,62.2872
30.444656,62.2872
30.444656,63.27469
30.049667,62.2872
30.049667,63.27469
30.444656,62.2872
30.444656,63.27469
30.444656,63.27469
30.444656,63.27469
30.83963,63.27469
30.444656,63.27469
30.83963,63.27469
30.444656,63.27469
30.83963,63.27469
30.83963,63.27469
30.444656,62.2872
30.83963,62.2872
30.83963,63.27469
30.83963,62.2872
31.23462,63.27469
31.629608,63.27469
32.024582,63.27469
32.814545,63.27469
33.999496,63.27469
35.18445,63.27469
36.3694,64.262115
39.134277,64.262115
42.689117,63.27469
45.848984,63.27469
49.403824,63.27469
53.353653,63.27469
57.69847,63.27469
62.438263,63.27469
64.80817,63.27469
67.57303,63.27469
69.94293,63.27469
71.52286,62.2872
71.12787,62.2872
70.73291,63.27469
69.54794,62.2872
67.57303,63.27469
65.598114,62.2872
63.22824,62.2872
60.858337,63.27469
58.488434,63.27469
56.11853,63.27469
54.538605,63.27469
52.56369,63.27469
51.37874,62.2872
49.798813,63.27469
48.61386,63.27469
47.8239,62.2872
46.243973,62.2872
45.05902,63.27469
44.26906,62.2872
42.689117,62.2872
41.504166,62.2872
39.92424,62.2872
38.344315,62.2872
37.159363,61.299774
36.3694,61.299774
35.579437,62.2872
34.78946,62.2872
34.394485,61.299774
34.394485,62.2872
33.999496,61.299774
33.999496,59.32486
34.394485,58.33737
34.394485,56.362457
34.78946,55.37503
34.78946,54.387543
34.78946,54.387543
34.78946,55.37503
34.78946,57.349945
34.78946,60.312286
34.78946,63.27469
34.394485,65.2496
33.999496,68.211945
33.209534,69.19943
32.814545,71.17435
32.41957,72.16177
32.024582,73.14926
31.629608,75.124176
31.23462,76.1116
30.83963,78.08652
30.444656,79.074005
30.444656,79.074005
29.654694,80.06143
29.259705,81.04892
28.864716,81.04892
28.074753,82.03635
27.28479,81.04892
26.494827,82.03635
25.704865,82.03635
24.519913,82.03635
23.33496,81.04892
21.755035,80.06143
20.175095,80.06143
18.20018,79.074005
16.225266,79.074005
13.065414,77.09909
10.695511,76.1116
7.5356445,73.14926
4.3757935,72.16177
1.2159271,71.17435
-1.9439392,69.19943
-3.128891,68.211945
-3.128891,67.22452
-3.128891,67.22452
-3.128891,65.2496
-3.128891,65.2496
-3.128891,64.262115
-3.128891,64.262115
-3.128891,63.27469
-3.128891,63.27469
-3.128891,63.27469
-3.128891,62.2872
-3.128891,62.2872
-3.128891,62.2872
-3.128891,62.2872
-3.128891,61.299774
-3.128891,61.299774
-2.733902,61.299774
-1.9439392,60.312286
-0.7589874,60.312286
0.8209381,60.312286
2.400879,59.32486
5.165756,59.32486
7.5356445,59.32486
11.0905,59.32486
17.410217,58.33737
23.72995,58.33737
30.83963,58.33737
41.504166,57.349945
54.143616,57.349945
66.38809,56.362457
74.28775,56.362457
80.212494,56.362457
85.34726,55.37503
90.08707,54.387543
90.08707,54.387543
90.08707,53.400116
90.08707,53.400116
89.69208,52.41263
89.69208,52.41263
89.29709,52.41263
85.34726,52.41263
77.05261,51.4252
67.96802,51.4252
61.253326,52.41263
57.69847,52.41263
54.143616,51.4252
50.983765,51.4252
50.588776,51.4252
50.588776,50.437714
50.193787,50.437714
50.193787,50.437714
50.588776,50.437714
50.193787,50.437714
50.193787,50.437714
49.403824,50.437714
49.00885,48.4628
48.61386,49.450287
47.8239,49.450287
47.42891,49.450287
46.638947,49.450287
46.243973,50.437714
45.848984,50.437714
45.848984,50.437714
45.453995,49.450287
45.453995,49.450287
45.848984,48.4628
45.848984,48.4628
45.848984,46.487885
45.453995,46.487885
45.05902,45.500458
45.05902,46.487885
44.26906,47.475372
43.87407,48.4628
43.084106,47.475372
41.899155,45.500458
40.714203,44.51297
39.92424,42.538055
38.73929,42.538055
37.949326,43.525543
36.764374,43.525543
36.3694,42.538055
35.97441,43.525543
35.579437,43.525543
34.78946,44.51297
34.78946,43.525543
34.394485,43.525543
34.394485,45.500458
33.999496,48.4628
34.394485,49.450287
34.394485,50.437714
33.999496,49.450287
33.604523,49.450287
33.604523,50.437714
33.209534,53.400116
32.814545,55.37503
32.41957,57.349945
32.41957,58.33737
32.024582,60.312286
31.629608,62.2872
31.629608,67.22452
31.629608,70.18686
31.23462,73.14926
31.23462,77.09909
31.23462,80.06143
31.629608,84.01126
31.629608,86.97366
31.629608,90.92349
31.629608,92.89841
31.629608,95.86075
31.629608,96.848236
31.629608,97.83566
31.629608,98.82315
31.23462,98.82315
31.23462,97.83566
30.83963,97.83566
30.444656,97.83566
30.049667,99.81058
30.049667,98.82315
30.049667,99.81058
30.049667,99.81058
29.654694,100.798065
29.654694,101.78549
29.654694,101.78549
29.259705,102.77298
29.654694,102.77298
29.654694,101.78549
29.654694,100.798065
29.259705,100.798065
29.259705,99.81058
29.259705,97.83566
29.654694,97.83566
29.259705,96.848236
29.654694,95.86075
29.259705,95.86075
29.259705,95.86075
29.259705,96.848236
29.654694,96.848236
29.654694,95.86075
29.654694,95.86075
30.049667,94.87332
30.049667,94.87332
30.049667,92.89841
30.049667,91.91092
29.654694,90.92349
29.654694,88.94858
29.654694,87.96109
30.049667,85.986176
29.654694,84.99875
29.654694,84.01126
29.654694,83.023834
29.259705,82.03635
29.259705,81.04892
28.864716,80.06143
28.864716,78.08652
28.469742,77.09909
28.469742,75.124176
27.67978,75.124176
27.67978,73.14926
27.67978,73.14926
27.67978,74.13669
27.67978,75.124176
27.28479,76.1116
27.28479,77.09909
26.889801,77.09909
26.889801,79.074005
26.494827,78.08652
26.494827,79.074005
25.704865,80.06143
25.309875,81.04892
24.519913,82.03635
23.72995,84.01126
22.15001,84.99875
20.965073,86.97366
19.78012,88.94858
17.805206,90.92349
15.830292,92.89841
13.460388,92.89841
11.0905,93.88583
8.720596,94.87332
5.955719,94.87332
3.1908417,95.86075
0.42596436,94.87332
-1.5489502,94.87332
-3.128891,95.86075
-3.128891,95.86075
-3.128891,95.86075
-3.128891,95.86075
-3.128891,95.86075
-3.128891,94.87332
-3.128891,93.88583
-2.733902,93.88583
-1.5489502,92.89841
-0.36401367,92.89841
0.42596436,91.91092
1.6109009,90.92349
2.400879,89.936005
3.1908417,88.94858
3.9808044,87.96109
5.165756,86.97366
5.955719,85.986176
6.745682,84.99875
8.720596,84.01126
9.905548,84.01126
11.0905,83.023834
13.065414,83.023834
15.040329,82.03635
17.015244,82.03635
18.990158,81.04892
21.755035,79.074005
24.124924,78.08652
25.704865,75.124176
28.074753,73.14926
30.049667,70.18686
31.629608,66.23703
32.024582,62.2872
32.41957,59.32486
32.814545,55.37503
31.629608,53.400116
30.049667,52.41263
28.864716,51.4252
26.889801,49.450287
24.914886,48.4628
23.33496,48.4628
21.360046,49.450287
20.175095,48.4628
18.990158,48.4628
17.805206,49.450287
17.015244,49.450287
16.620255,48.4628
15.830292,47.475372
15.830292,46.487885
15.830292,44.51297
15.830292,44.51297
16.225266,43.525543
16.620255,42.538055
17.015244,41.55063
17.410217,40.56314
18.59517,40.56314
19.78012,39.575714
20.570084,39.575714
21.755035,38.588226
23.33496,39.575714
24.914886,39.575714
26.099838,39.575714
27.67978,39.575714
29.259705,40.56314
31.23462,40.56314
32.41957,40.56314
33.999496,41.55063
35.18445,42.538055
35.97441,44.51297
36.764374,46.487885
37.554337,48.4628
38.344315,49.450287
38.73929,52.41263
39.134277,54.387543
39.52925,57.349945
39.92424,59.32486
40.31923,62.2872
40.714203,65.2496
41.10919,69.19943
41.504166,73.14926
42.294144,77.09909
42.294144,83.023834
43.084106,85.986176
43.47908,86.97366
44.26906,86.97366
45.05902,84.01126
46.243973,81.04892
47.033936,77.09909
47.42891,75.124176
48.218872,72.16177
49.403824,70.18686
49.798813,69.19943
50.193787,68.211945
50.588776,67.22452
50.983765,66.23703
51.773727,67.22452
52.56369,66.23703
53.748642,66.23703
55.328568,65.2496
58.093445,64.262115
60.46335,64.262115
63.6232,64.262115
68.36301,62.2872
73.10278,62.2872
77.84259,62.2872
81.39743,61.299774
84.95227,60.312286
88.50714,60.312286
90.08707,60.312286
90.08707,60.312286
89.69208,59.32486
90.08707,59.32486
90.08707,58.33737
89.69208,57.349945
90.08707,57.349945
90.08707,57.349945
89.69208,56.362457
90.08707,55.37503
88.50714,54.387543
85.74225,53.400116
83.372345,53.400116
80.60748,53.400116
79.02753,53.400116
77.05261,53.400116
75.0777,54.387543
73.49777,53.400116
71.52286,54.387543
70.33792,54.387543
68.36301,53.400116
66.38809,54.387543
64.80817,54.387543
63.22824,55.37503
61.253326,56.362457
59.27841,58.33737
57.303482,58.33737
55.328568,59.32486
53.748642,58.33737
52.56369,57.349945
51.37874,55.37503
50.588776,53.400116
49.798813,52.41263
49.403824,51.4252
49.00885,51.4252
49.00885,51.4252
48.61386,50.437714
47.8239,50.437714
47.42891,50.437714
47.033936,49.450287
46.243973,48.4628
45.848984,47.475372
45.05902,46.487885
44.26906,47.475372
43.47908,47.475372
42.689117,48.4628
41.504166,49.450287
40.714203,49.450287
39.92424,49.450287
38.73929,50.437714
38.344315,49.450287
37.159363,49.450287
36.3694,49.450287
35.18445,48.4628
34.394485,47.475372
33.999496,48.4628
32.814545,47.475372
32.41957,47.475372
31.23462,47.475372
30.444656,47.475372
29.654694,47.475372
28.864716,46.487885
28.074753,47.475372
27.28479,46.487885
26.494827,47.475372
26.099838,47.475372
25.309875,47.475372
25.309875,47.475372
24.519913,46.487885
23.72995,45.500458
23.33496,44.51297
22.939972,44.51297
22.544998,44.51297
22.15001,44.51297
21.360046,44.51297
20.965073,45.500458
20.570084,46.487885
20.175095,45.500458
19.78012,45.500458
19.385132,46.487885
18.990158,46.487885
18.990158,47.475372
18.990158,47.475372
18.59517,47.475372
18.20018,47.475372
18.20018,46.487885
17.805206,46.487885
17.410217,45.500458
16.620255,44.51297
16.225266,44.51297
15.435303,43.525543
14.250351,43.525543
13.460388,43.525543
12.275436,41.55063
10.695511,41.55063
9.510559,41.55063
7.9306335,41.55063
6.745682,41.55063
5.56073,42.538055
4.3757935,42.538055
3.5858154,42.538055
2.400879,42.538055
1.6109009,42.538055
0.42596436,42.538055
0.42596436,41.55063
0.030975342,42.538055
-0.36401367,42.538055
-0.36401367,42.538055
-0.36401367,41.55063
0.030975342,41.55063
0.42596436,41.55063
0.8209381,41.55063
1.2159271,41.55063
1.6109009,42.538055
2.7958527,43.525543
3.1908417,44.51297
3.9808044,49.450287
4.770767,54.387543
5.56073,61.299774
6.350708,67.22452
6.745682,73.14926
7.5356445,78.08652
8.325623,83.023834
8.720596,85.986176
9.510559,88.94858
10.300537,89.936005
11.485474,90.92349
12.670425,90.92349
13.460388,91.91092
15.040329,90.92349
16.225266,89.936005
18.59517,88.94858
20.175095,87.96109
22.15001,86.97366
24.124924,85.986176
26.099838,84.01126
28.864716,84.01126
30.049667,82.03635
32.024582,81.04892
33.999496,79.074005
35.18445,76.1116
36.3694,74.13669
37.159363,72.16177
37.949326,71.17435
38.73929,69.19943
38.73929,68.211945
39.134277,68.211945
39.134277,68.211945
39.134277,68.211945
39.134277,68.211945
38.73929,69.19943
38.344315,69.19943
37.949326,69.19943
37.554337,69.19943
36.764374,69.19943
36.3694,69.19943
35.97441,68.211945
35.97441,68.211945
35.97441,68.211945
35.579437,68.211945
35.97441,68.211945
35.579437,68.211945
35.579437,67.22452
35.579437,67.22452
36.3694,66.23703
36.3694,66.23703
36.764374,66.23703
37.554337,65.2496
37.554337,64.262115
37.949326,63.27469
37.949326,62.2872
37.949326,61.299774
37.949326,60.312286
37.159363,60.312286
37.159363,60.312286
36.3694,59.32486
35.579437,59.32486
35.18445,59.32486
34.78946,59.32486
34.394485,59.32486
33.999496,60.312286
33.999496,60.312286
33.999496,59.32486
34.78946,59.32486
35.97441,59.32486
37.949326,58.33737
39.92424,57.349945
42.689117,56.362457
46.243973,56.362457
49.798813,56.362457
52.95868,55.37503
56.51352,56.362457
59.67337,55.37503
61.253326,56.362457
60.46335,56.362457
59.67337,56.362457
57.69847,56.362457
49.403824,58.33737
39.92424,58.33737
30.444656,60.312286
22.15001,62.2872
12.275436,66.23703
3.5858154,70.18686
-3.128891,76.1116
-3.128891,80.06143
-3.128891,84.99875
-3.128891,88.94858
-3.128891,91.91092
-3.128891,93.88583
-3.128891,95.86075
-3.128891,96.848236
-3.128891,95.86075
-3.128891,96.848236
0.8209381,95.86075
17.015244,94.87332
32.814545,93.88583
50.193787,93.88583
63.6232,92.89841
75.47269,92.89841
86.53223,91.91092
89.69208,91.91092
89.69208,91.91092
89.69208,91.91092
89.69208,90.92349
89.69208,89.936005
90.08707,87.96109
89.69208,86.97366
88.9021,84.99875
88.11215,83.023834
86.53223,81.04892
86.13724,80.06143
84.95227,79.074005
84.55731,79.074005
83.767334,78.08652
84.55731,79.074005
84.55731,78.08652
84.95227,79.074005
83.767334,79.074005
82.5824,79.074005
81.00244,79.074005
79.02753,79.074005
76.262665,77.09909
74.28775,75.124176
71.91785,72.16177
71.12787,70.18686
70.33792,68.211945
69.54794,65.2496
70.73291,63.27469
72.312836,63.27469
73.89276,63.27469
76.262665,64.262115
79.817505,66.23703
82.5824,68.211945
85.74225,70.18686
87.322174,71.17435
88.50714,70.18686
89.69208,70.18686
90.08707,68.211945
90.08707,67.22452
90.08707,66.23703
90.08707,64.262115
89.69208,63.27469
89.29709,61.299774
88.50714,59.32486
86.13724,58.33737
83.767334,57.349945
81.79242,56.362457
79.817505,56.362457
77.4476,55.37503
75.47269,56.362457
73.49777,56.362457
71.12787,56.362457
69.54794,55.37503
67.57303,55.37503
65.203156,55.37503
63.22824,54.387543
60.858337,54.387543
58.488434,54.387543
56.11853,54.387543
53.748642,54.387543
51.773727,55.37503
49.798813,55.37503
47.8239,56.362457
46.638947,57.349945
45.453995,58.33737
44.664032,58.33737
43.87407,58.33737
43.87407,59.32486
43.87407,60.312286
43.87407,61.299774
43.87407,60.312286
43.87407,61.299774
43.87407,60.312286
43.47908,59.32486
43.084106,59.32486
42.294144,59.32486
41.504166,59.32486
40.714203,60.312286
39.52925,59.32486
38.344315,59.32486
37.554337,59.32486
36.764374,58.33737
36.3694,57.349945
35.579437,56.362457
35.18445,55.37503
35.18445,54.387543
35.18445,53.400116
34.78946,52.41263
35.18445,50.437714
34.78946,49.450287
34.78946,48.4628
33.999496,47.475372
33.604523,47.475372
32.814545,47.475372
32.41957,46.487885
31.629608,44.51297
31.23462,43.525543
30.83963,43.525543
30.049667,44.51297
29.654694,45.500458
29.654694,45.500458
30.049667,45.500458
30.049667,46.487885
30.444656,48.4628
30.83963,49.450287
31.23462,48.4628
31.629608,48.4628
32.024582,49.450287
32.024582,49.450287
32.024582,49.450287
32.024582,48.4628
31.23462,48.4628
30.444656,48.4628
29.654694,47.475372
28.864716,48.4628
28.074753,48.4628
26.889801,48.4628
26.099838,48.4628
25.309875,48.4628
24.124924,48.4628
23.72995,48.4628
22.939972,48.4628
22.544998,48.4628
22.15001,48.4628
22.15001,48.4628
22.15001,48.4628
22.15001,48.4628
22.15001,47.475372
22.544998,47.475372
22.939972,46.487885
22.939972,46.487885
23.33496,46.487885
23.72995,46.487885
24.124924,46.487885
24.124924,45.500458
24.519913,46.487885
24.519913,46.487885
24.124924,46.487885
24.519913,45.500458
24.124924,45.500458
24.124924,44.51297
24.124924,44.51297
24.124924,45.500458
24.124924,46.487885
24.124924,49.450287
24.519913,52.41263
24.519913,58.33737
24.914886,65.2496
25.309875,71.17435
25.704865,77.09909
26.494827,82.03635
26.889801,86.97366
27.28479,89.936005
27.67978,92.89841
27.67978,93.88583
28.074753,93.88583
28.469742,94.87332
28.469742,94.87332
28.469742,93.88583
28.469742,93.88583
28.074753,93.88583
27.67978,93.88583
27.28479,92.89841
26.889801,92.89841
26.494827,91.91092
26.494827,91.91092
25.704865,89.936005
24.914886,89.936005
25.309875,87.96109
24.519913,86.97366
24.519913,85.986176
24.124924,84.01126
24.124924,83.023834
24.124924,81.04892
24.124924,80.06143
24.519913,78.08652
24.914886,77.09909
25.309875,75.124176
25.309875,75.124176
25.704865,74.13669
25.704865,73.14926
25.704865,73.14926
25.704865,73.14926
26.099838,72.16177
26.099838,72.16177
26.099838,71.17435
26.494827,72.16177
26.889801,71.17435
28.074753,70.18686
29.259705,70.18686
31.23462,70.18686
35.579437,69.19943
38.73929,69.19943
43.47908,69.19943
50.193787,69.19943
56.11853,69.19943
63.6232,69.19943
69.54794,68.211945
75.867676,67.22452
82.5824,66.23703
85.34726,65.2496
87.322174,65.2496
88.9021,64.262115
89.69208,64.262115
88.50714,64.262115
87.71716,65.2496
86.13724,65.2496
82.5824,65.2496
79.817505,65.2496
75.867676,64.262115
73.10278,64.262115
70.33792,64.262115
67.96802,64.262115
65.598114,64.262115
64.01819,64.262115
62.438263,64.262115
60.858337,63.27469
59.67337,62.2872
58.093445,62.2872
56.51352,60.312286
54.933594,59.32486
52.95868,58.33737
51.37874,57.349945
49.798813,57.349945
48.218872,57.349945
47.033936,57.349945
45.453995,59.32486
44.664032,61.299774
43.87407,64.262115
43.084106,68.211945
42.689117,73.14926
42.294144,80.06143
42.294144,84.99875
41.504166,90.92349
41.10919,93.88583
40.714203,96.848236
40.714203,99.81058
40.31923,101.78549
39.92424,102.77298
38.73929,101.78549
37.949326,102.77298
36.3694,100.798065
35.18445,99.81058
33.999496,98.82315
32.024582,97.83566
30.049667,96.848236
28.074753,96.848236
26.494827,95.86075
24.914886,94.87332
23.33496,94.87332
22.15001,94.87332
21.360046,93.88583
20.570084,92.89841
20.175095,91.91092
20.965073,89.936005
21.360046,87.96109
21.755035,85.986176
22.544998,84.01126
23.72995,82.03635
24.914886,81.04892
25.704865,80.06143
26.494827,79.074005
27.28479,77.09909
28.074753,76.1116
28.469742,76.1116
28.864716,75.124176
29.259705,75.124176
28.864716,75.124176
29.259705,74.13669
29.259705,74.13669
29.259705,73.14926
30.049667,72.16177
30.83963,73.14926
32.024582,72.16177
34.394485,71.17435
36.3694,71.17435
39.52925,70.18686
43.47908,71.17435
47.8239,72.16177
52.1687,71.17435
55.328568,72.16177
57.69847,71.17435
60.06836,71.17435
62.043274,69.19943
63.22824,68.211945
64.41318,68.211945
65.203156,67.22452
64.41318,67.22452
63.6232,66.23703
62.438263,66.23703
60.858337,65.2496
58.883423,64.262115
56.90851,65.2496
55.328568,64.262115
54.143616,63.27469
52.56369,63.27469
51.37874,62.2872
50.193787,62.2872
49.403824,61.299774
48.218872,60.312286
47.033936,60.312286
45.848984,59.32486
44.664032,58.33737
43.084106,57.349945
41.10919,58.33737
39.92424,57.349945
37.949326,57.349945
37.159363,58.33737
35.97441,58.33737
34.78946,58.33737
34.394485,58.33737
33.999496,58.33737
33.604523,58.33737
33.604523,57.349945
33.604523,58.33737
33.604523,58.33737
33.604523,58.33737
33.999496,57.349945
33.604523,57.349945
33.604523,56.362457
33.604523,55.37503
33.209534,55.37503
32.41957,56.362457
32.024582,56.362457
31.629608,57.349945
30.83963,58.33737
30.444656,59.32486
30.049667,58.33737
29.654694,58.33737
29.654694,58.33737
29.654694,56.362457
29.259705,55.37503
29.259705,55.37503
29.259705,55.37503
28.864716,55.37503
28.469742,54.387543
28.469742,54.387543
28.074753,54.387543
27.67978,54.387543
27.28479,54.387543
26.889801,53.400116
26.494827,51.4252
25.704865,50.437714
25.704865,48.4628
24.914886,48.4628
24.519913,46.487885
24.124924,46.487885
24.124924,45.500458
23.72995,44.51297
23.72995,44.51297
23.72995,45.500458
23.33496,46.487885
23.33496,48.4628
23.33496,50.437714
22.939972,52.41263
22.939972,53.400116
22.939972,53.400116
22.939972,53.400116
23.33496,54.387543
23.33496,53.400116
23.72995,53.400116
23.72995,52.41263
23.72995,50.437714
24.124924,50.437714
24.519913,49.450287
24.914886,48.4628
24.914886,48.4628
25.309875,46.487885
25.704865,45.500458
26.099838,44.51297
26.099838,42.538055
25.704865,43.525543
26.099838,44.51297
25.704865,44.51297
25.309875,44.51297
25.309875,44.51297
24.914886,44.51297
24.124924,44.51297
23.72995,44.51297
22.939972,45.500458
22.544998,46.487885
21.755035,48.4628
21.360046,49.450287
20.965073,48.4628
20.175095,48.4628
19.78012,48.4628
19.385132,49.450287
19.78012,50.437714
19.78012,52.41263
19.78012,57.349945
20.175095,63.27469
20.175095,70.18686
20.570084,77.09909
21.360046,83.023834
21.755035,88.94858
22.544998,92.89841
22.939972,95.86075
22.939972,98.82315
23.33496,98.82315
22.939972,98.82315
23.33496,98.82315
22.544998,97.83566
22.544998,95.86075
21.755035,94.87332
21.360046,92.89841
20.570084,91.91092
20.175095,90.92349
19.78012,89.936005
18.990158,90.92349
18.59517,89.936005
18.20018,90.92349
18.20018,88.94858
18.20018,88.94858
18.20018,87.96109
18.59517,85.986176
18.990158,84.99875
19.385132,83.023834
20.175095,82.03635
20.570084,81.04892
21.360046,79.074005
22.15001,79.074005
22.939972,78.08652
23.72995,77.09909
24.519913,77.09909
24.914886,77.09909
26.099838,77.09909
26.889801,77.09909
27.67978,76.1116
28.864716,76.1116
30.444656,77.09909
31.629608,77.09909
33.604523,76.1116
35.579437,76.1116
37.554337,77.09909
41.899155,77.09909
45.05902,75.124176
49.403824,75.124176
54.538605,75.124176
60.46335,75.124176
66.38809,75.124176
71.12787,74.13669
76.65765,73.14926
81.79242,72.16177
86.13724,70.18686
87.322174,68.211945
88.9021,67.22452
89.69208,65.2496
88.9021,63.27469
87.71716,61.299774
86.53223,60.312286
84.55731,59.32486
81.00244,58.33737
78.23758,58.33737
75.0777,59.32486
72.707825,60.312286
70.33792,62.2872
67.96802,63.27469
66.78308,64.262115
65.203156,63.27469
63.6232,63.27469
62.043274,63.27469
60.46335,61.299774
59.27841,61.299774
57.303482,60.312286
55.723557,59.32486
53.748642,58.33737
52.1687,59.32486
50.588776,59.32486
48.218872,62.2872
46.243973,66.23703
45.05902,70.18686
43.87407,76.1116
42.689117,84.01126
41.899155,89.936005
41.504166,95.86075
41.10919,101.78549
40.31923,104.747894
39.92424,106.72281
39.92424,107.710236
39.52925,108.69772
39.52925,107.710236
38.73929,107.710236
38.344315,105.73532
37.949326,104.747894
37.159363,103.76041
36.764374,102.77298
35.579437,100.798065
35.18445,98.82315
33.999496,98.82315
33.209534,96.848236
32.814545,96.848236
31.629608,96.848236
31.23462,95.86075
30.444656,94.87332
30.049667,93.88583
28.864716,91.91092
28.469742,89.936005
27.28479,86.97366
26.494827,84.01126
25.309875,81.04892
24.914886,79.074005
24.124924,79.074005
23.72995,78.08652
23.33496,78.08652
23.33496,77.09909
22.939972,77.09909
23.33496,77.09909
24.124924,78.08652
24.914886,78.08652
25.704865,78.08652
27.28479,78.08652
28.864716,78.08652
30.83963,77.09909
32.814545,76.1116
35.579437,75.124176
38.344315,74.13669
41.504166,74.13669
44.664032,72.16177
47.42891,72.16177
50.588776,71.17435
53.353653,71.17435
56.11853,72.16177
58.883423,72.16177
60.858337,71.17435
62.043274,72.16177
62.833252,71.17435
63.6232,70.18686
62.833252,69.19943
61.648285,68.211945
60.858337,68.211945
59.67337,67.22452
58.093445,67.22452
56.90851,66.23703
55.328568,66.23703
54.143616,65.2496
52.95868,65.2496
51.773727,64.262115
50.588776,63.27469
49.798813,62.2872
49.00885,62.2872
47.8239,62.2872
46.638947,62.2872
45.848984,63.27469
44.26906,62.2872
43.084106,61.299774
41.899155,60.312286
40.31923,59.32486
39.134277,58.33737
37.949326,59.32486
36.3694,59.32486
35.97441,59.32486
35.579437,60.312286
35.18445,61.299774
34.78946,61.299774
35.18445,61.299774
35.18445,60.312286
35.18445,60.312286
35.579437,60.312286
35.579437,59.32486
-0.36401367,59.32486
-2.733902,59.32486
-2.733902,59.32486
-2.733902,58.33737
-3.128891,57.349945
-2.733902,56.362457
-2.733902,55.37503
-2.733902,54.387543
-2.733902,54.387543
-3.128891,53.400116
-2.733902,52.41263
-2.733902,53.400116
-2.733902,53.400116
-2.733902,54.387543
-3.128891,54.387543
-2.733902,54.387543
-2.733902,53.400116
-2.733902,53.400116
-2.733902,53.400116
-2.733902,54.387543
-3.128891,54.387543
-3.128891,55.37503
-3.128891,55.37503
-2.733902,55.37503
-3.128891,55.37503
-3.128891,54.387543
-3.128891,52.41263
-3.128891,51.4252
-2.733902,50.437714
-2.733902,49.450287
-2.733902,49.450287
-2.733902,48.4628
-2.733902,48.4628
-2.733902,48.4628
-3.128891,48.4628
-2.733902,49.450287
-2.733902,50.437714
-2.733902,52.41263
-2.733902,53.400116
-3.128891,53.400116
-3.128891,54.387543
-2.733902,52.41263
-3.128891,52.41263
-3.128891,50.437714
-3.128891,50.437714
-2.733902,49.450287
-3.128891,48.4628
-2.733902,47.475372
-2.733902,47.475372
-2.733902,46.487885
-3.128891,46.487885
-2.733902,44.51297
-2.733902,45.500458
-3.128891,45.500458
-2.733902,44.51297
-2.733902,45.500458
-3.128891,45.500458
-2.733902,45.500458
-2.733902,45.500458
-3.128891,46.487885
-3.128891,46.487885
-2.733902,46.487885
-3.128891,46.487885
-2.733902,46.487885
-2.733902,47.475372
-2.733902,47.475372
-2.733902,46.487885
-3.128891,47.475372
-2.733902,48.4628
-2.733902,49.450287
-3.128891,51.4252
-3.128891,55.37503
-2.733902,59.32486
-3.128891,67.22452
-2.733902,73.14926
-2.733902,80.06143
-2.733902,85.986176
-2.733902,90.92349
-2.733902,95.86075
-2.733902,97.83566
-3.128891,99.81058
-2.733902,100.798065
-3.128891,101.78549
-2.733902,100.798065
-2.733902,99.81058
-2.733902,99.81058
-2.733902,98.82315
-2.733902,97.83566
-2.733902,95.86075
-2.733902,94.87332
-3.128891,93.88583
-3.128891,91.91092
-3.128891,90.92349
-3.128891,89.936005
-2.733902,88.94858
-2.733902,87.96109
-3.128891,86.97366
-3.128891,84.99875
-2.733902,83.023834
-2.733902,82.03635
-3.128891,80.06143
-2.733902,78.08652
-3.128891,76.1116
-3.128891,75.124176
-3.128891,74.13669
-3.128891,74.13669
-3.128891,74.13669
-2.733902,73.14926
-2.733902,73.14926
-2.733902,74.13669
-2.733902,74.13669
-2.733902,74.13669
-2.733902,74.13669
-3.128891,74.13669
-2.733902,74.13669
-2.733902,73.14926
-2.733902,73.14926
-3.128891,73.14926
-2.733902,73.14926
-3.128891,72.16177
-3.128891,72.16177
-2.733902,71.17435
-3.128891,70.18686
-2.733902,70.18686
-3.128891,69.19943
-2.733902,68.211945
-2.733902,68.211945
-3.128891,68.211945
-2.733902,67.22452
-3.128891,66.23703
-3.128891,66.23703
-2.733902,65.2496
-2.733902,65.2496
-2.733902,64.262115
-3.128891,64.262115
-2.733902,64.262115
-3.128891,64.262115
-2.733902,63.27469
-3.128891,63.27469
-3.128891,62.2872
-3.128891,62.2872
-2.733902,61.299774
-3.128891,61.299774
-3.128891,60.312286
-3.128891,60.312286
-3.128891,60.312286
-2.733902,60.312286
-2.733902,61.299774
-3.128891,64.262115
-3.128891,66.23703
-3.128891,70.18686
-2.733902,75.124176
-3.128891,81.04892
-2.733902,87.96109
-3.128891,92.89841
-2.733902,97.83566
-2.733902,100.798065
-2.733902,103.76041
-3.128891,105.73532
-3.128891,105.73532
-2.733902,105.73532
-3.128891,105.73532
-2.733902,104.747894
-3.128891,103.76041
-2.733902,102.77298
-3.128891,101.78549
-3.128891,100.798065
-2.733902,99.81058
-3.128891,98.82315
-3.128891,96.848236
-2.733902,95.86075
-2.733902,95.86075
-2.733902,93.88583
-2.733902,92.89841
-2.733902,91.91092
-2.733902,90.92349
-3.128891,87.96109
-3.128891,86.97366
-2.733902,84.01126
-2.733902,82.03635
-2.733902,80.06143
-2.733902,79.074005
-2.733902,77.09909
-3.128891,77.09909
-2.733902,76.1116
-2.733902,76.1116
-2.733902,76.1116
-2.733902,76.1116
-2.733902,76.1116
-2.733902,76.1116
-2.733902,76.1116
-2.733902,76.1116
-3.128891,76.1116
-2.733902,76.1116
-3.128891,75.124176
-2.733902,74.13669
-3.128891,74.13669
-2.733902,73.14926
-2.733902,73.14926
-3.128891,72.16177
-3.128891,72.16177
-2.733902,71.17435
-3.128891,71.17435
-3.128891,69.19943
-2.733902,69.19943
-3.128891,68.211945
-2.733902,68.211945
-3.128891,68.211945
-3.128891,67.22452
-2.733902,67.22452
-3.128891,66.23703
-2.733902,65.2496
-3.128891,65.2496
-3.128891,65.2496
-3.128891,64.262115
-2.733902,64.262115
-2.733902,64.262115
-3.128891,63.27469
-2.733902,62.2872
-3.128891,62.2872
-3.128891,62.2872
-2.733902,61.299774
-3.128891,61.299774
-2.733902,61.299774
-3.128891,62.2872
-2.733902,63.27469
-2.733902,64.262115
-2.733902,67.22452
-2.733902,72.16177
-3.128891,77.09909
-2.733902,83.023834
-2.733902,88.94858
-2.733902,94.87332
-2.733902,98.82315
-3.128891,102.77298
-2.733902,105.73532
-3.128891,106.72281
-2.733902,107.710236
-3.128891,106.72281
-3.128891,106.72281
-2.733902,105.73532
-2.733902,104.747894
-3.128891,103.76041
-3.128891,102.77298
-2.733902,101.78549
-3.128891,99.81058
-3.128891,98.82315
-2.733902,98.82315
-2.733902,97.83566
-2.733902,96.848236
-3.128891,95.86075
-3.128891,93.88583
-2.733902,92.89841
-2.733902,90.92349
-3.128891,89.936005
-3.128891,86.97366
-2.733902,84.99875
-2.733902,82.03635
-2.733902,80.06143
-2.733902,79.074005
-2.733902,78.08652
-3.128891,77.09909
-3.128891,76.1116
-3.128891,76.1116
-2.733902,76.1116
-2.733902,76.1116
-2.733902,76.1116
-2.733902,77.09909
-2.733902,77.09909
-3.128891,76.1116
-2.733902,77.09909
-2.733902,76.1116
-3.128891,75.124176
-3.128891,75.124176
-3.128891,75.124176
-3.128891,74.13669
-3.128891,73.14926
-2.733902,73.14926
-2.733902,72.16177
-3.128891,71.17435
-2.733902,71.17435
-2.733902,70.18686
-2.733902,70.18686
-3.128891,69.19943
-2.733902,69.19943
-3.128891,68.211945
-2.733902,67.22452
-3.128891,67.22452
-3.128891,67.22452
-2.733902,67.22452
-2.733902,66.23703
-2.733902,65.2496
-3.128891,65.2496
-2.733902,65.2496
-3.128891,64.262115
-2.733902,64.262115
-2.733902,64.262115
-2.733902,64.262115
-3.128891,63.27469
-2.733902,63.27469
-3.128891,63.27469
-3.128891,62.2872
-2.733902,63.27469
-3.128891,64.262115
-3.128891,66.23703
-3.128891,70.18686
-2.733902,75.124176
-2.733902,80.06143
-3.128891,86.97366
-2.733902,91.91092
-3.128891,97.83566
-3.128891,102.77298
-3.128891,105.73532
-3.128891,107.710236
-2.733902,108.69772
-2.733902,109.68515
-3.128891,109.68515
-2.733902,108.69772
-3.128891,108.69772
-2.733902,107.710236
-2.733902,106.72281
-2.733902,104.747894
-3.128891,103.76041
-2.733902,102.77298
-3.128891,101.78549
-2.733902,100.798065
-2.733902,99.81058
-2.733902,99.81058
-2.733902,97.83566
-2.733902,96.848236
-3.128891,95.86075
-2.733902,93.88583
-3.128891,91.91092
-2.733902,89.936005
-2.733902,86.97366
-2.733902,84.99875
-2.733902,83.023834
-2.733902,82.03635
-2.733902,81.04892
-2.733902,80.06143
-3.128891,80.06143
-3.128891,80.06143
-2.733902,80.06143
-3.128891,80.06143
-2.733902,80.06143
-3.128891,81.04892
-2.733902,80.06143
-3.128891,80.06143
-2.733902,80.06143
-3.128891,79.074005
-3.128891,79.074005
-2.733902,78.08652
-3.128891,78.08652
-2.733902,77.09909
-2.733902,76.1116
-2.733902,76.1116
-3.128891,75.124176
-3.128891,74.13669
-2.733902,74.13669
-2.733902,73.14926
-2.733902,72.16177
-2.733902,72.16177
-2.733902,71.17435
-2.733902,71.17435
-2.733902,70.18686
-2.733902,70.18686
-2.733902,70.18686
-2.733902,69.19943
-3.128891,69.19943
-3.128891,69.19943
-3.128891,69.19943
-3.128891,68.211945
-2.733902,68.211945
-2.733902,67.22452
-3.128891,67.22452
-2.733902,67.22452
-2.733902,66.23703
-3.128891,66.23703
-2.733902,65.2496
-2.733902,66.23703
-2.733902,67.22452
-2.733902,67.22452
-2.733902,70.18686
-2.733902,73.14926
-3.128891,78.08652
-2.733902,84.01126
-2.733902,89.936005
-2.733902,96.848236
-2.733902,101.78549
-2.733902,106.72281
-3.128891,110.67264
-3.128891,112.64755
-3.128891,113.63498
-2.733902,114.62247
-2.733902,113.63498
-2.733902,113.63498
-2.733902,112.64755
-2.733902,111.660065
17.015244,110.67264
34.394485,110.67264
32.814545,108.69772
32.024582,108.69772
31.23462,107.710236
30.83963,106.72281
30.444656,105.73532
29.654694,104.747894
29.654694,103.76041
29.259705,102.77298
28.864716,100.798065
28.469742,98.82315
28.469742,96.848236
28.074753,94.87332
27.67978,92.89841
28.074753,88.94858
27.67978,87.96109
27.67978,85.986176
27.67978,84.99875
27.67978,84.01126
27.67978,84.01126
27.67978,83.023834
27.67978,84.01126
27.67978,84.01126
27.67978,84.01126
27.67978,84.01126
28.074753,84.01126
27.67978,84.01126
28.469742,84.01126
28.864716,84.01126
29.654694,82.03635
31.23462,82.03635
32.814545,82.03635
34.78946,81.04892
37.554337,79.074005
40.31923,79.074005
43.084106,78.08652
46.243973,77.09909
49.00885,78.08652
52.1687,76.1116
54.933594,75.124176
56.11853,75.124176
57.303482,75.124176
58.488434,74.13669
58.488434,74.13669
58.093445,73.14926
57.303482,73.14926
56.11853,72.16177
54.933594,72.16177
53.748642,71.17435
52.1687,70.18686
50.983765,70.18686
49.798813,70.18686
49.00885,70.18686
47.8239,69.19943
47.033936,69.19943
46.638947,69.19943
45.453995,69.19943
44.26906,68.211945
43.084106,67.22452
42.294144,67.22452
40.31923,67.22452
39.52925,67.22452
37.949326,67.22452
36.3694,67.22452
34.78946,68.211945
32.814545,71.17435
