tree
version=v4
num_class=1
num_tree_per_iteration=1
label_index=0
max_feature_idx=10
objective=regression
feature_names=crest_time pulse_duration pulse_height pulse_area upstroke_slope w25 w50 w75 b_a_ratio psd_cardiac psd_harmonics
monotone_constraints=-1 0 0 0 0 -1 -1 -1 1 0 0
feature_infos=[0.17000000000000001:1.8500000000000001] [0.55000000000000004:2.3599999999999999] [0.19280415014967356:0.98004436954368856] [0.23175786472903645:1.125051202417761] [0.14859595240019549:4.5310820852872009] [0.25:2.0899999999999999] [0.17000000000000001:0.79000000000000004] [0.11:0.48999999999999999] [3.8991686008589315:7.4113633253922764] none [0:0.01898676805645241]
tree_sizes=1390 1459 1466 1387 1463 1385 1463 1382 1385 1466 1382 1457 1457 1468 898 1379 1376 1469 1469 1389 898 1304 1469 1378 1377 1465 1385 1228 1317 1477 1226 1313 904 1231 1312 1478 1390 1390 1310 1391 1484 1310 1391 1466 985 1239 1471 1314 1488 1479 1394 1311 1392 1317 1323 1403 1242 1489 1397 1231 1321 1408 1400 1155 1318 1414 1320 1153 1402 1407 1162 1397 1237 1160 1390 1235 1394 1483 1071 1404 1398 1491 1407 1493 1239 1332 1228 1323 1075 1404 1482 995 1075 1488 1325 1484 1324 1076 1322 1067 1415 1402 1072 1320 1158 1323 1332 1238 1157 1334 1324 1490 1167 1251 1239 1158 1488 1070 1484 1247

Tree=0
num_leaves=16
num_cat=0
split_feature=4 4 4 10 1 8 4 10 4 2 5 3 2 2 2
split_gain=4399.39 7138.62 4650.26 1418.7 1197.24 813.812 431.585 426.352 287.495 276.16 239.407 119.185 76.0127 116.443 96.8765
threshold=1.3545324155056802 1.0722846885101365 1.7737300424933657 0.0014957512765282953 0.88500000000000012 4.897310718964464 3.7740667922218543 0.0091745938428223085 3.3341261217530933 0.41639749415345861 0.30500000000000005 0.39911917056582019 0.9019554500935415 0.92579273518174066 0.87374230468166303
decision_type=2 2 2 2 2 2 2 2 2 2 2 2 2 2 2
left_child=1 5 9 -4 6 10 8 -8 -5 11 -1 -2 14 -14 -6
right_child=2 -3 3 4 12 -7 7 -9 -10 -11 -12 -13 13 -15 -16
leaf_value=108.17822842554614 107.79359011482883 109.02179833767218 108.4650609819404 108.03705825060707 108.25327518898791 108.35070414581443 108.21631582544222 107.99137125472923 107.84881269637889 107.88067452890223 107.99554866904563 107.66310482834325 108.32849368911488 108.19977295095271 108.13026630563654
leaf_weight=22 21 21 21 27 20 30 28 26 25 30 24 24 23 22 21
leaf_count=22 21 21 21 27 20 30 28 26 25 30 24 24 23 22 21
internal_value=108.136 108.369 108.058 108.153 108.119 108.189 108.029 108.108 107.947 107.787 108.083 107.724 108.23 108.266 108.19
internal_weight=385 97 288 213 192 76 106 54 52 75 46 45 86 45 41
internal_count=385 97 288 213 192 76 106 54 52 75 46 45 86 45 41
is_linear=0
shrinkage=1


Tree=1
num_leaves=16
num_cat=0
split_feature=4 4 4 10 1 8 4 10 2 4 3 2 2 2 3
split_gain=4080.43 7466.77 4044.44 1307.47 1103.38 458.147 397.749 392.926 353.986 265.467 95.1984 70.0533 107.314 89.2814 41.7399
threshold=1.3284376484426785 0.93737733801629963 1.7737300424933657 0.0014957512765282953 0.88500000000000012 4.8692642928580554 3.7740667922218543 0.0091745938428223085 0.41639749415345861 3.4770966637028224 0.39911917056582019 0.9019554500935415 0.92579273518174066 0.87374230468166303 0.49433785249798995
decision_type=2 2 2 2 2 2 2 2 2 2 2 2 2 2 2
left_child=1 5 8 -4 6 14 9 -8 10 -5 -2 13 -13 -6 -1
right_child=2 -3 3 4 11 -7 7 -9 -10 -11 -12 12 -14 -15 -16
leaf_value=-0.11987236794971284 -0.32872435087249391 0.79070945916352442 0.3158877068474179 -0.10448220030466716 0.11257333499193191 0.13415954305575445 0.07709234565496445 -0.13885444155106177 -0.2182701399922371 -0.28741652987220073 -0.44424884185791014 0.1847830977647201 0.061211187622763896 -0.0055151900790986561 -0.039129719972610472
leaf_weight=21 21 27 21 30 20 26 28 26 32 22 25 23 22 21 20
leaf_count=21 21 27 21 30 20 26 28 26 32 22 25 23 22 21 20
internal_value=-1.14565e-10 0.229121 -0.0740116 0.0162286 -0.0165466 0.00280946 -0.102918 -0.026882 -0.320437 -0.181877 -0.391509 0.0899105 0.12437 0.052089 -0.0804857
internal_weight=385 94 291 213 192 67 106 54 78 52 46 86 45 41 41
internal_count=385 94 291 213 192 67 106 54 78 52 46 86 45 41 41
is_linear=0
shrinkage=0.04


Tree=2
num_leaves=16
num_cat=0
split_feature=4 4 4 10 1 8 10 3 2 10 3 2 2 2 3
split_gain=3760.52 6881.38 3727.36 1204.97 1016.87 422.228 367.27 539.779 326.233 160.18 87.7348 64.5611 98.9008 82.2817 38.4675
threshold=1.3284376484426785 0.93737733801629963 1.7737300424933657 0.0014957512765282953 0.88500000000000012 4.8692642928580554 0.0093856728982718626 0.32085228731827115 0.41639749415345861 0.0089855827295630408 0.39911917056582019 0.9019554500935415 0.92579273518174066 0.87374230468166303 0.49433785249798995
decision_type=2 2 2 2 2 2 2 2 2 2 2 2 2 2 2
left_child=1 5 8 -4 6 14 7 9 10 -5 -2 13 -13 -6 -1
right_child=2 -3 3 4 11 -7 -8 -9 -10 -11 -12 12 -14 -15 -16
leaf_value=-0.11507747899918329 -0.31557536380631585 0.75908107139446113 0.30325220743815107 0.10323678317070006 0.1080704043507576 0.12879316650904143 -0.20262482143110699 -0.19918298701445264 -0.20953933894634247 -0.04661540346486228 -0.42647887649536131 0.17739177289216415 0.058762738758867443 -0.0052945819922855918 -0.037564532786607742
leaf_weight=21 21 27 21 25 20 26 36 24 32 21 25 23 22 21 20
leaf_count=21 21 27 21 25 20 26 36 24 32 21 25 23 22 21 20
internal_value=6.25462e-10 0.219956 -0.0710512 0.0155794 -0.0158848 0.00269708 -0.0988008 -0.0454057 -0.307619 0.034826 -0.375849 0.0863141 0.119395 0.0500054 -0.0772663
internal_weight=385 94 291 213 192 67 106 70 78 46 46 86 45 41 41
internal_count=385 94 291 213 192 67 106 70 78 46 46 86 45 41 41
is_linear=0
shrinkage=0.04


Tree=3
num_leaves=15
num_cat=0
split_feature=3 4 7 2 4 3 6 1 6 10 1 3 1 10
split_gain=3549.31 7149.63 5116.65 3373.64 1904.31 213.545 253.367 204.292 174.548 156.662 130.327 79.7986 67.6731 34.281
threshold=0.44403284294400697 0.78942976324324443 0.12500000000000003 0.87851008717118806 1.8257307744750759 0.2809377563916578 0.23500000000000001 0.88500000000000012 0.20500000000000004 0.0091215520066148612 0.90500000000000014 0.4014032885889528 0.87500000000000011 0.0017036897986969538
decision_type=2 2 2 2 2 2 2 2 2 2 2 2 2 2
left_child=2 8 3 -1 7 -6 9 13 -2 -7 -5 -9 -11 -4
right_child=1 -3 4 10 5 6 -8 11 -10 12 -12 -13 -14 -15
leaf_value=0.66238508546352393 0.076771685985418461 0.85194229082627726 -0.19423308634757994 0.026285397071372209 -0.16594141049310565 0.026285397071372209 -0.1234808910594267 -0.30032133712768555 -0.064828554391860957 -0.057086501614111163 0.11425709614628239 -0.40243411938349405 0.0069924546833391547 -0.26279982805252078
leaf_weight=20 26 22 20 23 24 24 34 25 30 20 38 24 27 28
leaf_count=20 26 22 20 23 24 24 34 25 30 20 38 24 27 28
internal_value=-2.01611e-09 0.240948 -0.061218 0.211551 -0.158981 -0.0582952 -0.0336904 -0.292882 0.000914414 0.00930789 0.0637369 -0.350336 -0.0496659 -0.23423
internal_weight=385 78 307 81 226 129 105 97 56 71 61 49 47 48
internal_count=385 78 307 81 226 129 105 97 56 71 61 49 47 48
is_linear=0
shrinkage=0.04


Tree=4
num_leaves=16
num_cat=0
split_feature=4 4 4 10 1 7 8 10 3 2 10 3 2 2 2
split_gain=3283.13 5688.71 3376.47 1107.58 847.123 790.488 567.321 344.676 483.529 202.958 145.611 87.7923 74.0666 90.2772 59.9039
threshold=1.3545324155056802 1.0722846885101365 1.7737300424933657 0.0014957512765282953 0.88500000000000012 0.13500000000000004 4.8018717653721277 0.0093856728982718626 0.32085228731827115 0.41639749415345861 0.0089855827295630408 0.39911917056582019 0.9019554500935415 0.92579273518174066 0.87374230468166303
decision_type=2 2 2 2 2 2 2 2 2 2 2 2 2 2 2
left_child=1 5 9 -4 7 6 -1 8 10 11 -5 -2 14 -14 -6
right_child=2 -3 3 4 12 -7 -8 -9 -10 -11 -12 -13 13 -15 -16
leaf_value=0.023119962453170093 -0.29260543028513591 0.78400868597484774 0.28927697317940848 0.1005164005279541 0.087241187185049057 -0.10701474128347455 0.30222741138367426 -0.1929516981376542 -0.18618969321250917 -0.21801785532633464 -0.042358478151616599 -0.40459544022878013 0.16743033305458402 0.054091193079948426 -0.0094874275014514026
leaf_weight=22 21 21 21 25 20 33 21 36 24 30 21 24 23 22 21
leaf_count=22 21 21 21 25 20 33 21 36 24 30 21 24 23 22 21
internal_value=-7.8373e-06 0.201264 -0.0677974 0.0134736 -0.0166924 0.0402429 0.153255 -0.092372 -0.0406453 -0.298607 0.0352909 -0.352333 0.0765871 0.11202 0.0376973
internal_weight=385 97 288 213 192 76 43 106 70 75 46 45 86 45 41
internal_count=385 97 288 213 192 76 43 106 70 75 46 45 86 45 41
is_linear=0
shrinkage=0.04


Tree=5
num_leaves=15
num_cat=0
split_feature=3 4 7 2 4 3 6 1 6 10 1 3 1 10
split_gain=3094.15 6404.9 4503.28 3037.58 1653.06 191.031 242.446 187.047 144.497 138.989 116.107 82.1071 64.8325 25.8123
threshold=0.44403284294400697 0.78942976324324443 0.12500000000000003 0.87851008717118806 1.8257307744750759 0.2809377563916578 0.23500000000000001 0.88500000000000012 0.20500000000000004 0.0091215520066148612 0.90500000000000014 0.4014032885889528 0.87500000000000011 0.0017036897986969538
decision_type=2 2 2 2 2 2 2 2 2 2 2 2 2 2
left_child=2 8 3 -1 7 -6 9 13 -2 -7 -5 -9 -11 -4
right_child=1 -3 4 10 5 6 -8 11 -10 12 -12 -13 -14 -15
leaf_value=0.62649577938020229 0.066764473043955289 0.80323152562772693 -0.18283628201484681 0.024897896307606544 -0.15691428390642009 0.024897896307606544 -0.11966298937797547 -0.2779075965881348 -0.062071204423904423 -0.054715329261732774 0.10672292596415468 -0.38148682514826454 0.008275366491741605 -0.24233395372118272
leaf_weight=20 26 22 20 23 24 24 34 25 30 20 38 24 27 28
leaf_count=20 26 22 20 23 24 24 34 25 30 20 38 24 27 28
internal_value=-3.51047e-05 0.224934 -0.0571933 0.198705 -0.148909 -0.0551007 -0.031829 -0.273664 -0.00225464 0.0102323 0.0584455 -0.32864 -0.0462109 -0.217543
internal_weight=385 78 307 81 226 129 105 97 56 71 61 49 47 48
internal_count=385 78 307 81 226 129 105 97 56 71 61 49 47 48
is_linear=0
shrinkage=0.04


Tree=6
num_leaves=16
num_cat=0
split_feature=4 4 4 10 1 7 1 10 3 2 10 2 2 3 1
split_gain=2878.5 5577.03 2701.85 1018.56 703.107 475.025 356.014 323.515 432.869 248.642 132.36 82.9469 82.4396 64.9478 52.4359
threshold=1.3284376484426785 1.0039298282219045 1.7737300424933657 0.0014957512765282953 0.88500000000000012 0.13500000000000004 1.0350000000000004 0.0093856728982718626 0.32085228731827115 0.41639749415345861 0.0089855827295630408 0.9019554500935415 0.92579273518174066 0.39911917056582019 0.92500000000000016
decision_type=2 2 2 2 2 2 2 2 2 2 2 2 2 2 2
left_child=1 5 9 -4 7 6 -1 8 10 13 -5 14 -13 -2 -6
right_child=2 -3 3 4 11 -7 -8 -9 -10 -11 -12 12 -14 -15 -16
leaf_value=0.011595249800912795 -0.27132236458006359 0.7668460446312314 0.27604038238525391 0.097827028512954717 0.072804504513740542 -0.091620107235447057 0.23166735825084506 -0.18376500248908997 -0.17391713579495746 -0.17798999041318894 -0.038391763596307665 0.15805416749871296 0.049746588373726065 -0.36674280929565428 -0.017694076356433688
leaf_weight=21 21 21 21 25 20 31 21 36 24 32 21 23 22 25 21
leaf_count=21 21 21 21 25 20 31 21 36 24 32 21 23 22 25 21
internal_value=-4.02593e-05 0.1924 -0.0622031 0.0115537 -0.0173746 0.0271482 0.114811 -0.0863217 -0.036208 -0.263616 0.0356402 0.0676068 0.105104 -0.323181 0.0264516
internal_weight=385 94 291 213 192 73 42 106 70 78 46 86 45 46 41
internal_count=385 94 291 213 192 73 42 106 70 78 46 86 45 46 41
is_linear=0
shrinkage=0.04


Tree=7
num_leaves=15
num_cat=0
split_feature=3 4 7 3 4 4 3 6 4 1 5 1 3 10
split_gain=2711.63 5739.02 3968.24 2789.07 1440.45 179.231 306.087 317.936 168.974 166.509 134.19 120.267 80.6476 18.0817
threshold=0.44403284294400697 0.78942976324324443 0.12500000000000003 0.27041261499459079 1.8257307744750759 3.8757255676027853 0.28401085613682292 0.23500000000000001 4.0626553426394931 0.88500000000000012 0.31500000000000006 0.90500000000000014 0.4014032885889528 0.0017036897986969538
decision_type=2 2 2 2 2 2 2 2 2 2 2 2 2 2
left_child=2 10 3 11 9 6 -6 -8 -7 13 -2 -1 -11 -4
right_child=1 -3 4 -5 5 8 7 -9 -10 12 -12 -13 -14 -15
leaf_value=0.023483347042879778 0.047174364129702252 0.75794756813482811 -0.17412950897216795 0.58338552838280089 -0.21634801149368288 0.023483347042879778 0.023483347042879778 -0.12661742329597472 -0.080971080844218918 -0.25771872367858889 -0.078687308352926505 0.10303734162615406 -0.36037324428558348 -0.22392682722636634
leaf_weight=24 33 22 20 21 22 24 24 33 26 25 23 36 24 28
leaf_count=24 33 22 20 21 22 24 24 33 26 25 23 36 24 28
internal_value=-6.84122e-05 0.210536 -0.053577 0.186639 -0.139672 -0.0521038 -0.0896135 -0.0406984 0.00716144 -0.256129 -0.00451882 0.0477772 -0.307998 -0.203178
internal_weight=385 78 307 81 226 129 79 57 50 97 56 60 49 48
internal_count=385 78 307 81 226 129 79 57 50 97 56 60 49 48
is_linear=0
shrinkage=0.04


Tree=8
num_leaves=15
num_cat=0
split_feature=4 4 4 10 1 7 1 10 3 2 10 2 3 2
split_gain=2501.15 4959.07 2294.47 937.14 568.221 438.709 325.568 298.547 389.043 217.628 119.658 91.0616 54.6961 49.8952
threshold=1.3284376484426785 1.0039298282219045 1.7737300424933657 0.0014957512765282953 0.88500000000000012 0.13500000000000004 1.0350000000000004 0.0093856728982718626 0.32085228731827115 0.41639749415345861 0.0089855827295630408 0.89422246201961586 0.39911917056582019 0.92579273518174066
decision_type=2 2 2 2 2 2 2 2 2 2 2 2 2 2
left_child=1 5 9 -4 7 6 -1 8 10 12 -5 -6 -2 -13
right_child=2 -3 3 4 11 -7 -8 -9 -10 -11 -12 13 -14 -15
leaf_value=0.0087292181671856026 -0.25156998634338379 0.72119021915254133 0.26384008861723401 0.095797071078419699 0.0053236138005740945 -0.090462176415228066 0.21963929962544215 -0.17319314029481675 -0.16199634556969006 -0.16332562059164046 -0.033720673379443941 0.12235839443281293 -0.3391363761901855 0.044105566211722111
leaf_weight=21 21 21 21 25 32 31 21 36 24 32 21 32 25 22
leaf_count=21 21 21 21 25 32 31 21 36 24 32 21 32 25 22
internal_value=0.000120129 0.179504 -0.057825 0.0101442 -0.0176038 0.0236759 0.107921 -0.0795856 -0.0314446 -0.243433 0.0366694 0.0587924 -0.29916 0.0904776
internal_weight=385 94 291 213 192 73 42 106 70 78 46 86 46 54
internal_count=385 94 291 213 192 73 42 106 70 78 46 86 46 54
is_linear=0
shrinkage=0.04


Tree=9
num_leaves=16
num_cat=0
split_feature=3 4 7 2 4 3 6 1 8 3 3 10 4 10 3
split_gain=2371.94 5141.67 3479.94 2545.2 1269.7 171.235 203.042 161.141 128.939 105.588 147.286 87.1132 86.7199 15.0465 2.41482
threshold=0.44403284294400697 0.78942976324324443 0.12500000000000003 0.87851008717118806 1.8551995069326495 0.2809377563916578 0.23500000000000001 0.88500000000000012 4.8692642928580554 0.28779633287593015 0.28372576826787682 0.016585333397644782 1.4283545950903587 0.0017036897986969538 0.26008429364778812
decision_type=2 2 2 2 2 2 2 2 2 2 2 2 2 2 2
left_child=2 8 3 -1 7 -6 9 13 -2 10 -7 -5 -9 -4 -13
right_child=1 -3 4 11 5 6 -8 12 -10 -11 -12 14 -14 -15 -16
leaf_value=0.56658156156539918 -0.051735776215791701 0.71519947290420538 -0.16326220666584759 0.022206680597561403 -0.14224840720494589 0.022206680597561403 -0.10890656486634286 -0.33885699235475986 0.074936231613159182 0.022206680597561403 -0.047556728568809888 0.097615386620163919 -0.23223010768061098 -0.20692586456026352 0.078194472704614909
leaf_weight=20 36 22 23 20 24 20 31 26 20 24 27 20 23 28 21
leaf_count=20 36 22 23 20 24 20 31 26 20 24 27 20 23 28 21
internal_value=8.7991e-05 0.197059 -0.0499568 0.174994 -0.130581 -0.0461171 -0.023498 -0.237005 -0.00649577 0.0137931 -0.0386327 0.046605 -0.288808 -0.187234 0.0876681
internal_weight=385 78 307 81 226 126 102 100 56 71 47 61 49 51 41
internal_count=385 78 307 81 226 126 102 100 56 71 47 61 49 51 41
is_linear=0
shrinkage=0.04


Tree=10
num_leaves=15
num_cat=0
split_feature=3 4 7 3 4 3 6 1 8 3 3 1 4 10
split_gain=2185.76 4738.56 3189.25 2384.33 1175.37 159.209 189.433 148.507 118.831 100.163 138.409 98.8959 79.921 13.8669
threshold=0.44403284294400697 0.78942976324324443 0.12500000000000003 0.27041261499459079 1.8551995069326495 0.2809377563916578 0.23500000000000001 0.88500000000000012 4.8692642928580554 0.28779633287593015 0.28372576826787682 0.90500000000000014 1.4283545950903587 0.0017036897986969538
decision_type=2 2 2 2 2 2 2 2 2 2 2 2 2 2
left_child=2 8 3 11 7 -6 9 13 -2 10 -7 -1 -9 -4
right_child=1 -3 4 -5 5 6 -8 12 -10 -11 -12 -13 -14 -15
leaf_value=0.02113702552474276 -0.049666343759745359 0.68659150860526341 -0.15673172002901203 0.53423582565216787 -0.13655846863985063 0.02113702552474276 -0.10455029660655607 -0.32530271273392897 0.071938784189522265 0.02113702552474276 -0.045292132130093282 0.091336403089678941 -0.22294090270996095 -0.19864883456911361
leaf_weight=24 36 22 23 21 24 20 31 26 20 24 27 36 23 28
leaf_count=24 36 22 23 21 24 20 31 26 20 24 27 36 23 28
internal_value=9.38886e-05 0.189177 -0.0479468 0.167404 -0.12513 -0.0438641 -0.0220536 -0.227525 -0.00623594 0.013966 -0.0379179 0.0390129 -0.277255 -0.179745
internal_weight=385 78 307 81 226 126 102 100 56 71 47 60 49 51
internal_count=385 78 307 81 226 126 102 100 56 71 47 60 49 51
is_linear=0
shrinkage=0.04


Tree=11
num_leaves=16
num_cat=0
split_feature=4 4 4 10 7 2 8 3 7 1 3 10 2 2 3
split_gain=2066.92 3979.92 1908.42 861.772 663.561 521.069 442.467 328.397 323.141 256.847 152.555 114.398 88.8726 75.735 69.2566
threshold=1.3545324155056802 1.0722846885101365 1.7737300424933657 0.0014957512765282953 0.13500000000000004 0.8879124853877397 4.8018717653721277 0.28562762680874082 0.14500000000000005 0.8650000000000001 0.39975269491040061 0.0093856728982718626 0.92579273518174066 0.41457504436859777 0.26178372066532279
decision_type=2 2 2 2 2 2 2 2 2 2 2 2 2 2 2
left_child=1 4 10 -4 6 7 -1 11 -9 -7 13 -5 14 -2 -11
right_child=2 -3 3 5 -6 9 -8 8 -10 12 -12 -13 -14 -15 -16
leaf_value=0.0093998770335186419 -0.23813962191343307 0.6471972792489189 0.25066554296584359 -0.10345025879996163 -0.10983028643059008 -0.084363441126687186 0.26003983588800544 0.093610060201449824 -0.12319013595581055 0.14807735838569128 -0.30791771545410157 -0.23397160313346171 0.010587431169473208 -0.13960221455647395 0.060186681235209108
leaf_weight=22 24 21 21 21 33 21 21 22 22 26 25 22 26 26 32
leaf_count=22 24 21 21 21 33 21 21 22 22 26 25 22 26 26 32
internal_value=7.24516e-05 0.159771 -0.0537151 0.00738502 0.0250881 -0.0192238 0.12863 -0.091616 -0.01479 0.0407583 -0.227239 -0.170229 0.0720388 -0.1869 0.099586
internal_weight=385 97 288 213 76 192 43 87 44 105 75 43 84 50 58
internal_count=385 97 288 213 76 192 43 87 44 105 75 43 84 50 58
is_linear=0
shrinkage=0.04


Tree=12
num_leaves=16
num_cat=0
split_feature=4 4 4 3 3 3 2 8 1 2 10 4 2 2 3
split_gain=1917.4 3986.47 1657.46 841.968 599.613 616.1 601.693 319.096 208.127 164.081 109.119 94.6749 57.3666 64.3704 42.3745
threshold=1.3284376484426785 0.93737733801629963 1.7737300424933657 0.38045791229331588 0.35971662159152479 0.2885449589024433 0.8879124853877397 4.9377497800556913 0.87500000000000011 0.41639749415345861 0.0091215520066148612 0.52880918857992298 0.92579273518174066 0.9043582623309897 0.39911917056582019
decision_type=2 2 2 2 2 2 2 2 2 2 2 2 2 2 2
left_child=1 7 9 4 5 6 10 11 -8 14 -4 -1 13 -10 -2
right_child=2 -3 3 -5 -6 -7 8 -9 12 -11 -12 -13 -14 -15 -16
leaf_value=-0.014632305949926377 -0.21493177379880632 0.56745804751360862 -0.06049811840057373 0.24755854229132337 -0.21082437971363899 0.215324674397707 -0.047754849387753401 0.12095169158208938 0.056580008410889171 -0.13887429229915144 -0.17859011975507583 -0.12983873107958407 0.02330351769924164 0.1522848962653767 -0.29200641326904297
leaf_weight=25 21 27 21 21 23 20 31 21 23 32 31 21 21 22 25
leaf_count=25 21 27 21 21 23 20 31 21 23 32 31 21 21 22 25
internal_value=5.53669e-05 0.157116 -0.0506791 0.00708962 -0.0192117 0.0068658 -0.0211153 -0.00824531 0.037738 -0.208432 -0.130899 -0.0672265 0.0778937 0.103369 -0.25682
internal_weight=385 94 291 213 192 169 149 67 97 78 52 46 66 45 46
internal_count=385 94 291 213 192 169 149 67 97 78 52 46 66 45 46
is_linear=0
shrinkage=0.04


Tree=13
num_leaves=16
num_cat=0
split_feature=3 4 7 2 4 4 3 10 10 4 1 5 10 4 2
split_gain=1826.61 4063.81 2710.22 2185.54 981.414 223.809 325.41 214.552 160.702 146.547 125.695 107.992 69.2364 41.8928 2.14681
threshold=0.44403284294400697 0.78942976324324443 0.12500000000000003 0.87851008717118806 1.6090655900690807 3.7740667922218543 0.38137826821715654 0.0094739665630562426 0.0093856728982718626 1.9640074255400017 0.88500000000000012 0.31500000000000006 0.016585333397644782 1.4021606569431728 0.91833838493760356
decision_type=2 2 2 2 2 2 2 2 2 2 2 2 2 2 2
left_child=2 11 3 -1 10 6 7 9 -7 -6 -4 -2 -5 -12 -14
right_child=1 -3 4 12 5 8 -8 -9 -10 -11 13 -13 14 -15 -16
leaf_value=0.51752319622039789 0.038312615169720218 0.63354538050564857 -0.17195467269781867 0.019820984338328698 -0.12222725287727688 0.019820984338328698 0.019820984338328698 -0.036582469031924296 -0.094552823588961651 -0.26837807360149568 -0.31798210430145263 -0.074596289137135383 0.066352894840141133 -0.23959670320153237 0.08466440212726592
leaf_weight=20 33 22 33 20 23 41 22 21 21 21 20 23 21 24 20
leaf_count=20 33 22 33 20 23 41 22 21 21 21 20 23 21 24 20
internal_value=5.31531e-05 0.172905 -0.0438636 0.154657 -0.115015 -0.055093 -0.096478 -0.141775 0.00297938 -0.191981 -0.230967 -0.00806068 0.0356841 -0.275226 0.0752853
internal_weight=385 78 307 81 226 149 87 65 62 44 77 56 61 44 41
internal_count=385 78 307 81 226 149 87 65 62 44 77 56 61 44 41
is_linear=0
shrinkage=0.04


Tree=14
num_leaves=9
num_cat=0
split_feature=7 10 4 2 4 4 1 7
split_gain=1703.31 3663.34 5990.01 1292.52 427.622 121.219 43.9596 15.7854
threshold=0.13500000000000004 0.0022733965529708471 0.60317074231874968 0.58566901688433914 1.2558576205181218 1.4796691851244668 0.84500000000000008 0.12500000000000003
decision_type=2 2 2 2 2 2 2 2
left_child=1 2 -1 4 -2 -6 -7 -3
right_child=3 7 -4 -5 5 6 -8 -9
leaf_value=0.052367974000317716 -0.018919032031092152 0.066185266997416822 0.92014071328938007 0.0086632719864482288 -0.24950737714767457 -0.19831022058214462 -0.13261816493593728 0.0086632719864482288
leaf_weight=35 29 75 20 78 38 28 39 43
leaf_count=35 29 75 20 78 38 28 39 43
internal_value=9.64325e-05 0.0932334 0.367922 -0.0759068 -0.154886 -0.192439 -0.160072 0.00866327
internal_weight=385 173 55 212 134 105 67 118
internal_count=385 173 55 212 134 105 67 118
is_linear=0
shrinkage=0.04


Tree=15
num_leaves=15
num_cat=0
split_feature=3 0 7 3 4 6 10 4 1 4 1 1 2 3
split_gain=1600.57 3738.28 2323.45 1934.08 870.361 273.139 149.648 195.1 326.99 119.458 99.8289 75.4701 57.3617 9.20895
threshold=0.44403284294400697 0.67500000000000016 0.12500000000000003 0.27041261499459079 1.8551995069326495 0.21500000000000002 0.0097910932219342096 3.7740667922218543 0.83500000000000008 1.4686192666627493 0.89500000000000013 0.90500000000000014 0.41777790772781614 0.28401085613682292
decision_type=2 2 2 2 2 2 2 2 2 2 2 2 2 2
left_child=2 -2 3 11 9 -3 7 8 -6 10 -4 -1 -11 -9
right_child=1 5 4 -5 6 -7 -8 13 -10 12 -12 -13 -14 -15
leaf_value=0.017381550511255721 0.63290087759494784 0.064114031678921463 -0.18840416431427001 0.47261103720892045 0.017381550511255721 -0.11650161885079884 -0.11725722460911192 0.017381550511255721 -0.17164729440011658 -0.1947843279540539 -0.2956209896008174 0.076505066172944169 -0.10215972821349682 -0.027055851289859184
leaf_weight=24 20 37 33 21 21 21 29 24 26 20 24 36 23 26
leaf_count=24 20 37 33 21 21 21 29 24 26 20 24 36 23 26
internal_value=-0.00047428 0.16133 -0.041584 0.142226 -0.107463 -0.00128129 -0.0375317 -0.0136963 -0.0755432 -0.195576 -0.233548 0.0265912 -0.145241 0.0173816
internal_weight=385 78 307 81 226 58 126 97 47 100 57 60 43 50
internal_count=385 78 307 81 226 58 126 97 47 100 57 60 43 50
is_linear=0
shrinkage=0.04


Tree=16
num_leaves=15
num_cat=0
split_feature=4 4 1 2 7 8 4 1 1 2 2 10 10 3
split_gain=1483.47 3193.2 1521.67 1226.21 552.381 462.326 357.68 410.819 211.52 81.5422 72.2952 60.1991 78.461 54.7046
threshold=1.3545324155056802 1.0722846885101365 0.81500000000000006 0.8879124853877397 0.14500000000000005 4.7879909676470582 1.6090655900690807 0.88500000000000012 0.8650000000000001 0.92579273518174066 0.41397631385136663 0.0090263198135544596 0.001725342520404824 0.25922374483452698
decision_type=2 2 2 2 2 2 2 2 2 2 2 2 2 2
left_child=1 4 -2 6 5 -1 10 11 -5 13 -4 12 -8 -10
right_child=2 -3 3 8 -6 -7 7 -9 9 -11 -12 -13 -14 -15
leaf_value=-0.015699450969696046 0.27383852796121078 0.5715933372860863 -0.25925128249561086 -0.079511733566011697 -0.13519169367276704 0.22933604608205233 -0.1701732669224342 0.01908229067470088 0.14037152957348595 0.0035580697426429164 -0.16742885387462117 -0.21054466959834098 -0.069363735176268079 0.059541022294276477
leaf_weight=28 22 21 34 21 26 22 30 33 21 26 23 20 21 37
leaf_count=28 22 21 34 21 26 22 30 33 21 26 23 20 21 37
internal_value=-0.000301574 0.134993 -0.0458694 -0.0723114 0.014353 0.0921162 -0.141667 -0.097529 0.0340341 0.0624206 -0.2222 -0.151729 -0.128663 0.0888072
internal_weight=385 97 288 266 76 50 161 104 105 84 57 71 51 58
internal_count=385 97 288 266 76 50 161 104 105 84 57 71 51 58
is_linear=0
shrinkage=0.04


Tree=17
num_leaves=16
num_cat=0
split_feature=3 4 7 2 4 10 4 1 4 8 1 10 2 2 3
split_gain=1396.64 3416.51 2011.5 1778.01 787.061 136.294 178.58 277.47 108.869 105.193 102.281 56.8533 46.5761 2.62151 0.548034
threshold=0.44403284294400697 0.78942976324324443 0.12500000000000003 0.87851008717118806 1.8551995069326495 0.0097910932219342096 3.7740667922218543 0.83500000000000008 1.4686192666627493 4.8692642928580554 0.89500000000000013 0.016585333397644782 0.41777790772781614 0.91833838493760356 0.28401085613682292
decision_type=2 2 2 2 2 2 2 2 2 2 2 2 2 2 2
left_child=2 9 3 -1 8 6 7 -6 10 -2 -4 -5 -10 -13 -8
right_child=1 -3 4 11 5 -7 14 -9 12 -11 -12 13 -14 -15 -16
leaf_value=0.45962681078910828 -0.055935639689366025 0.57321929671547633 -0.17433369874954224 0.016173453548576983 0.016173453548576983 -0.10957286078354407 0.016173453548576983 -0.15923187168744896 -0.18036964359879495 0.05847883974760771 -0.28285953064759572 0.054627347361473809 -0.096906128396158628 0.074862347960472114 -0.025276734737249524
leaf_weight=20 36 22 33 20 21 29 24 26 20 20 24 21 23 20 26
leaf_count=20 36 22 33 20 21 29 24 26 20 20 24 21 23 20 26
internal_value=-0.000289511 0.150855 -0.0386911 0.132335 -0.0999881 -0.0334876 -0.0107405 -0.0708568 -0.183779 -0.0150733 -0.220029 0.0250263 -0.135726 0.0644981 0.0161735
internal_weight=385 78 307 81 226 126 97 47 100 56 57 61 43 41 50
internal_count=385 78 307 81 226 126 97 47 100 56 57 61 43 41 50
is_linear=0
shrinkage=0.04


Tree=18
num_leaves=16
num_cat=0
split_feature=4 4 1 2 7 2 8 1 10 3 3 10 2 4 2
split_gain=1307.31 3056.06 1368.88 1056.6 348.074 297.342 270.818 190.675 178.906 112.751 239.937 88.2569 76.1172 49.3071 3.50642
threshold=1.3284376484426785 1.0039298282219045 0.81500000000000006 0.8879124853877397 0.14500000000000005 0.41280516410575652 4.7879909676470582 0.8650000000000001 0.0020914132064925252 0.39520229918921074 0.28562762680874082 0.0093856728982718626 0.92579273518174066 3.0957115260754882 0.40805823756594212
decision_type=2 2 2 2 2 2 2 2 2 2 2 2 2 2 2
left_child=1 4 -2 5 6 14 -1 -5 -7 10 11 -10 13 -9 -4
right_child=2 -3 3 7 -6 8 -8 12 9 -11 -12 -13 -14 -15 -16
leaf_value=-0.013063145024435861 0.26135631517930463 0.55480993452526284 -0.21323552000522614 -0.075546416611898523 -0.11755614201227824 -0.021487084351041737 0.17696079308078402 0.045186335731435705 -0.10528547729764666 -0.21294809287786487 -0.011800767271607011 -0.21992848504673351 0.0023401858256413386 0.11912401795387269 -0.23692152166366576
leaf_weight=28 22 21 20 21 24 34 21 27 21 20 27 22 26 31 20
leaf_count=28 22 21 20 21 24 34 21 27 21 20 27 22 26 31 20
internal_value=-0.000113121 0.129575 -0.0420056 -0.0668158 0.00724741 -0.130248 0.0683757 0.0322595 -0.0996578 -0.129189 -0.105258 -0.16394 0.059211 0.0847048 -0.225079
internal_weight=385 94 291 269 73 164 49 105 124 90 70 43 84 58 40
internal_count=385 94 291 269 73 164 49 105 124 90 70 43 84 58 40
is_linear=0
shrinkage=0.04


Tree=19
num_leaves=15
num_cat=0
split_feature=3 4 7 3 4 1 10 6 4 1 8 1 2 10
split_gain=1228.83 3075.6 1788.26 1640.37 706.118 121.904 283.703 204.427 100.183 97.6737 95.6304 59.2849 37.0791 24.3836
threshold=0.44403284294400697 0.78942976324324443 0.12500000000000003 0.27041261499459079 1.8551995069326495 0.87500000000000011 0.0093201447311772236 0.23500000000000001 1.4686192666627493 0.89500000000000013 4.8692642928580554 0.90500000000000014 0.41777790772781614 0.0088891354195518198
decision_type=2 2 2 2 2 2 2 2 2 2 2 2 2 2
left_child=2 10 3 11 8 6 7 13 9 -4 -2 -1 -10 -6
right_child=1 -3 4 -5 5 -7 -8 -9 12 -11 -12 -13 -14 -15
leaf_value=0.015601091766468445 -0.054727618346611662 0.54240342833779076 -0.16341002225875856 0.42939380044028874 0.015601091766468445 0.015601091766468445 -0.18862245011329651 -0.10399537563323975 -0.16702708911895753 -0.26946318477392195 0.054362560525536542 0.067081316941314278 -0.092557356668555218 -0.038179523676633832
leaf_weight=24 36 22 33 21 25 32 20 29 20 24 20 36 23 20
leaf_count=24 36 22 33 21 25 32 20 29 20 24 20 36 23 20
internal_value=-0.000108594 0.141666 -0.0361295 0.125127 -0.093925 -0.0309368 -0.0549539 -0.0188273 -0.17329 -0.208064 -0.0157668 0.0186338 -0.127194 0.0156011
internal_weight=385 78 307 81 226 126 94 74 100 57 56 60 43 45
internal_count=385 78 307 81 226 126 94 74 100 57 56 60 43 45
is_linear=0
shrinkage=0.04


Tree=20
num_leaves=9
num_cat=0
split_feature=7 10 4 2 4 2 10 4
split_gain=1144.04 3027.63 4922.69 915.09 287.672 68.6689 53.2311 16.5976
threshold=0.13500000000000004 0.0022733965529708471 0.60317074231874968 0.58566901688433914 1.2558576205181218 0.41639749415345861 0.0016225920649750312 1.4796691851244668
decision_type=2 2 2 2 2 2 2 2
left_child=1 2 -1 4 -2 7 -7 -6
right_child=3 -3 -4 -5 5 6 -8 -9
leaf_value=0.042194431849888393 -0.017561795711517333 0.0070302610616890873 0.82886656141281123 0.0070302610616890873 -0.21462467525686538 -0.18194565883278849 -0.10055573095877966 -0.1675819706916809
leaf_weight=35 29 118 20 78 28 20 36 21
leaf_count=35 29 118 20 78 28 20 36 21
internal_value=9.33613e-06 0.0763394 0.328257 -0.0622789 -0.129082 -0.159882 -0.129624 -0.194464
internal_weight=385 173 55 212 134 105 56 49
internal_count=385 173 55 212 134 105 56 49
is_linear=0
shrinkage=0.04


Tree=21
num_leaves=14
num_cat=0
split_feature=3 0 7 2 0 6 2 0 10 10 10 3 2
split_gain=1067.53 2838.7 1546.5 1455.62 631.298 247.987 159.062 269.598 144.925 68.003 48.8716 4.28549 2.58215
threshold=0.44403284294400697 0.67500000000000016 0.12500000000000003 0.87851008717118806 0.26500000000000007 0.21500000000000002 0.86948166206822852 0.21500000000000002 0.0097198888766908981 0.0024072915555046009 0.016585333397644782 0.38045791229331588 0.91833838493760356
decision_type=2 2 2 2 2 2 2 2 2 2 2 2 2
left_child=2 -2 3 -1 6 -3 7 -4 -8 -6 -5 -9 -12
right_child=1 5 4 10 9 -7 8 11 -10 -11 12 -13 -14
leaf_value=0.41231039190292357 0.5428628768920899 0.052540008386446013 0.014320790707058925 0.014320790707058925 -0.22493791832643395 -0.11955867721920921 0.014320790707058925 -0.1121168460047792 -0.08908083926547658 -0.14799466514587403 0.048580053902807688 -0.093282270587008928 0.068662553846836089
leaf_weight=20 20 37 21 20 34 21 42 44 22 40 21 23 20
leaf_count=20 20 37 21 20 34 21 42 44 22 40 21 23 20
internal_value=-0.000212496 0.13193 -0.033786 0.116175 -0.087533 -0.00977158 -0.0408867 -0.0757822 0.00709462 -0.183347 0.0190809 -0.112117 0.0583764
internal_weight=385 78 307 81 226 58 152 88 64 74 61 67 41
internal_count=385 78 307 81 226 58 152 88 64 74 61 67 41
is_linear=0
shrinkage=0.04


Tree=22
num_leaves=16
num_cat=0
split_feature=4 0 1 2 7 0 1 4 10 10 3 1 10 2 2
split_gain=1008.75 2596.5 1188.19 863.133 324.915 230.096 431.927 167.561 100.853 95.0921 76.8317 83.0181 51.0892 58.2416 21.3018
threshold=1.3284376484426785 0.53000000000000014 0.81500000000000006 0.8879124853877397 0.14500000000000005 0.26500000000000007 0.87500000000000011 4.0626553426394931 0.00062213899722951148 0.010064461545539126 0.26178372066532279 0.90500000000000014 0.0026340890591453211 0.41280516410575652 0.84324419001470852
decision_type=2 2 2 2 2 2 2 2 2 2 2 2 2 2 2
left_child=1 -1 -2 5 8 6 14 9 -3 -5 11 -11 13 -7 -4
right_child=2 4 3 7 -6 12 -8 -9 -10 10 -12 -13 -14 -15 -16
leaf_value=0.45374255327078011 0.24567068230022085 0.098516355282068258 -0.1226395762177953 0.13207354509830477 -0.14266668276353317 -0.19176564071489416 0.070778572258229061 -0.065939330354980799 -0.020389653642972311 0.0080881300994328081 -0.030450874226433888 0.12195923733711243 -0.2103696234623591 -0.1226395762177953 -0.087050290618624016
leaf_weight=26 22 25 39 20 22 23 24 23 21 21 21 20 30 20 28
leaf_count=26 22 25 39 20 22 23 24 23 21 21 21 20 30 20 28
internal_value=-0.000161866 0.113759 -0.0369611 -0.060076 -0.0162344 -0.117408 -0.0749719 0.0294708 0.0442332 0.0562322 0.0317672 0.063635 -0.170307 -0.142357 -0.12264
internal_weight=385 94 291 269 68 164 91 105 46 82 62 41 73 43 67
internal_count=385 94 291 269 68 164 91 105 46 82 62 41 73 43 67
is_linear=0
shrinkage=0.04


Tree=23
num_leaves=15
num_cat=0
split_feature=3 4 7 3 4 4 3 5 3 8 4 1 4 1
split_gain=965.682 2617.15 1384 1347.34 574.118 143.226 229.792 200.765 291.733 99.7996 92.3815 73.7058 60.0356 48.207
threshold=0.44403284294400697 0.78942976324324443 0.12500000000000003 0.27041261499459079 1.6090655900690807 3.8757255676027853 0.38137826821715654 0.32500000000000007 0.28401085613682292 4.8692642928580554 4.0626553426394931 0.88500000000000012 1.4021606569431728 0.90500000000000014
decision_type=2 2 2 2 2 2 2 2 2 2 2 2 2 2
left_child=2 9 3 13 11 6 7 8 -6 -2 -7 -4 -13 -1
right_child=1 -3 4 -5 5 10 -8 -9 -10 -11 -12 12 -14 -15
leaf_value=0.013363885180034635 -0.059559847149584025 0.49513364401730625 -0.12648674489873829 0.38547236908049815 -0.10518409920448349 0.013363885180034635 0.013363885180034635 -0.17004174094540733 0.013363885180034635 0.051883005201816559 -0.062328299432992937 -0.25675125265121457 -0.16291511144489051 0.059651855470405683
leaf_weight=24 36 22 33 21 22 24 22 35 20 20 26 20 24 36
leaf_count=24 36 22 33 21 22 24 22 35 20 20 26 20 24 36
internal_value=-0.000213439 0.125467 -0.0321453 0.109718 -0.0829901 -0.0371592 -0.0650996 -0.0992879 -0.0403265 -0.0197588 0.0133639 -0.171676 -0.205568 0.0133639
internal_weight=385 78 307 81 226 149 99 77 42 56 50 77 44 60
internal_count=385 78 307 81 226 149 99 77 42 56 50 77 44 60
is_linear=0
shrinkage=0.04


Tree=24
num_leaves=15
num_cat=0
split_feature=3 0 7 2 4 6 4 4 6 4 4 10 10 2
split_gain=887.229 2415.04 1255.69 1265.99 540.495 227.837 105.404 237.341 174.716 84.2373 79.465 81.5375 40.1102 2.04684
threshold=0.44403284294400697 0.67500000000000016 0.12500000000000003 0.87851008717118806 1.8032006358226618 0.21500000000000002 3.8757255676027853 3.657274023601083 0.23500000000000001 4.0626553426394931 1.3874663507766829 0.0024072915555046009 0.016585333397644782 0.91833838493760356
decision_type=2 2 2 2 2 2 2 2 2 2 2 2 2 2
left_child=2 -2 3 -1 10 -3 7 8 -6 -8 -4 -12 -5 -14
right_child=1 5 4 12 6 -7 9 -9 -10 -11 11 -13 13 -15
leaf_value=0.38067506361007686 0.49947860383987425 0.049475018108213274 -0.20607755390803018 0.01272235267452825 0.01272235267452825 -0.11548381524426597 0.01272235267452825 -0.16073106658955413 -0.08179000445348876 -0.059835167292218945 -0.1633286024056948 -0.070789271664619444 0.04359239471100626 0.061472482681274414
leaf_weight=20 20 37 30 20 23 21 24 24 35 26 39 25 21 20
leaf_count=20 20 37 30 20 23 21 24 24 35 26 39 25 21 20
internal_value=-1.87895e-05 0.120449 -0.0306261 0.104502 -0.0790568 -0.0102515 -0.0268559 -0.0549403 -0.0111649 0.0127224 -0.15236 -0.12718 0.0139529 0.0523144
internal_weight=385 78 307 81 226 58 132 82 58 50 94 64 61 41
internal_count=385 78 307 81 226 58 132 82 58 50 94 64 61 41
is_linear=0
shrinkage=0.04


Tree=25
num_leaves=16
num_cat=0
split_feature=4 4 10 2 7 8 0 4 3 3 10 2 2 3 3
split_gain=840.057 2181.06 1183.53 839.505 438.775 333.687 238.37 147.859 143.529 257.765 123.811 75.5245 68.9804 45.0776 30.8699
threshold=1.3545324155056802 1.0722846885101365 0.0014158763239610708 0.8879124853877397 0.14500000000000005 4.7879909676470582 0.26500000000000007 4.0626553426394931 0.28562762680874082 0.36667526191266303 0.010064461545539126 0.92579273518174066 0.90589193886971897 0.39975269491040061 0.38238302459764661
decision_type=2 2 2 2 2 2 2 2 2 2 2 2 2 2 2
left_child=1 4 -2 6 5 -1 8 10 -4 -10 -5 12 -12 -8 -11
right_child=2 -3 3 7 -6 -7 13 -9 9 14 11 -13 -14 -15 -16
leaf_value=-0.019931496041161675 0.26278845119476318 0.46289360489164083 -0.11888250739862109 0.14014122202282861 -0.13092449866808378 0.18824156453663651 -0.14532566188679388 -0.058415218317962217 0.084179163038730617 -0.11888250739862109 0.0093534188920801325 -0.036210763573646547 0.11199451249837875 -0.21246555306017401 -0.056655959204903676
leaf_weight=28 20 21 29 21 26 22 48 23 20 20 22 20 20 24 21
leaf_count=28 20 21 29 21 26 22 48 23 20 20 22 20 20 24 21
internal_value=0.000250509 0.102061 -0.03404 -0.0561914 0.00235784 0.0716647 -0.113458 0.0313289 -0.0700594 -0.03355 0.0561978 0.0277653 0.0582301 -0.167706 -0.0909789
internal_weight=385 97 288 268 76 50 162 106 90 61 83 62 42 72 41
internal_count=385 97 288 268 76 50 162 106 90 61 83 62 42 72 41
is_linear=0
shrinkage=0.04


Tree=26
num_leaves=15
num_cat=0
split_feature=4 0 1 2 7 0 1 1 10 10 2 4 2 2
split_gain=782.149 2224.65 1052.6 698.794 296.604 193.821 367.283 136.435 93.2982 74.7437 67.9205 55.921 41.2845 18.6983
threshold=1.3284376484426785 0.53000000000000014 0.81500000000000006 0.8879124853877397 0.14500000000000005 0.26500000000000007 0.87500000000000011 0.8650000000000001 0.00062213899722951148 0.0026340890591453211 0.92579273518174066 3.0957115260754882 0.41280516410575652 0.84324419001470852
decision_type=2 2 2 2 2 2 2 2 2 2 2 2 2 2
left_child=1 -1 -2 5 8 6 13 -5 -3 12 11 -9 -7 -4
right_child=2 4 3 7 -6 9 -8 10 -10 -11 -12 -13 -14 -15
leaf_value=0.41515049861027642 0.23375330859964547 0.090110094404220575 -0.11040794002014741 -0.064640115655603861 -0.14067216114564376 -0.16569582094316895 0.06775709303716819 0.03134664469295078 -0.024255651831626892 -0.20261448256174724 -0.0043713788802807151 0.11008726189213414 -0.11040794002014741 -0.07701938390731812
leaf_weight=26 22 25 39 21 22 23 24 27 21 30 26 31 20 28
leaf_count=26 22 25 39 21 22 23 24 27 21 30 26 31 20 28
internal_value=0.000139304 0.100452 -0.0322642 -0.0540203 -0.0198736 -0.105606 -0.0666587 0.0265521 0.0378996 -0.154157 0.0493501 0.0734321 -0.12035 -0.110408
internal_weight=385 94 291 269 68 164 91 105 46 73 84 58 43 67
internal_count=385 94 291 269 68 164 91 105 46 73 84 58 43 67
is_linear=0
shrinkage=0.04


Tree=27
num_leaves=13
num_cat=0
split_feature=3 4 7 3 0 4 1 10 8 10 10 1
split_gain=762.68 2196.04 1095.02 1159.5 472.856 133.968 200.972 110.595 99.0322 96.8037 95.0936 37.9846
threshold=0.44403284294400697 0.78942976324324443 0.12500000000000003 0.27041261499459079 0.26500000000000007 3.7740667922218543 0.82500000000000007 0.0093856728982718626 4.8692642928580554 0.0094739665630562426 0.0024072915555046009 0.90500000000000014
decision_type=2 2 2 2 2 2 2 2 2 2 2 2
left_child=2 8 3 11 5 6 -4 -7 -2 -8 -6 -1
right_child=1 -3 4 -5 10 7 9 -9 -10 -11 -12 -13
leaf_value=0.012196158272127033 -0.060891977018780179 0.450407863963734 0.012196158272127033 0.35377485808872039 -0.20561604331521427 0.012196158272127033 -0.094786731478417693 -0.079598942406120754 0.050121597051620483 -0.0061722912788391114 -0.11462848124094308 0.053583272803160879
leaf_weight=24 36 22 23 21 34 41 47 21 20 20 40 36
leaf_count=24 36 22 23 21 34 41 47 21 20 20 40 36
internal_value=9.36763e-05 0.111786 -0.0282841 0.0979027 -0.0735104 -0.0331399 -0.0643082 0.0121044 -0.0212443 -0.0947867 -0.156434 0.0121962
internal_weight=385 78 307 81 226 152 90 62 56 67 74 60
internal_count=385 78 307 81 226 152 90 62 56 67 74 60
is_linear=0
shrinkage=0.04


Tree=28
num_leaves=14
num_cat=0
split_feature=3 4 7 2 4 10 6 4 8 10 10 10 2
split_gain=704.642 2023.87 997.843 1092.51 438.554 100.509 149.488 93.1028 91.2681 81.0813 32.219 3.65229 2.27298
threshold=0.44403284294400697 0.78942976324324443 0.12500000000000003 0.87851008717118806 1.8032006358226618 0.0097910932219342096 0.23500000000000001 1.3874663507766829 4.8692642928580554 0.0024072915555046009 0.016585333397644782 0.0091215520066148612 0.91833838493760356
decision_type=2 2 2 2 2 2 2 2 2 2 2 2 2
left_child=2 8 3 -1 7 6 11 -4 -2 -9 -5 -6 -12
right_child=1 -3 4 10 5 -7 -8 9 -10 -11 12 -13 -14
leaf_value=0.34971535921096802 -0.058456297996971343 0.43239153883673931 -0.19466757996877035 0.011321656565619138 0.011321656565619138 -0.089252530089740087 -0.073540282217231953 -0.14531511057645849 0.048116733551025394 -0.053035028934478756 0.037700946856112708 -0.023277298202738165 0.056542847180739049
leaf_weight=20 36 22 30 20 34 29 37 39 20 25 21 32 20
leaf_count=20 36 22 30 20 34 29 37 39 20 25 21 32 20
internal_value=-4.39587e-05 0.107314 -0.0273207 0.0931368 -0.0704935 -0.0234722 -0.00495156 -0.136523 -0.0203945 -0.109268 0.0113217 0.0113217 0.0468921
internal_weight=385 78 307 81 226 132 103 94 56 64 61 66 41
internal_count=385 78 307 81 226 132 103 94 56 64 61 66 41
is_linear=0
shrinkage=0.04


Tree=29
num_leaves=16
num_cat=0
split_feature=4 0 10 2 7 10 4 10 3 3 2 2 2 2 2
split_gain=659.011 1990.29 987.751 671.933 321.227 174.722 123.176 117.954 99.5736 141.693 101.485 87.7326 67.3475 63.2902 16.3814
threshold=1.3284376484426785 0.53000000000000014 0.0014158763239610708 0.8879124853877397 0.14500000000000005 0.0020013430504484116 4.0626553426394931 0.010064461545539126 0.39975269491040061 0.2798455656010907 0.86230214869529231 0.42839435430109457 0.92579273518174066 0.90589193886971897 0.41777790772781614
decision_type=2 2 2 2 2 2 2 2 2 2 2 2 2 2 2
left_child=1 -1 -2 5 11 -4 7 -5 9 -7 14 -3 13 -9 -11
right_child=2 4 3 6 -6 8 -8 12 -10 10 -12 -13 -14 -15 -16
leaf_value=0.38979839031512925 0.23456174623398554 0.086898755752123316 -0.024476675987243651 0.13288407393864224 -0.14738695838234642 -0.2000770664215088 -0.053659526018992716 0.0051494186845692722 -0.19141607628928292 -0.13773660008219027 -0.010118903077167014 -0.024535259157419206 -0.037215152263641353 0.10346595675125718 -0.09328245305352742
leaf_weight=26 21 26 37 21 22 20 23 22 27 21 23 20 20 20 36
leaf_count=26 21 26 37 21 22 20 23 22 27 21 23 20 20 20 36
internal_value=5.87529e-05 0.0921373 -0.0296848 -0.0502373 -0.0216743 -0.100968 0.0282519 0.0509502 -0.123253 -0.104849 -0.0810421 0.0384492 0.0231984 0.0519668 -0.10966
internal_weight=385 94 291 270 68 164 106 83 127 100 80 46 62 42 57
internal_count=385 94 291 270 68 164 106 83 127 100 80 46 62 42 57
is_linear=0
shrinkage=0.04


Tree=30
num_leaves=13
num_cat=0
split_feature=3 0 7 1 0 6 4 3 10 10 10 3
split_gain=638.583 1841.2 894.328 1039.4 401.778 192.133 121.048 182.148 97.8791 96.3363 87.3073 43.1478
threshold=0.44403284294400697 0.67500000000000016 0.12500000000000003 0.89500000000000013 0.26500000000000007 0.21500000000000002 3.7740667922218543 0.38137826821715654 0.0024072915555046009 0.0093856728982718626 0.0094739665630562426 0.26209669006959818
decision_type=2 2 2 2 2 2 2 2 2 2 2 2
left_child=2 -2 3 -1 6 -3 7 10 -6 -8 -4 -5
right_child=1 5 4 11 8 -7 9 -9 -10 -11 -12 -13
leaf_value=0.30386081905364992 0.43320845723152163 0.042985255879324835 -0.086394614986280469 0.063393489401787517 -0.19311727320446689 -0.10849774416003909 0.010672815493469283 0.010672815493469283 -0.10080671457573771 -0.075137336765016827 -0.00139335560798645 0.010672815493469283
leaf_weight=25 20 37 46 32 34 21 41 24 40 21 20 24
leaf_count=25 20 37 46 32 34 21 41 24 40 21 20 24
internal_value=5.64033e-05 0.102259 -0.0259103 0.0881281 -0.0667824 -0.011862 -0.0295696 -0.0592345 -0.14322 0.0106728 -0.0863946 0.0106728
internal_weight=385 78 307 81 226 58 152 90 74 62 66 56
internal_count=385 78 307 81 226 58 152 90 74 62 66 56
is_linear=0
shrinkage=0.04


Tree=31
num_leaves=14
num_cat=0
split_feature=2 2 8 2 3 6 10 2 1 10 3 4 10
split_gain=597.935 1946.46 744.258 399.001 209.099 872.213 202.634 221.67 155.49 76.8938 70.8904 69.1699 3.67219
threshold=0.40487917062099205 0.36968983351277968 5.1738652371592986 0.8879124853877397 0.28562762680874082 0.22500000000000003 0.0014957512765282953 0.41639749415345861 0.8650000000000001 0.0099208692787062704 0.26178372066532279 1.5556496744748096 0.0094739665630562426
decision_type=2 2 2 2 2 2 2 2 2 2 2 2 2
left_child=1 -1 3 4 12 -6 -7 -8 -5 -10 -11 -9 -2
right_child=2 -3 -4 8 5 6 7 11 9 10 -12 -13 -14
leaf_value=-0.095761740698533909 -0.14241355109214784 0.34628927818934124 0.20775939714340935 -0.069322699852611719 0.084598145842694095 -0.22271225929260255 -0.1591289084666484 -0.011196273968200634 0.084598145842694095 0.054595297238765619 -0.035204411270943557 -0.071975040122082362 -0.16665297949314117
leaf_weight=34 20 30 21 23 37 20 37 20 24 39 22 38 20
leaf_count=34 20 30 21 23 37 20 37 20 24 39 22 38 20
internal_value=-0.000190143 0.11145 -0.0224485 -0.0385631 -0.0731608 -0.051747 -0.106991 -0.0826283 0.022944 0.0479102 0.0222085 -0.0338261 -0.154533
internal_weight=385 64 321 300 192 152 115 95 108 85 61 58 40
internal_count=385 64 321 300 192 152 115 95 108 85 61 58 40
is_linear=0
shrinkage=0.04


Tree=32
num_leaves=9
num_cat=0
split_feature=7 3 4 2 2 10 2 8
split_gain=563.923 2264.64 3190.6 502.091 170.707 261.131 70.5579 16.6236
threshold=0.13500000000000004 0.30482997002367668 0.66412046826402038 0.58566901688433914 0.39897464127932564 0.0014957512765282953 0.41280516410575652 4.8341792132471975
decision_type=2 2 2 2 2 2 2 2
left_child=1 -1 -3 4 -2 -6 -7 -8
right_child=3 2 -4 -5 5 6 7 -9
leaf_value=0.0050576580374070267 -0.0016254774423745963 0.0051433709655937399 0.55696405982971198 0.0050576580374070267 -0.22625020682811736 -0.13679530305862428 -0.083442163006825873 -0.039069526727710455
leaf_weight=105 26 38 30 78 26 25 22 35
leaf_count=105 26 38 30 78 26 25 22 35
internal_value=0.000128383 0.0537185 0.248594 -0.0436031 -0.0936404 -0.115792 -0.0807688 -0.0561958
internal_weight=385 173 68 212 134 108 82 57
internal_count=385 173 68 212 134 108 82 57
is_linear=0
shrinkage=0.04


Tree=33
num_leaves=13
num_cat=0
split_feature=3 4 7 2 4 4 10 6 8 10 4 10
split_gain=548.192 1667.71 747.97 934.737 378.943 109.94 101.18 96.5336 88.3551 72.3603 57.0731 23.2948
threshold=0.44403284294400697 0.78942976324324443 0.12500000000000003 0.87851008717118806 1.8551995069326495 1.3874663507766829 0.0097910932219342096 0.23500000000000001 4.8692642928580554 0.0024072915555046009 1.5739284976036423 0.017014983713233962
decision_type=2 2 2 2 2 2 2 2 2 2 2 2
left_child=2 8 3 -1 5 -4 7 -6 -2 10 -7 -5
right_child=1 -3 4 11 6 9 -8 -9 -10 -11 -12 -13
leaf_value=0.31735957288742067 -0.059105250938898984 0.38936293201013045 -0.18406397422154744 0.0089767959971201877 0.0089767959971201877 -0.1689137376980348 -0.081269832890609225 -0.062181620025827042 0.045753238916397099 -0.037978338384628295 -0.078796718535215957 0.045629995321234074
leaf_weight=20 36 22 30 31 66 22 29 31 20 25 23 30
leaf_count=20 36 22 30 31 66 22 29 31 20 25 23 30
internal_value=-0.000420407 0.0942726 -0.0244792 0.0798112 -0.0618576 -0.119998 -0.0157145 0.00388456 -0.0216558 -0.0925412 -0.122854 0.0089768
internal_weight=385 78 307 81 226 100 126 97 56 70 45 61
internal_count=385 78 307 81 226 100 126 97 56 70 45 61
is_linear=0
shrinkage=0.04


Tree=34
num_leaves=14
num_cat=0
split_feature=2 2 8 2 3 6 10 2 1 2 4 2 10
split_gain=537.412 1759.37 615.794 352.843 213.08 756.36 166.843 191.961 141.264 70.2067 59.142 32.309 3.41889
threshold=0.40487917062099205 0.36968983351277968 5.1738652371592986 0.8879124853877397 0.28562762680874082 0.22500000000000003 0.0014957512765282953 0.41639749415345861 0.8650000000000001 0.92579273518174066 1.5556496744748096 0.9043582623309897 0.0094739665630562426
decision_type=2 2 2 2 2 2 2 2 2 2 2 2 2
left_child=1 -1 3 4 12 -6 -7 -8 -5 11 -9 -10 -2
right_child=2 -3 -4 8 5 6 7 10 9 -11 -12 -13 -14
leaf_value=-0.091546966749079084 -0.13912868332862854 0.32872256485621137 0.18791328892821357 -0.066249052648958959 0.075884395384362771 -0.20377123069763184 -0.14784926804336343 -0.011440744091264948 0.033455571959416071 -0.0092696067003103406 -0.067018124216089131 0.075884395384362771 -0.16251720786094667
leaf_weight=34 20 30 21 23 37 20 37 20 30 26 38 29 20
leaf_count=34 20 30 21 23 37 20 37 20 30 26 38 29 20
internal_value=-0.00038465 0.105454 -0.0214865 -0.0361445 -0.0686795 -0.0470629 -0.0987659 -0.0766595 0.0216956 0.0454924 -0.0312453 0.0696248 -0.150823
internal_weight=385 64 321 300 192 152 115 95 108 85 58 59 40
internal_count=385 64 321 300 192 152 115 95 108 85 58 59 40
is_linear=0
shrinkage=0.04


Tree=35
num_leaves=16
num_cat=0
split_feature=2 2 8 2 1 7 3 1 1 2 10 2 4 3 1
split_gain=491.979 1621.43 565.222 324.004 201.254 547.519 243.396 131.223 111.137 195.926 65.9242 64.8585 64.6289 62.211 17.5291
threshold=0.40487917062099205 0.36968983351277968 5.1738652371592986 0.8879124853877397 0.85500000000000009 0.14500000000000005 0.28112728094893219 0.8650000000000001 1.0350000000000004 0.43158593061631617 0.0099208692787062704 0.92579273518174066 1.4796691851244668 0.25922374483452698 0.89500000000000013
decision_type=2 2 2 2 2 2 2 2 2 2 2 2 2 2 2
left_child=1 -1 3 4 5 -2 -6 -5 9 12 -9 13 14 -12 -8
right_child=2 -3 -4 7 6 -7 8 10 -10 -11 11 -13 -14 -15 -16
leaf_value=-0.087885086922084577 0.073066593173075289 0.31557365973790485 0.18039675518160775 -0.063599091871925029 -0.21179861762306906 -0.12224616827635928 -0.097611919403076175 0.073066593173075289 -0.15330860398709775 0.0216314309364871 0.073066593173075289 -0.039826149702072149 -0.039942251430905386 -0.0060616163909435273 -0.1505708648264408
leaf_weight=34 20 30 21 23 22 29 20 24 20 38 21 20 23 20 20
leaf_count=34 20 30 21 23 22 29 20 24 20 38 21 20 23 20 20
internal_value=-3.01869e-05 0.101236 -0.0202204 -0.0342636 -0.0654407 0.00451967 -0.0894131 0.0211624 -0.0671612 -0.0501023 0.0440979 0.0192287 -0.0933703 0.0480359 -0.124091
internal_weight=385 64 321 300 192 49 143 108 121 101 85 61 63 41 40
internal_count=385 64 321 300 192 49 143 108 121 101 85 61 63 41 40
is_linear=0
shrinkage=0.04


Tree=36
num_leaves=15
num_cat=0
split_feature=1 7 3 0 2 7 0 3 10 4 1 1 4 4
split_gain=481.326 2005.26 693.206 1545.77 531.04 164.487 158.664 153.344 111.906 168.241 78.9661 63.4418 40.461 19.4167
threshold=0.83500000000000008 0.14500000000000005 0.44403284294400697 0.67500000000000016 0.8879124853877397 0.13500000000000004 0.26500000000000007 0.28562762680874082 0.0094739665630562426 3.3341261217530933 0.8650000000000001 0.88500000000000012 1.4021606569431728 3.0336146587261159
decision_type=2 2 2 2 2 2 2 2 2 2 2 2 2 2
left_child=1 -1 4 -4 6 -5 7 -2 -6 13 -9 -8 -13 -10
right_child=2 -3 3 5 8 -7 11 10 9 -11 -12 12 -14 -15
leaf_value=0.40359738159586078 -0.095785493257718526 -0.099179598132769262 0.39026807355880733 0.031334073582762169 0.085482198995848496 -0.11038667958974838 -0.095785493257718526 -0.058030071357886001 0.0045843530784953727 -0.098829003789208156 0.045689233567403717 -0.20518919932842256 -0.13490047894026103 0.054058352947235114
leaf_weight=22 26 30 20 38 30 20 20 24 22 22 23 20 38 30
leaf_count=22 26 30 20 38 30 20 20 24 22 22 23 20 38 30
internal_value=0.000353706 0.113534 -0.0173201 0.0870298 -0.0492388 -0.0175352 -0.0971439 -0.0547605 0.0203157 -0.00610313 -0.00727382 -0.136811 -0.159138 0.033127
internal_weight=385 52 333 78 255 58 151 73 104 74 47 78 58 52
internal_count=385 52 333 78 255 58 151 73 104 74 47 78 58 52
is_linear=0
shrinkage=0.04


Tree=37
num_leaves=15
num_cat=0
split_feature=1 7 3 0 2 6 0 3 10 4 1 1 4 4
split_gain=444.176 1848.05 639.917 1424.58 490.996 158.389 142.969 143.885 103.132 155.051 72.7751 59.2818 37.2889 17.8944
threshold=0.83500000000000008 0.14500000000000005 0.44403284294400697 0.67500000000000016 0.8879124853877397 0.21500000000000002 0.26500000000000007 0.28562762680874082 0.0094739665630562426 3.3341261217530933 0.8650000000000001 0.88500000000000012 1.4021606569431728 3.0336146587261159
decision_type=2 2 2 2 2 2 2 2 2 2 2 2 2 2
left_child=1 -1 4 -4 6 -5 7 -2 -6 13 -9 -8 -13 -10
right_child=2 -3 3 5 8 -7 11 10 9 -11 -12 12 -14 -15
leaf_value=0.38745348236777566 -0.092151648038353823 -0.095212414195140205 0.37465735679864887 0.0329648177365999 0.082062910934289288 -0.10457407130416306 -0.092151648038353823 -0.055708867708841966 0.0044009794430299237 -0.094875841140747069 0.043861663440323398 -0.19698163121938705 -0.12950445968853799 0.051896018192172051
leaf_weight=22 26 30 20 37 30 21 20 24 22 22 23 20 38 30
leaf_count=22 26 30 20 37 30 21 20 24 22 22 23 20 38 30
internal_value=0.000267793 0.108992 -0.0167102 0.0835486 -0.0473776 -0.0168337 -0.0934412 -0.0532085 0.0195031 -0.00585901 -0.00698286 -0.131095 -0.152772 0.031802
internal_weight=385 52 333 78 255 58 151 73 104 74 47 78 58 52
internal_count=385 52 333 78 255 58 151 73 104 74 47 78 58 52
is_linear=0
shrinkage=0.04


Tree=38
num_leaves=14
num_cat=0
split_feature=2 2 8 2 3 6 10 2 1 2 4 2 10
split_gain=423.643 1458.86 488.873 272.529 173.379 640.165 150.921 141.325 125.935 61.2383 58.43 27.8152 2.417
threshold=0.40487917062099205 0.36968983351277968 5.1738652371592986 0.8879124853877397 0.28562762680874082 0.22500000000000003 0.0014957512765282953 0.41639749415345861 0.8650000000000001 0.92579273518174066 1.5556496744748096 0.9043582623309897 0.0094739665630562426
decision_type=2 2 2 2 2 2 2 2 2 2 2 2 2
left_child=1 -1 3 4 12 -6 -7 -8 -5 11 -9 -10 -2
right_child=2 -3 -4 8 5 6 7 10 9 -11 -12 -13 -14
leaf_value=-0.085232856497168538 -0.12446728444099427 0.29746519335110982 0.16802703611907505 -0.063812813033228347 0.068208691907771637 -0.18845698904991148 -0.12864547692440653 -0.010189454152467272 0.029290739645560584 -0.0094530558586120601 -0.064754201901194297 0.068208691907771637 -0.14413247501850129
leaf_weight=34 20 30 21 23 37 20 37 20 30 26 38 29 20
leaf_count=34 20 30 21 23 37 20 37 20 30 26 38 29 20
internal_value=0.000186262 0.0941569 -0.0185493 -0.0316097 -0.0602031 -0.040704 -0.0885876 -0.0675625 0.0192232 0.0416917 -0.0285957 0.0642301 -0.1343
internal_weight=385 64 321 300 192 152 115 95 108 85 58 59 40
internal_count=385 64 321 300 192 152 115 95 108 85 58 59 40
is_linear=0
shrinkage=0.04


Tree=39
num_leaves=15
num_cat=0
split_feature=1 7 3 4 2 0 3 10 4 8 1 1 4 4
split_gain=416.283 1665.55 560.598 1320.67 433.492 130.94 127.61 98.0732 140.049 81.2574 67.5143 54.0719 34.0725 16.6824
threshold=0.83500000000000008 0.14500000000000005 0.44403284294400697 0.78942976324324443 0.8879124853877397 0.26500000000000007 0.28562762680874082 0.0094739665630562426 3.3341261217530933 4.8692642928580554 0.8650000000000001 0.88500000000000012 1.4021606569431728 3.0336146587261159
decision_type=2 2 2 2 2 2 2 2 2 2 2 2 2 2
left_child=1 -1 4 9 5 6 -2 -6 13 -4 -8 -7 -13 -9
right_child=2 -3 3 -5 7 11 10 8 -10 -11 -12 12 -14 -15
leaf_value=0.37014330300417814 -0.086654591109511195 -0.088070592174927395 -0.061140621337625718 0.34053604253313757 0.079241987208525336 -0.086654591109511195 -0.052954533100128175 0.0028394472328099334 -0.091097141341729596 0.039417968869209286 0.042949551447578102 -0.18687582182884219 -0.12237443616515713 0.048697886109352113
leaf_weight=22 26 30 36 22 30 20 24 22 22 20 23 20 38 30
leaf_count=22 26 30 36 22 30 20 24 22 22 20 23 20 38 30
internal_value=0.000533674 0.105789 -0.0159026 0.0779371 -0.0446065 -0.0878887 -0.0493857 0.0182358 -0.00649639 -0.0252268 -0.00602275 -0.123923 -0.144616 0.0292962
internal_weight=385 52 333 78 255 151 73 104 74 56 47 78 58 52
internal_count=385 52 333 78 255 151 73 104 74 56 47 78 58 52
is_linear=0
shrinkage=0.04


Tree=40
num_leaves=16
num_cat=0
split_feature=1 7 3 0 2 7 2 3 10 3 2 10 1 3 10
split_gain=384.132 1534.97 517.926 1548.6 453.962 312.803 106.051 156.418 90.3842 131.595 88.1105 85.7449 72.6714 37.1819 35.0347
threshold=0.83500000000000008 0.14500000000000005 0.40819657495638645 0.53000000000000014 0.8879124853877397 0.14500000000000005 0.41103678988127562 0.28562762680874082 0.0094739665630562426 0.26209669006959818 0.43158593061631617 0.00062213899722951148 0.90500000000000014 0.39816443028970488 0.0093856728982718626
decision_type=2 2 2 2 2 2 2 2 2 2 2 2 2 2 2
left_child=1 -1 4 -4 6 11 -2 14 -6 12 13 -5 -10 -9 -8
right_child=2 -3 3 5 8 -7 7 10 9 -11 -12 -13 -14 -15 -16
leaf_value=0.35533757686614992 -0.16582890466428718 -0.084547768950462329 0.34982181310653687 0.077863354921340944 0.076072307089964555 -0.15850259440285819 -0.10070655282586813 -0.04167893060753422 -0.015989745387009213 -0.070836197793483727 0.028240078488985697 -0.031775246361891427 0.086929004192352291 -0.11163329619169236 -0.17468007524808246
leaf_weight=22 26 30 23 25 30 21 20 31 21 30 21 21 23 20 21
leaf_count=22 26 30 23 25 30 21 20 31 21 30 21 21 23 20 21
internal_value=0.000448506 0.101558 -0.0153403 0.0666295 -0.0456995 -0.0305858 -0.0929902 -0.0762308 0.0175064 -0.00623653 -0.0407177 0.0278109 0.0378087 -0.069112 -0.138595
internal_weight=385 52 333 90 243 67 139 113 104 74 72 46 44 51 41
internal_count=385 52 333 90 243 67 139 113 104 74 72 46 44 51 41
is_linear=0
shrinkage=0.04


Tree=41
num_leaves=14
num_cat=0
split_feature=2 2 8 2 2 7 10 1 1 3 2 2 2
split_gain=366.374 1322.82 406.753 224.342 160.387 686.702 121.364 121.078 86.2139 79.6204 56.609 36.5799 22.2018
threshold=0.40487917062099205 0.36968983351277968 5.1738652371592986 0.8879124853877397 0.5032757620159577 0.13500000000000004 0.0082502256203569446 0.8650000000000001 0.84500000000000008 0.28047837082026905 0.92579273518174066 0.41639749415345861 0.9043582623309897
decision_type=2 2 2 2 2 2 2 2 2 2 2 2 2
left_child=1 -1 3 4 5 -2 -6 -5 -7 -8 12 -10 -9
right_child=2 -3 -4 7 6 8 9 10 11 -11 -12 -13 -14
leaf_value=-0.083001758754253391 0.062143832643134965 0.28141607864697776 0.15319338236536298 -0.064204192291135373 -0.18033701954917475 -0.14956285306215286 -0.12941829752922057 0.027690013527870178 -0.095712244669596366 -0.026384071499109266 -0.0099279089157397922 -0.036626415425225309 0.062143832643134965
leaf_weight=34 27 30 21 23 22 25 20 30 30 30 26 38 29
leaf_count=34 27 30 21 23 22 25 20 30 30 30 26 38 29
internal_value=0.000430567 0.0878191 -0.0169927 -0.0289057 -0.0548485 -0.02653 -0.102046 0.0172147 -0.0860456 -0.0675978 0.0392457 -0.0626937 0.0609155
internal_weight=385 64 321 300 192 120 72 108 93 50 85 68 59
internal_count=385 64 321 300 192 120 72 108 93 50 85 68 59
is_linear=0
shrinkage=0.04


Tree=42
num_leaves=15
num_cat=0
split_feature=1 7 3 0 2 6 0 3 10 3 1 1 1 4
split_gain=366.346 1380.64 480.517 1188.6 363.739 133.849 120.038 109.57 86.2506 169.457 65.9951 60.9322 50.5138 35.8189
threshold=0.83500000000000008 0.14500000000000005 0.44403284294400697 0.67500000000000016 0.8879124853877397 0.21500000000000002 0.26500000000000007 0.28562762680874082 0.0098599266642252475 0.26209669006959818 0.90500000000000014 0.8650000000000001 0.88500000000000012 1.4021606569431728
decision_type=2 2 2 2 2 2 2 2 2 2 2 2 2 2
left_child=1 -1 4 -4 6 -5 7 -2 -6 10 -10 -9 -8 -14
right_child=2 -3 3 5 8 -7 12 11 9 -11 -12 -13 13 -15
leaf_value=0.34026468558744954 -0.079619869507627103 -0.076921918720006949 0.33820623946189882 0.026386158514667201 0.065429164525624875 -0.10004975960368202 -0.079619869507627103 -0.048655619555308179 -0.015934242421672459 -0.098645765651827269 0.082143084646567055 0.042453719183154728 -0.17867936675250529 -0.11254561072656591
leaf_weight=22 26 30 20 37 37 21 20 24 21 23 23 23 20 38
leaf_count=22 26 30 20 37 37 21 20 24 21 23 23 23 20 38
internal_value=0.000839514 0.0995801 -0.0145794 0.0722996 -0.0411542 -0.0193924 -0.0808014 -0.0439362 0.0164106 -0.0106594 0.0353335 -0.0040702 -0.115304 -0.13535
internal_weight=385 52 333 78 255 58 151 73 104 67 44 47 78 58
internal_count=385 52 333 78 255 58 151 73 104 67 44 47 78 58
is_linear=0
shrinkage=0.04


Tree=43
num_leaves=16
num_cat=0
split_feature=1 7 3 4 2 0 3 4 3 8 1 1 2 3 4
split_gain=337.992 1272.4 443.478 1107.96 336.168 108.223 102.757 86.879 87.4515 77.4031 56.1551 47.239 40.2958 41.0243 33.0107
threshold=0.83500000000000008 0.14500000000000005 0.44403284294400697 0.78942976324324443 0.8879124853877397 0.26500000000000007 0.28562762680874082 4.0626553426394931 0.28029003666923585 4.8692642928580554 0.8650000000000001 0.88500000000000012 0.92579273518174066 0.25838854750544588 1.4021606569431728
decision_type=2 2 2 2 2 2 2 2 2 2 2 2 2 2 2
left_child=1 -1 4 9 5 6 -2 8 12 -4 -8 -7 13 -6 -13
right_child=2 -3 3 -5 7 11 10 -9 -10 -11 -12 14 -14 -15 -16
leaf_value=0.32665409781716087 -0.076579093159195061 -0.073845040599505113 -0.060135257542133336 0.30993061098185454 0.073365653797984126 -0.076579093159195061 -0.046709395994742713 -0.054828261773694646 0.10290917819196528 0.0380094450712204 0.040755570738211927 -0.17153219372034073 -0.036681003451347352 -0.0076521309092640877 -0.10804378487169743
leaf_weight=22 26 30 36 22 20 20 24 22 22 20 23 20 20 20 38
leaf_count=22 26 30 36 22 20 20 24 22 22 20 23 20 20 20 38
internal_value=0.00075431 0.0955969 -0.0140559 0.0694076 -0.039586 -0.077701 -0.0426971 0.0157541 0.0346909 -0.0250836 -0.00390739 -0.110461 0.00967751 0.0328568 -0.129936
internal_weight=385 52 333 78 255 151 73 104 82 56 47 78 60 40 58
internal_count=385 52 333 78 255 151 73 104 82 56 47 78 60 40 58
is_linear=0
shrinkage=0.04


Tree=44
num_leaves=10
num_cat=0
split_feature=7 3 4 10 3 0 8 4 1
split_gain=325.414 1571.46 2386.9 293.122 93.4364 126.434 88.2801 27.0942 30.2393
threshold=0.13500000000000004 0.30482997002367668 0.66412046826402038 0.0046902542596025153 0.40819657495638645 0.67500000000000016 4.7709532212174972 1.7087454988732349 0.88500000000000012
decision_type=2 2 2 2 2 2 2 2 2
left_child=1 -1 -3 4 6 -6 -2 8 -8
right_child=3 2 -4 -5 5 -7 7 -9 -10
leaf_value=0.0044176824014154062 -0.14722322736467633 0.0044176824014154062 0.4723836743036906 0.0044176824014154062 0.0044176824014154062 -0.10032483676075936 -0.013072296624833888 -0.10048385221511126 -0.072918725971664697
leaf_weight=105 28 38 30 61 22 20 22 24 35
leaf_count=105 28 38 30 61 22 20 22 24 35
internal_value=0.000673202 0.0413824 0.205544 -0.0325471 -0.0664647 -0.0157751 -0.0859964 -0.0648316 -0.0498201
internal_weight=385 173 68 212 151 42 109 81 57
internal_count=385 173 68 212 151 42 109 81 57
is_linear=0
shrinkage=0.04


Tree=45
num_leaves=13
num_cat=0
split_feature=2 2 8 10 2 1 7 3 2 10 10 10
split_gain=311.049 1171.3 329.836 204.12 177.624 141.356 182.908 100.251 83.1921 113.959 85.977 56.7075
threshold=0.40487917062099205 0.36968983351277968 5.1738652371592986 0.00096734421776943581 0.41280516410575652 0.93500000000000016 0.12500000000000003 0.25732802578433517 0.86948166206822852 0.0026701880895315926 0.0097198888766908981 0.001725342520404824
decision_type=2 2 2 2 2 2 2 2 2 2 2 2
left_child=1 -1 3 -2 -5 6 7 -6 9 11 -10 -8
right_child=2 -3 -4 4 5 -7 8 -9 10 -11 -12 -13
leaf_value=-0.079940549468292904 -0.14379019108685581 0.26297257194916407 0.13747805816786629 -0.11090953890619608 0.018661405461781508 -0.094572781994938848 -0.048068943162759149 0.055487950550800282 0.018661405461781508 -0.09682212539621303 -0.060470135184851559 0.018661405461781508
leaf_weight=34 22 30 21 29 21 26 30 39 43 37 22 31
leaf_count=34 22 30 21 29 21 26 30 39 43 37 22 31
internal_value=0.000279456 0.0808 -0.0157745 -0.0265022 -0.0172204 -0.00630878 0.00398209 0.055488 -0.0181651 -0.0414381 0.0169233 -0.00784445
internal_weight=385 64 321 300 278 249 223 60 163 98 65 61
internal_count=385 64 321 300 278 249 223 60 163 98 65 61
is_linear=0
shrinkage=0.04


Tree=46
num_leaves=16
num_cat=0
split_feature=1 7 3 0 2 6 0 3 3 10 1 3 1 1 4
split_gain=304.28 1063.74 400.006 982.49 299.066 123.264 105.973 97.2507 83.2178 122.521 51.0012 50.0969 61.9788 43.0349 30.3982
threshold=0.83500000000000008 0.14500000000000005 0.44403284294400697 0.67500000000000016 0.8879124853877397 0.21500000000000002 0.26500000000000007 0.28562762680874082 0.28444771275136244 0.0098599266642252475 0.8650000000000001 0.26178372066532279 0.90500000000000014 0.88500000000000012 1.4021606569431728
decision_type=2 2 2 2 2 2 2 2 2 2 2 2 2 2 2
left_child=1 -1 4 -4 6 -5 7 -2 9 -6 -9 12 -11 -8 -15
right_child=2 -3 3 5 8 -7 13 10 -10 11 -12 -13 -14 14 -16
leaf_value=0.30186443502252752 -0.072526989403364953 -0.064326817313830054 0.30758193421363833 0.026394141968843102 0.11601290111030851 -0.094939710611388797 -0.072526989403364953 -0.042207493955890345 -0.05662460486094157 -0.018038101463600815 0.041147124249002208 -0.046016296063150677 0.080351393811404714 -0.16439406374096868 -0.10346973194887764
leaf_weight=22 26 30 20 37 21 21 20 24 21 21 23 21 20 20 38
leaf_count=22 26 30 20 37 21 21 20 24 21 21 23 21 20 20 38
internal_value=0.000611755 0.0906003 -0.0134405 0.0658268 -0.037687 -0.0175371 -0.0736372 -0.038999 0.01451 0.0325079 -0.00141694 0.00422396 0.0299568 -0.106055 -0.124478
internal_weight=385 52 333 78 255 58 151 73 104 83 47 62 41 78 58
internal_count=385 52 333 78 255 58 151 73 104 83 47 62 41 78 58
is_linear=0
shrinkage=0.04


Tree=47
num_leaves=14
num_cat=0
split_feature=10 7 4 1 3 7 4 2 10 10 2 1 8
split_gain=287.905 1400.84 2040.9 340.388 302.436 249.487 321.686 234.073 94.3701 46.2451 88.5833 45.7486 37.0607
threshold=0.002059735237134255 0.13500000000000004 0.56816189802754502 0.94500000000000006 0.40737943321057996 0.12500000000000003 3.0072917514695612 0.85137424746155199 0.0097910932219342096 0.0026340890591453211 0.41397631385136663 0.90500000000000014 4.7709532212174972
decision_type=2 2 2 2 2 2 2 2 2 2 2 2 2
left_child=1 2 -1 5 12 6 -2 9 -9 10 -7 -8 -3
right_child=3 4 -4 -5 -6 7 11 8 -10 -11 -12 -13 -14
leaf_value=0.076767886946407404 0.1887297056913376 -0.1425357965895763 0.53336473762989045 -0.18398811131715775 0.047921536641736186 -0.11778707581070753 0.0076846479196228399 0.0076846479196228399 -0.070032322394847871 -0.13320210189773488 -0.010020698354296063 0.069816897781122308 -0.077778791032971875
leaf_weight=34 20 26 20 20 31 26 24 58 25 26 23 21 31
leaf_count=34 20 26 20 20 31 26 24 58 25 26 23 21 31
internal_value=0.000535685 0.0457851 0.206167 -0.0259064 -0.0526307 -0.0117286 0.0542348 -0.0388655 0.00741505 -0.0900826 -0.0672029 0.00768465 -0.107317
internal_weight=385 142 54 243 88 223 65 158 83 75 49 45 57
internal_count=385 142 54 243 88 223 65 158 83 75 49 45 57
is_linear=0
shrinkage=0.04


Tree=48
num_leaves=16
num_cat=0
split_feature=1 3 3 0 2 7 2 3 10 10 2 2 3 10 2
split_gain=276.725 944.685 336.674 1261.18 290.351 277.847 111.248 121.692 82.9048 80.6434 101.668 75.8921 47.4197 34.0186 29.0762
threshold=0.83500000000000008 0.37374605634547792 0.40819657495638645 0.53000000000000014 0.8879124853877397 0.14500000000000005 0.40805823756594212 0.28562762680874082 0.00062213899722951148 0.0094739665630562426 0.92579273518174066 0.41639749415345861 0.26209669006959818 0.0093856728982718626 0.43158593061631617
decision_type=2 2 2 2 2 2 2 2 2 2 2 2 2 2 2
left_child=1 -1 4 -4 6 8 -2 13 -5 -6 12 -9 -11 -8 -13
right_child=2 -3 3 5 9 -7 7 11 -10 10 -12 14 -14 -15 -16
leaf_value=-0.059889032748838264 -0.16023101218399546 0.28520163048397412 0.30854607100072118 0.069503297615051279 0.068284255735576158 -0.15530788748037247 -0.078641152031719688 -0.089680153317749506 -0.038304256846507394 0.054826155047863721 -0.077135976850986485 -0.02794554889202118 -0.024688808027654888 -0.15153413761229742 0.032627899760291693
leaf_weight=30 21 22 23 25 30 21 20 24 21 30 24 32 20 21 21
leaf_count=30 21 22 23 25 30 21 20 24 21 30 24 32 20 21 21
internal_value=0.000293605 0.0861109 -0.0131073 0.052981 -0.0375844 -0.0347503 -0.0754049 -0.0603088 0.0202868 0.0129642 -0.0094629 -0.0306675 0.0230202 -0.115977 -0.00394475
internal_weight=385 52 333 90 243 67 139 118 46 104 74 77 50 41 53
internal_count=385 52 333 90 243 67 139 118 46 104 74 77 50 41 53
is_linear=0
shrinkage=0.04


Tree=49
num_leaves=16
num_cat=0
split_feature=3 7 4 4 10 3 2 3 3 4 3 10 10 2 3
split_gain=265.49 1182.87 2237.15 308.268 96.1924 91.0819 75.4976 218.07 333.016 90.1378 88.1216 52.8254 46.5849 31.5179 38.2535
threshold=0.38461304846464756 0.13500000000000004 0.66412046826402038 1.8032006358226618 0.0016642208583156435 0.40634294507898489 0.8879124853877397 0.28562762680874082 0.35971662159152479 4.0626553426394931 0.28029003666923585 0.0024072915555046009 0.0093856728982718626 0.92579273518174066 0.25838854750544588
decision_type=2 2 2 2 2 2 2 2 2 2 2 2 2 2 2
left_child=3 2 -2 -1 -3 11 7 12 -9 10 13 -6 -5 14 -8
right_child=1 4 -4 6 5 -7 9 8 -10 -11 -12 -13 -14 -15 -16
leaf_value=-0.17018312798982319 0.068268028547804727 0.010099393584898539 0.51195687250657518 -0.06242543524574666 -0.084615908498349393 -0.14321498155593873 0.065106084048748014 0.1399650969675609 -0.065031100483611229 -0.059007666707038879 0.099077509858391505 0.0002163224977751573 -0.14571599738164381 -0.035510151863098145 -0.013127960452111438
leaf_weight=22 38 35 22 21 23 20 20 21 32 23 22 24 22 20 20
leaf_count=22 38 35 22 21 23 20 20 21 32 23 22 24 22 20 20
internal_value=0.000281861 0.0392535 0.180181 -0.0280294 -0.043645 -0.0717205 -0.0124703 -0.0381085 0.0161938 0.0109704 0.0305983 -0.0412973 -0.105039 0.00548932 0.0259891
internal_weight=385 162 60 223 102 67 201 96 53 105 82 47 43 60 40
internal_count=385 162 60 223 102 67 201 96 53 105 82 47 43 60 40
is_linear=0
shrinkage=0.04


Tree=50
num_leaves=15
num_cat=0
split_feature=1 7 3 4 2 0 4 1 10 4 8 1 4 4
split_gain=256.792 875.227 305.194 893.722 233.421 98.0157 86.7055 94.0138 76.1671 101.547 75.8903 40.6237 32.2761 14.2506
threshold=0.83500000000000008 0.14500000000000005 0.44403284294400697 0.78942976324324443 0.8879124853877397 0.26500000000000007 3.5622429744896249 0.8650000000000001 0.0094739665630562426 3.3341261217530933 4.8692642928580554 0.88500000000000012 1.4021606569431728 3.0336146587261159
decision_type=2 2 2 2 2 2 2 2 2 2 2 2 2 2
left_child=1 -1 4 10 5 6 7 -2 -6 13 -4 -7 -13 -10
right_child=2 -3 3 -5 8 11 -8 -9 9 -11 -12 12 -14 -15
leaf_value=0.27425476312637331 -0.053454354595054279 -0.057907339990139008 -0.063289453343798721 0.27230484301393687 0.065742728556195895 -0.064826892258911487 -0.064826892258911487 0.063484689305451786 -0.0037904444336891176 -0.081854854868724944 0.033891421556472782 -0.15614590632915498 -0.093367856537040911 0.038594022242973251
leaf_weight=22 22 30 36 22 30 20 29 22 22 22 20 20 38 30
leaf_count=22 22 30 36 22 30 20 29 22 22 22 20 20 38 30
internal_value=-4.59188e-05 0.0826228 -0.0129551 0.0562835 -0.034134 -0.0658946 -0.0325823 0.00501517 0.0119799 -0.00981589 -0.028582 -0.0970715 -0.115015 0.0206621
internal_weight=385 52 333 78 255 151 73 44 104 74 56 78 58 52
internal_count=385 52 333 78 255 151 73 44 104 74 56 78 58 52
is_linear=0
shrinkage=0.04


Tree=51
num_leaves=14
num_cat=0
split_feature=2 7 4 2 3 2 1 3 4 1 10 2 3
split_gain=259.29 1194.33 2131.87 576.77 321.669 82.0476 107.025 68.8695 49.751 37.4136 65.2196 35.7676 33.378
threshold=0.67427841884682305 0.13500000000000004 0.93737733801629963 0.85137424746155199 0.44403284294400697 0.8879124853877397 0.8650000000000001 0.2809377563916578 1.8635630716250731 0.87500000000000011 0.0024072915555046009 0.92579273518174066 0.28047837082026905
decision_type=2 2 2 2 2 2 2 2 2 2 2 2 2
left_child=1 2 -1 -2 8 12 -7 11 9 -3 -11 -8 -5
right_child=3 4 -4 5 -6 6 7 -9 -10 10 -12 -13 -14
leaf_value=0.066326878519509996 -0.21765954429904621 -0.019112267708167052 0.45698954370286726 -0.090005122542381286 0.066326878519509996 -0.064233931030916139 0.03124998756145176 0.085798494815826423 -0.10965668282338552 -0.11728692996501923 -0.026801748298681698 -0.034836456656455995 -0.022347526678017208
leaf_weight=40 24 39 27 20 20 23 38 27 28 25 26 20 28
leaf_count=40 24 39 27 20 20 23 38 27 28 25 26 20 28
internal_value=-7.76754e-05 0.030682 0.169245 -0.0351095 -0.0365915 -0.0070249 0.0123143 0.0330274 -0.0630914 -0.0486044 -0.0711572 0.00846156 -0.0505382
internal_weight=385 205 67 180 138 156 108 85 118 90 51 58 48
internal_count=385 205 67 180 138 156 108 85 118 90 51 58 48
is_linear=0
shrinkage=0.04


Tree=52
num_leaves=15
num_cat=0
split_feature=3 1 7 3 4 2 1 4 2 8 3 3 4 4
split_gain=254.426 354.776 1145.51 237.021 832.068 266.823 218.287 82.4423 71.617 71.0624 59.8183 92.0479 55.0007 23.0088
threshold=0.25732802578433517 0.83500000000000008 0.14500000000000005 0.44403284294400697 0.78942976324324443 0.86856343230161004 0.91500000000000015 4.0626553426394931 0.41280516410575652 4.8692642928580554 0.28029003666923585 0.26209669006959818 3.3768493178774279 1.7271655330256646
decision_type=2 2 2 2 2 2 2 2 2 2 2 2 2 2
left_child=-1 2 -2 5 9 6 8 10 -3 -5 11 -7 13 -10
right_child=1 3 -4 4 -6 7 -8 -9 12 -11 -12 -13 -14 -15
leaf_value=-0.13242762579159303 0.33205228487650551 -0.090355457016399937 -0.053136794805526737 -0.063410950361026661 0.2604973019253124 0.059018039267372202 -0.18198375934904273 -0.046722838742037615 -0.021678646965218439 0.030628008782863616 0.079197479558713507 -0.051204855076291349 -0.074766333103179927 0.032985371237790044
leaf_weight=22 21 35 30 36 22 27 22 24 28 20 33 22 21 22
leaf_count=22 21 35 30 36 22 27 22 24 28 20 33 22 21 22
internal_value=-0.00034301 0.00766212 0.10547 -0.00832579 0.0520603 -0.0284545 -0.0673242 0.0184825 -0.043527 -0.0298256 0.037567 0.00953021 -0.0204425 0.00237352
internal_weight=385 363 51 312 78 234 128 106 106 56 82 49 71 50
internal_count=385 363 51 312 78 234 128 106 106 56 82 49 71 50
is_linear=0
shrinkage=0.04


Tree=53
num_leaves=14
num_cat=0
split_feature=2 7 4 2 3 1 10 4 2 4 1 10 1
split_gain=237.533 1044.07 1921.19 552.86 289.351 77.0482 313.446 158.694 89.5906 50.8473 31.3717 60.1437 0.0100184
threshold=0.67427841884682305 0.13500000000000004 0.93737733801629963 0.85137424746155199 0.44403284294400697 0.87500000000000011 0.0091215520066148612 3.1789668203144252 0.89615986815776139 1.8635630716250731 0.87500000000000011 0.0024072915555046009 0.91500000000000015
decision_type=2 2 2 2 2 2 2 2 2 2 2 2 2
left_child=1 2 -1 -2 9 6 -5 8 -7 10 -3 -12 -10
right_child=3 4 -4 5 -6 7 -8 -9 12 -11 11 -13 -14
leaf_value=0.062438814031538399 -0.21258528808752697 -0.017368650314135429 0.43233856201171877 0.063757698700691645 0.062438814031538399 -0.083587643724420804 -0.11959418860503605 0.088702411502599721 0.014855097360908984 -0.10609593405787435 -0.10932461501816289 -0.022431882413534016 0.01612116861343384
leaf_weight=40 24 39 27 26 20 23 35 32 20 28 25 26 20
leaf_count=40 24 39 27 26 20 23 35 32 20 28 25 26 20
internal_value=-0.000329289 0.0291116 0.158665 -0.0338592 -0.0337876 -0.00636288 -0.0414442 0.016163 -0.0206824 -0.0590204 -0.0443747 -0.0650264 0.0154881
internal_weight=385 205 67 180 138 156 61 95 63 118 90 51 40
internal_count=385 205 67 180 138 156 61 95 63 118 90 51 40
is_linear=0
shrinkage=0.04


Tree=54
num_leaves=14
num_cat=0
split_feature=3 2 2 8 7 3 10 1 3 4 2 10 1
split_gain=232.313 325.475 1200.9 231.667 290.914 147.103 125.107 118.388 86.54 123.085 143.508 63.4181 168.041
threshold=0.25732802578433517 0.40235729525690145 0.35808772761124247 5.1738652371592986 0.12500000000000003 0.32085228731827115 0.0026025528330451803 0.92500000000000016 0.37963937262630781 1.0039298282219045 0.41305912559130725 0.0091215520066148612 0.87500000000000011
decision_type=2 2 2 2 2 2 2 2 2 2 2 2 2
left_child=-1 2 -2 4 7 11 8 -3 -7 -10 -11 -6 -13
right_child=1 3 -4 -5 5 6 -8 -9 9 10 -12 12 -14
leaf_value=-0.12678881933743305 -0.092017899368490502 0.050112174019983087 0.27524118871524417 0.11894420737311955 0.0052950743824049518 -0.11650043914715448 -0.15383094434033739 0.0052950743824049518 -0.11752735825069248 -0.093790853751512859 0.0052950743824049518 -0.10121967608278448 0.0052950743824049518
leaf_weight=22 28 31 29 21 33 24 22 28 20 24 42 33 28
leaf_count=22 28 31 29 21 33 24 22 28 20 24 42 33 28
internal_value=-0.000574525 0.00707483 0.0948332 -0.00927233 -0.0187199 -0.039522 -0.0667549 0.0501122 -0.0493397 -0.0305971 -0.00425462 -0.00128015 -0.0362988
internal_weight=385 363 57 306 285 226 132 59 110 86 66 94 61
internal_count=385 363 57 306 285 226 132 59 110 86 66 94 61
is_linear=0
shrinkage=0.04


Tree=55
num_leaves=15
num_cat=0
split_feature=3 1 7 3 4 4 2 3 10 1 10 1 2 4
split_gain=216.508 318.887 977.274 198.227 766.741 238.139 77.5755 116.429 73.6124 256.002 71.6602 56.889 50.4781 29.9478
threshold=0.25732802578433517 0.83500000000000008 0.14500000000000005 0.44403284294400697 0.66412046826402038 1.492499401421296 0.86856343230161004 0.28562762680874082 0.0091745938428223085 0.87500000000000011 0.0024072915555046009 0.88500000000000012 0.39053190432797918 3.1126297775384759
decision_type=2 2 2 2 2 2 2 2 2 2 2 2 2 2
left_child=-1 2 -2 5 12 10 7 -7 -8 -10 -3 -9 -5 -11
right_child=1 3 -4 4 -6 6 8 11 9 13 -12 -13 -14 -15
leaf_value=-0.12171726832335646 0.30952487309773763 -0.15748877377737136 -0.046256364653507867 -0.0044390533367792764 0.21516645938158036 -0.10562268047332764 0.081311802682669271 -0.035333969052238713 -0.11653364831751044 0.020057551111723925 -0.062967545751369369 0.052357648998498922 -0.084884991897986484 0.077429696222146349
leaf_weight=22 21 21 30 24 28 25 23 29 22 37 33 20 26 24
leaf_count=22 21 21 30 24 28 25 23 29 22 37 33 20 26 24
internal_value=0.000127912 0.00751247 0.100242 -0.00764521 0.0475784 -0.0260531 -0.00395125 -0.0353797 0.0179894 0.000442191 -0.0997258 0.000458528 -0.0462709 0.0426302
internal_weight=385 363 51 312 78 234 180 74 106 83 54 49 50 61
internal_count=385 363 51 312 78 234 180 74 106 83 54 49 50 61
is_linear=0
shrinkage=0.04


Tree=56
num_leaves=13
num_cat=0
split_feature=2 7 4 1 3 1 10 3 10 10 2 8
split_gain=215.32 895.946 1728.69 540.794 255.251 116.421 117.301 188.111 47.8426 63.5287 143.628 21.8122
threshold=0.67427841884682305 0.13500000000000004 0.93737733801629963 0.94500000000000006 0.44403284294400697 0.89500000000000013 0.0098599266642252475 0.28372576826787682 0.0024072915555046009 0.0014158763239610708 0.41639749415345861 4.9871796488257081
decision_type=2 2 2 2 2 2 2 2 2 2 2 2
left_child=1 2 -1 5 8 6 7 -2 9 -3 -11 -7
right_child=3 4 -4 -5 -6 11 -8 -9 -10 10 -12 -13
leaf_value=0.059026054463558561 0.074604422867298126 -0.010805215456269003 0.40853783501519098 -0.20856586476167041 0.059026054463558561 0.022232942376817975 -0.09082412835539265 -0.061016774508688185 -0.012151853442192079 -0.15974594404300055 -0.038410934713650244 0.073798595439820064
leaf_weight=40 30 22 27 24 20 35 34 36 32 27 37 21
leaf_count=40 30 22 27 24 20 35 34 36 32 27 37 21
internal_value=0.000122795 0.0281533 0.148166 -0.0318008 -0.0301136 -0.00460621 -0.0304649 0.000629224 -0.0539061 -0.0694426 -0.0895991 0.0415701
internal_weight=385 205 67 180 138 156 100 66 118 86 64 56
internal_count=385 205 67 180 138 156 100 66 118 86 64 56
is_linear=0
shrinkage=0.04


Tree=57
num_leaves=16
num_cat=0
split_feature=2 2 8 1 3 1 2 10 2 3 4 4 10 3 10
split_gain=199.755 929.454 242.619 236.58 144.781 162.025 252.318 74.8111 49.6126 103.27 77.9105 59.6997 52.326 19.4566 9.93182
threshold=0.3560610735865346 0.3879982296492242 5.1738652371592986 1.0350000000000004 0.40819657495638645 0.81500000000000006 0.41598490210262817 0.0022889660015661729 0.89186830647682369 0.28562762680874082 4.0626553426394931 3.1789668203144252 0.0027036845999154789 0.28029003666923585 0.001950009120171602
decision_type=2 2 2 2 2 2 2 2 2 2 2 2 2 2 2
left_child=-1 -2 3 4 5 -3 7 -7 9 13 11 -10 14 -8 -11
right_child=1 2 -4 -5 -6 6 8 -9 10 12 -12 -13 -14 -15 -16
leaf_value=-0.10947079305648805 0.265690823055449 0.051228991840675725 0.11991228038614446 -0.14399165400049904 0.051228991840675725 -0.16808948034331914 -0.10198809702288021 -0.063666589830232698 -0.0016836440109688302 -0.038851874137127942 -0.05294515410195226 0.051228991840675725 0.051228991840675725 -0.04747607246041298 -0.0012590109783670175
leaf_weight=25 21 21 22 22 21 21 22 23 46 22 23 33 20 20 23
leaf_count=25 21 21 22 22 21 21 22 23 46 22 23 33 20 20 23
internal_value=-0.000135596 0.00745713 -0.00853965 -0.0174543 -0.00801761 -0.0167756 -0.0264444 -0.113505 -0.00811585 -0.0271438 0.0118448 0.0307077 0.00444426 -0.07603 -0.0196377
internal_weight=385 360 339 317 295 274 253 44 209 107 102 79 65 42 45
internal_count=385 360 339 317 295 274 253 44 209 107 102 79 65 42 45
is_linear=0
shrinkage=0.04


Tree=58
num_leaves=15
num_cat=0
split_feature=3 1 7 10 8 2 1 3 10 1 2 4 2 1
split_gain=196.368 276.38 838.65 171.422 787.005 316.686 330.981 163.229 104.444 231.261 90.0642 73.828 34.8283 28.0019
threshold=0.25732802578433517 0.83500000000000008 0.14500000000000005 0.001950009120171602 5.0281898817291237 0.86856343230161004 0.92500000000000016 0.48285268151343658 0.0091745938428223085 0.87500000000000011 0.41639749415345861 3.3768493178774279 0.42478160830188622 0.91500000000000015
decision_type=2 2 2 2 2 2 2 2 2 2 2 2 2 2
left_child=-1 2 -2 4 7 6 10 -3 -7 -10 -5 -12 -9 -11
right_child=1 3 -4 5 -6 8 -8 12 9 13 11 -13 -14 -15
leaf_value=-0.11584441359747541 0.28742884953816733 0.038634948030114177 -0.042154429515202846 -0.088026766583726226 0.24762786697257649 0.095466818263133371 -0.21764687492733908 -0.042324051648378373 -0.1104563282430172 0.063405357268121507 0.035655600695774475 -0.062824145271664578 -0.11697337454557419 0.0082995529413223273
leaf_weight=22 21 35 30 37 22 24 21 20 22 36 29 21 20 25
leaf_count=22 21 35 30 37 22 24 21 20 22 36 29 21 20 25
internal_value=0.000195481 0.0072282 0.0935563 -0.00688313 0.0372586 -0.0267982 -0.0751192 -0.0244497 0.0219743 0.000723403 -0.0407159 -0.00570589 -0.0796487 0.040821
internal_weight=385 363 51 312 97 215 108 75 107 83 87 50 40 61
internal_count=385 363 51 312 97 215 108 75 107 83 87 50 40 61
is_linear=0
shrinkage=0.04


Tree=59
num_leaves=13
num_cat=0
split_feature=2 2 8 1 7 2 1 3 1 4 4 2
split_gain=200.26 983.159 183.048 193.741 132.413 110.502 110.727 72.642 46.2318 26.7861 99.0256 23.6425
threshold=0.36598360275555064 0.40235729525690145 5.1738652371592986 1.0350000000000004 0.12500000000000003 0.41305912559130725 0.84500000000000008 0.25732802578433517 0.92500000000000016 3.7740667922218543 3.4770966637028224 0.43041475541034652
decision_type=2 2 2 2 2 2 2 2 2 2 2 2
left_child=-1 -2 3 4 7 -6 -7 -3 -9 10 11 -8
right_child=1 2 -4 -5 5 6 9 8 -10 -11 -12 -13
leaf_value=-0.097299517085475296 0.24071091071323114 0.004755636110687942 0.10381028686250959 -0.13552280914215814 -0.089831049276722794 -0.075231001509560483 -0.027916341753055653 0.042770052193433578 0.004755636110687942 0.004755636110687942 -0.093195208112398772 0.004755636110687942
leaf_weight=31 27 21 21 21 36 36 36 31 24 56 21 24
leaf_count=31 27 21 21 21 36 36 36 31 24 56 21 24
internal_value=0.000187662 0.00872467 -0.0104302 -0.0182702 -0.00963052 -0.0260718 -0.012804 0.0355831 0.0427701 0.00360015 -0.0182958 0.00475564
internal_weight=385 354 327 306 285 209 173 76 55 137 81 60
internal_count=385 354 327 306 285 209 173 76 55 137 81 60
is_linear=0
shrinkage=0.04


Tree=60
num_leaves=14
num_cat=0
split_feature=2 7 4 2 3 2 1 10 4 2 2 10 1
split_gain=191.447 753.877 1538.03 494.454 227.902 62.1535 80.578 56.1762 48.5948 48.0796 32.3831 23.8468 56.4396
threshold=0.67427841884682305 0.13500000000000004 0.93737733801629963 0.85137424746155199 0.44403284294400697 0.8879124853877397 0.8650000000000001 0.010064461545539126 1.8635630716250731 0.92579273518174066 0.87024421264525753 0.0024072915555046009 0.87500000000000011
decision_type=2 2 2 2 2 2 2 2 2 2 2 2 2
left_child=1 2 -1 -2 8 10 -7 -8 11 -9 -5 12 -3
right_child=3 4 -4 5 -6 6 7 9 -10 -11 -12 -13 -14
leaf_value=0.055371017270128622 -0.19850341146190961 -0.015708730419476825 0.38359882072166157 -0.012375080618593428 0.055371017270128622 -0.053066280613774837 0.080312151282739178 0.035598175082451257 -0.095097605154982626 -0.040683330655097959 -0.078604056125595456 -0.0070389559492468837 -0.095386852979660028
leaf_weight=40 24 33 27 27 20 23 26 39 28 20 21 32 25
leaf_count=40 24 33 27 27 20 23 26 39 28 20 21 32 25
internal_value=0.000620601 0.0270516 0.137138 -0.0294813 -0.0263964 -0.00347794 0.0133542 0.0313268 -0.0490766 0.00974004 -0.0413503 -0.034759 -0.0500527
internal_weight=385 205 67 180 138 156 108 85 118 59 48 90 58
internal_count=385 205 67 180 138 156 108 85 118 59 48 90 58
is_linear=0
shrinkage=0.04


Tree=61
num_leaves=15
num_cat=0
split_feature=2 2 8 10 7 2 3 4 2 4 0 6 1 3
split_gain=194.648 879.398 169.65 184.23 121.582 125.03 69.6725 60.2897 56.2894 101.542 92.7193 35.6098 31.709 15.1598
threshold=0.36598360275555064 0.40235729525690145 5.1738652371592986 0.00096734421776943581 0.12500000000000003 0.41305912559130725 0.25732802578433517 4.0626553426394931 0.8879124853877397 3.657274023601083 0.29500000000000004 0.23500000000000001 0.92500000000000016 0.38045791229331588
decision_type=2 2 2 2 2 2 2 2 2 2 2 2 2 2
left_child=-1 -2 3 -3 6 -6 -5 8 9 10 11 -7 -8 -13
right_child=1 2 -4 4 5 7 12 -9 -10 -11 -12 13 -14 -15
leaf_value=-0.095759063613030215 0.22817212431519121 -0.12576470323230909 0.10063325268881661 0.0061838672352266099 -0.093836855677997363 0.0061838672352266099 0.041869317528928252 -0.064978600861849603 0.0061838672352266099 -0.095645489643017445 -0.082599007487297066 -0.03820757012603522 0.0061838672352266099 -0.012174855961960638
leaf_weight=31 27 23 21 21 34 27 31 27 28 24 20 20 22 29
leaf_count=31 27 23 21 21 34 27 31 27 28 24 20 20 22 29
internal_value=0.000352368 0.00876891 -0.00934696 -0.0168946 -0.00804652 -0.0236472 0.036015 -0.0100104 1.75845e-05 -0.0220548 -0.00365708 0.00618387 0.0418693 -0.0305336
internal_weight=385 354 327 306 283 209 74 175 148 120 96 76 53 49
internal_count=385 354 327 306 283 209 74 175 148 120 96 76 53 49
is_linear=0
shrinkage=0.04


Tree=62
num_leaves=15
num_cat=0
split_feature=3 1 2 3 4 4 10 2 3 10 1 1 8 4
split_gain=185.115 246.488 707.737 151.703 694.464 215.328 64.5647 50.1453 88.7375 66.0647 199.418 50.3583 49.1381 28.1743
threshold=0.25732802578433517 0.83500000000000008 0.41885712913985329 0.44403284294400697 0.78942976324324443 1.492499401421296 0.0024072915555046009 0.86856343230161004 0.28562762680874082 0.0091745938428223085 0.87500000000000011 0.88500000000000012 4.823915424515083 3.1126297775384759
decision_type=2 2 2 2 2 2 2 2 2 2 2 2 2 2
left_child=-1 2 -2 5 12 6 -3 8 -7 -9 -11 -10 -5 -12
right_child=1 3 -4 4 -6 7 -8 9 11 10 13 -13 -14 -15
leaf_value=-0.11172210173173384 0.24125745716094973 -0.14654184846650986 -0.056816611977723933 -0.063334151985631748 0.23317944770509547 -0.087232809710502637 -0.056822173667676522 0.076987293660640721 -0.028297512449067214 -0.10286628464279188 0.015716405478683679 0.054207367211580273 0.012828581384990528 0.071363792220751454
leaf_weight=22 25 21 26 33 22 25 33 23 29 22 37 20 23 24
leaf_count=22 25 21 26 33 22 25 33 23 29 22 37 20 23 24
internal_value=0.000943825 0.00777206 0.0892981 -0.00555431 0.0427561 -0.0216578 -0.0917132 -0.000641185 -0.0259095 0.0169989 0.00037566 0.00537795 -0.032053 0.0376105
internal_weight=385 363 51 312 78 234 54 180 74 106 83 49 56 61
internal_count=385 363 51 312 78 234 54 180 74 106 83 49 56 61
is_linear=0
shrinkage=0.04


Tree=63
num_leaves=12
num_cat=0
split_feature=2 2 8 1 7 2 1 4 2 3 1
split_gain=182.803 792.833 140.76 180.902 105.918 101.419 99.6282 59.0992 20.2425 11.3393 9.00633
threshold=0.36598360275555064 0.40235729525690145 5.1738652371592986 1.0350000000000004 0.12500000000000003 0.41305912559130725 0.84500000000000008 2.9517258191708495 0.42164870744406618 0.2809377563916578 0.90500000000000014
decision_type=2 2 2 2 2 2 2 2 2 2 2
left_child=-1 -2 3 4 7 -6 -7 -3 -8 -10 -9
right_child=1 2 -4 -5 5 6 8 10 9 -11 -12
leaf_value=-0.092235148126079192 0.21738738399964791 0.038513392399286507 0.092040450232369564 -0.1283145725159418 -0.082452561226156032 -0.067887359278069603 -0.032207709415392444 0.0062014464719630973 -0.0297485973238945 0.0062014464719630973 0.035450826795012866
leaf_weight=31 27 25 21 21 36 36 22 24 20 95 27
leaf_count=31 27 25 21 21 36 36 22 24 20 95 27
internal_value=0.000906072 0.00906251 -0.00813863 -0.0150137 -0.00666518 -0.0213699 -0.00865905 0.0337728 0.00620145 0.00620145 0.00620145
internal_weight=385 354 327 306 285 209 173 76 137 115 51
internal_count=385 354 327 306 285 209 173 76 137 115 51
is_linear=0
shrinkage=0.04


Tree=64
num_leaves=14
num_cat=0
split_feature=2 8 7 1 3 10 3 1 3 3 2 3 10
split_gain=181.177 671.251 666.397 501.149 145.029 166.962 141.968 80.9562 122.514 163.346 71.7742 33.8507 20.0688
threshold=0.67427841884682305 5.1391975978618412 0.12500000000000003 0.94500000000000006 0.37963937262630781 0.0016642208583156435 0.48285268151343658 0.89500000000000013 0.28444771275136244 0.2798455656010907 0.41122418466669036 0.39911917056582019 0.016670706424999359
decision_type=2 2 2 2 2 2 2 2 2 2 2 2 2
left_child=1 2 -1 7 -4 6 -6 8 9 -2 -7 -12 -9
right_child=3 -3 4 -5 5 10 -8 12 -10 -11 11 -13 -14
leaf_value=0.12497634834801226 -0.065096008767341756 0.24694511979818345 -0.100604814009534 -0.19835188845793408 0.04749268243720918 -0.11222926833090328 -0.042759458997419904 0.066263806548985574 -0.088114466033875946 0.060257826760793345 0.0048225017956324981 -0.063312484085559839 0.017233612699543727
leaf_weight=26 29 20 36 24 26 21 28 22 32 39 28 20 34
leaf_count=26 29 20 36 24 26 21 28 22 32 39 28 20 34
internal_value=0.00109406 0.0268064 0.00300758 -0.0281894 -0.029991 -0.00932352 0.0433563 -0.00201055 -0.0235739 0.0067981 -0.0505512 -0.0235671 0.0364955
internal_weight=385 205 185 180 159 123 54 156 100 68 69 48 56
internal_count=385 205 185 180 159 123 54 156 100 68 69 48 56
is_linear=0
shrinkage=0.04


Tree=65
num_leaves=15
num_cat=0
split_feature=2 2 8 10 7 3 10 3 2 4 10 4 4 1
split_gain=178.036 712.853 124.097 166.552 98.9908 106.068 148.856 93.3627 72.6456 55.6217 45.8404 113.146 15.8725 2.65147
threshold=0.36598360275555064 0.40235729525690145 5.1738652371592986 0.00096734421776943581 0.12500000000000003 0.32085228731827115 0.0026025528330451803 0.37963937262630781 0.41305912559130725 2.9517258191708495 0.0091215520066148612 3.9312520000864262 3.7329628016697449 0.90500000000000014
decision_type=2 2 2 2 2 2 2 2 2 2 2 2 2 2
left_child=-1 -2 3 -3 9 10 7 -7 -9 -5 -6 12 -12 -11
right_child=1 2 -4 4 5 6 -8 8 -10 13 11 -13 -14 -15
leaf_value=-0.090413531334169447 0.20709249588626402 -0.11672604685244353 0.087307027862185527 0.037047975354540547 0.0080422106342663315 -0.092795878705852056 -0.13810463122346187 -0.063007328559954959 0.0080422106342663315 0.0080422106342663315 0.0080422106342663315 -0.10534614792466164 -0.027810435354709628 0.032980262294963557
leaf_weight=31 27 23 21 23 31 23 22 24 48 24 21 20 20 27
leaf_count=31 27 23 21 23 31 23 22 24 48 24 21 20 20 27
internal_value=0.00150529 0.00955468 -0.00675579 -0.0132111 -0.0047982 -0.0188751 -0.0443483 -0.0226363 -0.000224168 0.0349595 0.00804221 -0.0272796 0.00804221 0.00804221
internal_weight=385 354 327 306 283 209 117 95 72 74 92 61 41 51
internal_count=385 354 327 306 283 209 117 95 72 74 92 61 41 51
is_linear=0
shrinkage=0.04


Tree=66
num_leaves=14
num_cat=0
split_feature=2 7 4 1 3 1 3 3 10 10 2 8 10
split_gain=177.841 627.965 1362.12 470.849 194.718 69.4598 109.206 151.123 57.0028 44.3761 124.238 19.2496 5.58267
threshold=0.67427841884682305 0.13500000000000004 0.93737733801629963 0.94500000000000006 0.44403284294400697 0.89500000000000013 0.28444771275136244 0.2798455656010907 0.0024072915555046009 0.0014158763239610708 0.41122418466669036 4.9871796488257081 0.0016739914112973312
decision_type=2 2 2 2 2 2 2 2 2 2 2 2 2
left_child=1 2 -1 5 8 6 7 -2 9 -3 -11 -7 -12
right_child=3 4 -4 -5 -6 11 -8 -9 -10 10 12 -13 -14
leaf_value=0.053311508182607874 -0.062097406140689197 -0.010313006747852673 0.36078199386596682 -0.19196016758369905 0.053311508182607874 0.015854724649872098 -0.082554975990206003 0.058475023820900765 0.003214539811015129 -0.15591547860985711 -0.051301542208953339 0.064296616165943093 -0.02246825485002427
leaf_weight=40 29 22 27 24 20 35 32 39 32 21 22 21 21
leaf_count=40 29 22 27 24 20 35 32 39 32 21 22 21 21
internal_value=0.00199055 0.027465 0.127939 -0.027022 -0.0213158 -0.00164688 -0.0216206 0.00705443 -0.042362 -0.0593207 -0.0761671 0.0340204 -0.0372202
internal_weight=385 205 67 180 138 156 100 68 118 86 64 56 43
internal_count=385 205 67 180 138 156 100 68 118 86 64 56 43
is_linear=0
shrinkage=0.04


Tree=67
num_leaves=12
num_cat=0
split_feature=2 2 8 10 7 3 10 3 2 4 10
split_gain=172.537 640.393 116.723 160.119 87 101.064 148.215 84.906 66.657 55.8871 42.0235
threshold=0.36598360275555064 0.40235729525690145 5.1738652371592986 0.00096734421776943581 0.12500000000000003 0.32085228731827115 0.0026025528330451803 0.37963937262630781 0.41305912559130725 2.9517258191708495 0.0098599266642252475
decision_type=2 2 2 2 2 2 2 2 2 2 2
left_child=-1 -2 3 -3 9 10 7 -7 -9 -5 -6
right_child=1 2 -4 4 5 6 -8 8 -10 -11 -12
leaf_value=-0.088817172627295216 0.1968241289809898 -0.1136212210033251 0.085361157598949619 0.036618119045995511 0.0081615289104648384 -0.08727525122787641 -0.13558815062046051 -0.059643131494522099 0.0081615289104648384 0.0081615289104648384 -0.044145104610002955
leaf_weight=31 27 23 21 23 66 23 22 24 48 51 26
leaf_count=31 27 23 21 23 66 23 22 24 48 51 26
internal_value=0.00167085 0.00959494 -0.00586435 -0.0121249 -0.0038761 -0.0170729 -0.0420338 -0.0203685 0.00100445 0.033396 0.00816153
internal_weight=385 354 327 306 283 209 117 95 72 74 92
internal_count=385 354 327 306 283 209 117 95 72 74 92
is_linear=0
shrinkage=0.04


Tree=68
num_leaves=15
num_cat=0
split_feature=3 1 7 3 0 2 6 2 0 10 1 1 10 4
split_gain=168.179 237.419 597.495 124.338 628.52 178.814 86.3517 78.1449 150.432 63.2137 164.215 35.3669 32.3021 18.0283
threshold=0.25732802578433517 0.83500000000000008 0.14500000000000005 0.44403284294400697 0.67500000000000016 0.4073518848993144 0.21500000000000002 0.86856343230161004 0.29500000000000004 0.0091745938428223085 0.87500000000000011 0.88500000000000012 0.015985435981235627 1.8635630716250731
decision_type=2 2 2 2 2 2 2 2 2 2 2 2 2 2
left_child=-1 2 -2 5 -5 -3 -6 8 11 -9 -11 13 -12 -7
right_child=1 3 -4 4 6 7 -8 9 -10 10 12 -13 -14 -15
leaf_value=-0.10533924476666885 0.25221111978803362 -0.12500855399214703 -0.025979185372591022 0.23257710814476013 0.0093082870341636044 0.00083975625038146967 -0.092246146166608436 0.07535147762816885 -0.12501006419008429 -0.093276115005666557 0.070341462890307113 0.024775400281404007 0.010756849388818483 -0.048188470870722089
leaf_weight=22 21 23 30 20 37 20 21 23 22 22 24 33 37 30
leaf_count=22 21 23 30 20 37 20 21 23 22 22 24 33 37 30
internal_value=0.00204907 0.00855746 0.0885698 -0.00452148 0.0392151 -0.0191003 -0.0274614 -0.00755585 -0.0320142 0.0166718 0.000411133 -0.00736471 0.0342 -0.0285772
internal_weight=385 363 51 312 78 234 58 211 105 106 83 83 61 50
internal_count=385 363 51 312 78 234 58 211 105 106 83 83 61 50
is_linear=0
shrinkage=0.04


Tree=69
num_leaves=15
num_cat=0
split_feature=2 8 7 2 3 10 3 2 2 10 3 8 3 2
split_gain=166.27 569.99 552.475 453.62 131.594 146.291 127.822 60.6288 54.5387 83.2618 99.6441 29.2792 26.7995 26.1676
threshold=0.67427841884682305 5.1391975978618412 0.12500000000000003 0.85137424746155199 0.37963937262630781 0.0016642208583156435 0.48285268151343658 0.41122418466669036 0.89186830647682369 0.0094739665630562426 0.26209669006959818 4.9450717193294009 0.39911917056582019 0.87024421264525753
decision_type=2 2 2 2 2 2 2 2 2 2 2 2 2 2
left_child=1 2 -1 -2 -4 6 -6 -7 13 -10 11 -11 -9 -5
right_child=3 -3 4 8 5 7 -8 12 9 10 -12 -13 -14 -15
leaf_value=0.11706159880153232 -0.18797808515528838 0.22945467936992647 -0.092530388049781323 -0.0081016722211131337 0.045897443495622435 -0.1008583684762319 -0.039619528310639515 0.0058899609318801343 0.067917473930301092 -0.0024512767273446789 -0.067799031340650157 0.062875714834247323 -0.05473480159044266 -0.065505281376341984
leaf_weight=26 24 20 36 27 26 21 28 28 33 23 28 21 20 24
leaf_count=26 24 20 36 27 26 21 28 28 33 23 28 21 20 24
internal_value=0.00196711 0.0265989 0.00466852 -0.0260857 -0.0252667 -0.00557978 0.0437313 -0.0441711 -0.00117921 0.0153039 -0.00881059 0.0287275 -0.0193704 -0.0351151
internal_weight=385 205 185 180 159 123 54 69 156 105 72 44 48 51
internal_count=385 205 185 180 159 123 54 69 156 105 72 44 48 51
is_linear=0
shrinkage=0.04


Tree=70
num_leaves=12
num_cat=0
split_feature=2 2 0 3 2 0 3 4 1 1 10
split_gain=167.266 567.299 106.608 394.127 38.5349 125.294 64.7168 82.5778 20.6435 9.2513 0.237653
threshold=0.36598360275555064 0.40235729525690145 0.57500000000000007 0.40819657495638645 0.89186830647682369 0.21500000000000002 0.28420903048647644 3.1789668203144252 0.85500000000000009 0.91500000000000015 0.0094739665630562426
decision_type=2 2 2 2 2 2 2 2 2 2 2
left_child=-1 -2 3 4 5 -3 7 9 -7 -6 -10
right_child=1 2 -4 -5 6 8 -8 -9 10 -11 -12
leaf_value=-0.086779347658157355 0.18633860495355392 0.070501302111716499 -0.068373184719601202 0.17506080533564092 0.010165956950187682 4.2748590931296353e-05 -0.032323714493483112 0.076647078412951847 -0.032323714493483112 -0.02584714773155394 -0.0092730564084546312
leaf_weight=31 27 21 37 20 25 32 25 33 84 21 29
leaf_count=31 27 21 37 20 25 32 25 33 84 21 29
internal_value=0.00231596 0.0101181 -0.00443223 0.00372576 -0.00896573 -0.0209267 0.0101259 0.0283634 -0.0323237 -0.00627481 -0.0323237
internal_weight=385 354 327 290 270 166 104 79 145 46 113
internal_count=385 354 327 290 270 166 104 79 145 46 113
is_linear=0
shrinkage=0.04


Tree=71
num_leaves=15
num_cat=0
split_feature=3 1 7 3 4 2 2 0 10 1 2 1 10 4
split_gain=158.027 216.868 535.949 107.97 585.372 167.401 67.135 137.946 55.2402 154.48 32.2562 31.7321 31.315 15.9348
threshold=0.25732802578433517 0.83500000000000008 0.14500000000000005 0.44403284294400697 0.66412046826402038 0.4073518848993144 0.86856343230161004 0.29500000000000004 0.0091745938428223085 0.87500000000000011 0.39053190432797918 0.88500000000000012 0.015985435981235627 1.8635630716250731
decision_type=2 2 2 2 2 2 2 2 2 2 2 2 2 2
left_child=-1 2 -2 5 10 -3 7 11 -8 -10 -5 13 -11 -7
right_child=1 3 -4 4 -6 6 8 -9 9 12 -12 -13 -14 -15
leaf_value=-0.10211756933819163 0.23974324725923082 -0.12027042388916016 -0.023730004375179609 -0.012017853831251462 0.1829756680663143 0.0018701733648777009 0.070682787143665812 -0.11835029770027507 -0.090239975831725369 0.0689850331346194 -0.076324964624184824 0.024750566274830788 0.010317977235929386 -0.044223572929700215
leaf_weight=22 21 23 30 24 28 20 23 22 22 24 26 33 37 30
leaf_count=22 21 23 30 24 28 20 23 22 22 24 26 33 37 30
internal_value=0.00197904 0.00828793 0.084759 -0.00421215 0.0365441 -0.0177976 -0.00662754 -0.0292975 0.0158286 0.00062803 -0.0454576 -0.00569319 0.0334001 -0.0257861
internal_weight=385 363 51 312 78 234 211 105 106 83 50 83 61 50
internal_count=385 363 51 312 78 234 211 105 106 83 50 83 61 50
is_linear=0
shrinkage=0.04


Tree=72
num_leaves=13
num_cat=0
split_feature=2 7 4 1 3 10 1 3 2 10 2 10
split_gain=158.267 503.21 1161.89 440.56 159.006 62.6086 61.347 103.839 151.738 42.5953 113.553 20.0178
threshold=0.67427841884682305 0.13500000000000004 0.93737733801629963 0.94500000000000006 0.44403284294400697 0.0024072915555046009 0.89500000000000013 0.28420903048647644 0.8879124853877397 0.0014158763239610708 0.41777790772781614 0.016670706424999359
decision_type=2 2 2 2 2 2 2 2 2 2 2 2
left_child=1 2 -1 6 5 9 7 8 -2 -3 -11 -8
right_child=3 4 -4 -5 -6 -7 11 -9 -10 10 -12 -13
leaf_value=0.049068674462155022 -0.060039237865379881 -0.0065693046288056809 0.33178259319729281 -0.18501445726801952 0.049068674462155022 0.010954526551067829 0.062326072860847827 -0.075242532436336801 0.06338017917968132 -0.13150299498013088 -0.024099355224106046 0.013358130463782479
leaf_weight=40 28 22 27 24 20 32 22 35 37 28 36 34
leaf_count=40 28 22 27 24 20 32 22 35 37 28 36 34
internal_value=0.00189988 0.0259316 0.115873 -0.0254695 -0.0177356 -0.0368105 -0.000924171 -0.0196952 0.0102149 -0.0545836 -0.0710884 0.0325955
internal_weight=385 205 67 180 138 118 156 100 65 86 64 56
internal_count=385 205 67 180 138 118 156 100 65 86 64 56
is_linear=0
shrinkage=0.04


Tree=73
num_leaves=12
num_cat=0
split_feature=2 2 0 3 2 0 2 3 3 1 1
split_gain=157.464 512.087 99.5857 335.741 33.9024 104.803 61.1231 48.8583 54.0469 19.9971 5.80035
threshold=0.36598360275555064 0.40235729525690145 0.57500000000000007 0.40819657495638645 0.89186830647682369 0.21500000000000002 0.92579273518174066 0.25838854750544588 0.27957496891926292 0.85500000000000009 0.90500000000000014
decision_type=2 2 2 2 2 2 2 2 2 2 2
left_child=-1 -2 3 4 5 -3 7 -6 -9 -7 -11
right_child=1 2 -4 -5 6 9 -8 8 -10 10 -12
leaf_value=-0.084854298483940854 0.17658669022498308 0.063805343480337243 -0.066462384575122116 0.16135720175504684 0.083366643503308302 2.514040097594261e-06 -0.031620430469759445 -0.031620430469759445 0.045645722541315797 -0.031620430469759445 -0.0061368180965555132
leaf_weight=31 27 21 37 20 20 32 33 22 29 84 29
leaf_count=31 27 21 37 20 20 32 33 22 29 84 29
internal_value=0.00159089 0.00916094 -0.0046632 0.00322152 -0.00849223 -0.0197113 0.00941509 0.0303796 0.00960032 -0.0316204 -0.0316204
internal_weight=385 354 327 290 270 166 104 71 51 145 113
internal_count=385 354 327 290 270 166 104 71 51 145 113
is_linear=0
shrinkage=0.04


Tree=74
num_leaves=15
num_cat=0
split_feature=3 1 3 10 8 1 2 3 4 4 3 2 2 10
split_gain=155.14 184.873 524.615 98.3538 567.999 250.258 156.879 139.512 82.2278 132.347 115.282 36.5774 98.0303 18.6566
threshold=0.25732802578433517 0.83500000000000008 0.37374605634547792 0.001950009120171602 5.0281898817291237 0.93500000000000016 0.41639749415345861 0.48285268151343658 3.657274023601083 3.8757255676027853 0.28401085613682292 0.89422246201961586 0.48801009356696917 0.00063673743276431501
decision_type=2 2 2 2 2 2 2 2 2 2 2 2 2 2
left_child=-1 2 -2 4 7 6 -5 -3 11 -10 -11 12 -8 -9
right_child=1 3 -4 5 -6 -7 8 13 9 10 -12 -13 -14 -15
leaf_value=-0.10182721663605084 -0.033569503734851708 0.035357695145266398 0.22546337095173921 -0.073732668742155422 0.20817730312997643 -0.1305871708052499 0.0079251322020655098 -0.046677744492888452 -0.09626904243095355 0.08419782058025399 -0.039781800558169683 0.010962434718685765 0.12348830312490464 -0.10131333816051484
leaf_weight=22 29 35 22 39 22 28 23 20 22 24 24 31 24 20
leaf_count=22 29 35 22 39 22 28 23 20 22 24 24 31 24 20
internal_value=0.00131419 0.00756518 0.0781702 -0.00397602 0.0294598 -0.019061 -0.0023619 -0.022964 0.0164453 -0.0150276 0.022208 0.0446902 0.0669361 -0.0739955
internal_weight=385 363 51 312 97 215 187 75 148 70 48 78 47 40
internal_count=385 363 51 312 97 215 187 75 148 70 48 78 47 40
is_linear=0
shrinkage=0.04


Tree=75
num_leaves=13
num_cat=0
split_feature=2 2 2 6 2 3 1 10 1 4 2 4
split_gain=148.95 466.931 94.1729 442.021 418.147 332.411 75.2659 52.4013 160.706 109.308 32.6111 17.8694
threshold=0.36598360275555064 0.40235729525690145 0.67427841884682305 0.22500000000000003 0.85137424746155199 0.40819657495638645 0.84500000000000008 0.0090263198135544596 0.87500000000000011 3.1789668203144252 0.41639749415345861 3.041126932278734
decision_type=2 2 2 2 2 2 2 2 2 2 2 2
left_child=-1 -2 3 -3 -4 6 -5 -6 -9 11 -8 -10
right_child=1 2 4 5 7 -7 10 8 9 -11 -12 -13
leaf_value=-0.082814026494180001 0.16849776565476698 0.1621708286234311 -0.17940861413876216 -0.10363657472389085 0.043852438067688661 0.073851143384681045 -0.053341695223535809 -0.083257415162192455 -0.036515141071811801 0.07746920893749884 0.0012622148224285671 0.0094585980971654254
leaf_weight=31 27 28 24 28 34 21 35 36 31 31 35 24
leaf_count=31 27 28 24 28 34 21 35 36 31 31 35 24
internal_value=0.00126162 0.00862418 -0.0045764 0.0191771 -0.023975 -0.0144685 -0.0482103 -6.21897e-05 -0.0123007 0.0174021 -0.0260397 -0.0164539
internal_weight=385 354 327 147 180 119 98 156 122 86 70 55
internal_count=385 354 327 147 180 119 98 156 122 86 70 55
is_linear=0
shrinkage=0.04


Tree=76
num_leaves=15
num_cat=0
split_feature=3 1 3 2 10 8 3 1 2 4 4 3 2 2
split_gain=142.989 174.735 485.28 89.1259 184.441 476.859 243.881 228.277 142.234 75.9002 119.13 107.303 34.1879 95.6159
threshold=0.25732802578433517 0.83500000000000008 0.37374605634547792 0.35808772761124247 0.0020013430504484116 4.9544874162125661 0.48285268151343658 0.93500000000000016 0.41639749415345861 3.657274023601083 3.8757255676027853 0.28401085613682292 0.89422246201961586 0.48801009356696917
decision_type=2 2 2 2 2 2 2 2 2 2 2 2 2 2
left_child=-1 2 -2 -3 5 6 -5 8 -6 12 -11 -12 13 -10
right_child=1 3 -4 4 7 -7 -8 -9 9 10 11 -13 -14 -15
leaf_value=-0.097657917575402695 -0.031463981250236771 -0.083440316518147789 0.21766875537959013 0.076942039491801423 -0.06994467810942577 0.21737541652861098 -0.087103835570401161 -0.12857138873006288 0.0050331535664471716 -0.091241341477090662 0.080970197040975717 -0.038642023454109824 0.010919217755717617 0.12048132593433061
leaf_weight=22 29 21 22 29 39 21 29 26 22 22 24 24 31 24
leaf_count=22 29 21 22 29 39 21 29 26 22 22 24 24 31 24
internal_value=0.00136201 0.00736322 0.076005 -0.00385708 0.00188604 0.0540531 -0.0050809 -0.0175536 -0.00203494 0.0159819 -0.0141633 0.0211641 0.0433867 0.065267
internal_weight=385 363 51 312 291 79 58 212 186 147 70 48 77 46
internal_count=385 363 51 312 291 79 58 212 186 147 70 48 77 46
is_linear=0
shrinkage=0.04


Tree=77
num_leaves=16
num_cat=0
split_feature=3 1 4 0 10 6 3 3 3 2 3 3 3 1 1
split_gain=140.512 470.496 330.19 227.234 941.176 200.243 53.5429 160.307 60.2069 84.0112 82.032 63.0324 51.5485 32.5203 17.4157
threshold=0.38461304846464756 0.87500000000000011 1.7737300424933657 0.57500000000000007 0.002059735237134255 0.22500000000000003 0.35971662159152479 0.2885449589024433 0.28444771275136244 0.8879124853877397 0.28029003666923585 0.26209669006959818 0.2798455656010907 1.0350000000000004 0.90500000000000014
decision_type=2 2 2 2 2 2 2 2 2 2 2 2 2 2 2
left_child=2 -2 -1 4 -3 13 7 8 9 12 11 14 -4 -5 -11
right_child=1 3 6 5 -6 -7 -8 -9 -10 10 -12 -13 -14 -15 -16
leaf_value=-0.17435707953572274 0.18923652101159097 0.2882406955063343 -0.090825205981731424 -0.053393159068766093 -0.003610220268570088 -0.15264711965214123 -0.049811366708839636 0.11153674548864365 -0.067098180651664729 0.00331114615712847 0.095692487031221379 -0.055995073676109314 -0.0010957346359888713 -0.003610220268570088 0.053694060341171593
leaf_weight=20 25 20 20 21 54 22 34 20 24 21 20 20 21 20 23
leaf_count=20 25 20 20 21 54 22 34 20 24 21 20 20 21 20 23
internal_value=0.00130753 0.0296594 -0.0192889 0.000539441 0.0480719 -0.0552924 -0.00401122 0.00520302 -0.00906997 0.00207145 0.0249815 0.00288431 -0.0448662 -0.00361022 0.0296477
internal_weight=385 162 223 137 74 63 203 169 149 125 84 64 41 41 44
internal_count=385 162 223 137 74 63 203 169 149 125 84 64 41 41 44
is_linear=0
shrinkage=0.04


Tree=78
num_leaves=11
num_cat=0
split_feature=2 2 0 4 10 4 2 10 3 8
split_gain=131.147 416.039 91.7203 287.268 67.5186 158.013 114.747 78.1541 70.6726 24.314
threshold=0.36598360275555064 0.40235729525690145 0.57500000000000007 1.379059999094048 0.0020914132064925252 1.9448941118946614 0.89186830647682369 0.0094739665630562426 0.26209669006959818 4.9450717193294009
decision_type=2 2 2 2 2 2 2 2 2 2
left_child=-1 -2 3 -3 5 -5 -6 -8 9 -9
right_child=1 2 -4 4 6 -7 7 8 -10 -11
leaf_value=-0.077734383421559486 0.15897541829833278 0.14565792679786682 -0.063703228549377336 -0.025426411529382072 -0.030265508959352806 0.11763461941764469 0.068875020511688728 4.9400070439214298e-05 -0.030265508959352806 0.059580065352576116
leaf_weight=31 27 21 37 30 115 21 31 23 28 21
leaf_count=31 27 21 37 30 115 21 31 23 28 21
internal_value=0.00115712 0.0080657 -0.00439474 0.00317221 -0.00795121 0.0334811 -0.0176441 0.015774 -0.0070889 0.0284618
internal_weight=385 354 327 290 269 51 218 103 72 44
internal_count=385 354 327 290 269 51 218 103 72 44
is_linear=0
shrinkage=0.04


Tree=79
num_leaves=15
num_cat=0
split_feature=3 7 4 4 4 1 10 3 3 3 4 10 3 3
split_gain=130.033 449.295 1045.52 303.739 123.945 62.5123 75.0129 52.6183 146.938 56.1232 107.343 75.5172 51.6206 11.0856
threshold=0.38461304846464756 0.13500000000000004 0.66412046826402038 1.7737300424933657 1.0722846885101365 0.91500000000000015 0.0022889660015661729 0.35971662159152479 0.2885449589024433 0.28420903048647644 3.8757255676027853 0.015985435981235627 0.2798455656010907 0.25838854750544588
decision_type=2 2 2 2 2 2 2 2 2 2 2 2 2 2
left_child=3 2 -2 -1 -3 6 -6 8 9 10 11 12 -5 -13
right_child=1 4 -4 7 5 -7 -8 -9 -10 -11 -12 13 -14 -15
leaf_value=-0.16773194533586502 0.045964954899916172 -0.092965820868467455 0.34431422493674541 -0.099368286891417079 -0.077762711376306554 0.045964954899916172 0.019530215808190407 -0.049754654125255704 0.10658601924777031 -0.061066054900487263 0.074763500346587256 0.037147271448657627 -0.01057707715034485 -2.934494704911203e-05
leaf_weight=20 38 29 22 22 21 20 32 34 20 27 26 21 20 33
leaf_count=20 38 29 22 22 21 20 32 34 20 27 26 21 20 33
internal_value=0.000808927 0.0280831 0.114938 -0.0190046 -0.0230078 0.0047837 -0.0190198 -0.00435167 0.00478265 -0.00888223 0.00266665 -0.0168596 -0.0570868 0.0144282
internal_weight=385 162 60 223 102 73 53 203 169 149 122 96 42 54
internal_count=385 162 60 223 102 73 53 203 169 149 122 96 42 54
is_linear=0
shrinkage=0.04


Tree=80
num_leaves=15
num_cat=0
split_feature=3 1 2 3 4 4 10 1 1 3 3 10 2 0
split_gain=128.888 161.124 456.756 88.7718 494.117 171.168 64.7488 37.5229 72.5069 67.4518 122.896 57.6923 33.3037 9.86529
threshold=0.25732802578433517 0.83500000000000008 0.41885712913985329 0.44403284294400697 0.66412046826402038 1.492499401421296 0.0024072915555046009 0.88500000000000012 0.91500000000000015 0.28444771275136244 0.2809377563916578 0.0084317331537138353 0.39053190432797918 0.26500000000000007
decision_type=2 2 2 2 2 2 2 2 2 2 2 2 2 2
left_child=-1 2 -2 5 12 6 -3 9 13 10 -7 -11 -5 -9
right_child=1 3 -4 4 -6 7 -8 8 -10 11 -12 -13 -14 -15
leaf_value=-0.093440878716382111 0.19425881347656251 -0.1341921183041164 -0.045199880519738563 -0.0089119748522837969 0.1669833856927497 -0.05314726522990635 -0.044344559853727164 0.074269822218819809 -0.020208621645967165 -0.011043532078464827 0.075872835318247484 -0.097487311306453897 -0.074254984030356769 0.036803088702938774
leaf_weight=22 25 21 26 24 28 21 33 23 36 30 27 21 26 22
leaf_count=22 25 21 26 24 28 21 33 23 36 30 27 21 26 22
internal_value=0.000570091 0.00626773 0.0721818 -0.0045067 0.0324489 -0.0168252 -0.0792853 0.00191277 0.0221033 -0.0146067 0.0194265 -0.046638 -0.0428903 0.0559528
internal_weight=385 363 51 312 78 234 54 180 81 99 48 51 50 45
internal_count=385 363 51 312 78 234 54 180 81 99 48 51 50 45
is_linear=0
shrinkage=0.04


Tree=81
num_leaves=16
num_cat=0
split_feature=6 3 1 3 10 10 3 3 4 10 4 4 2 3 3
split_gain=125.303 184.389 347.92 232.24 794.375 125.925 69.2662 63.5467 96.5048 68.6713 34.6469 30.3877 24.6677 11.8425 10.3114
threshold=0.30500000000000005 0.38461304846464756 0.87500000000000011 0.44403284294400697 0.00083989699245922995 0.0019097774190999753 0.28779633287593015 0.28420903048647644 3.8757255676027853 0.015985435981235627 1.4283545950903587 1.8901246743925277 0.37790439701054851 0.25838854750544588 0.2798455656010907
decision_type=2 2 2 2 2 2 2 2 2 2 2 2 2 2 2
left_child=1 5 -3 10 12 11 7 8 9 14 -4 -1 -5 -11 -7
right_child=-2 2 3 4 -6 6 -8 -9 -10 13 -12 -13 -14 -15 -16
leaf_value=-0.044215128721363142 -0.094458657815342864 0.17676490101851525 -0.044215128721363142 0.0028509916067123416 0.27413526758551598 -0.044215128721363142 0.058031996951021 -0.044215128721363142 0.071308686870795029 0.038375785180500575 -0.0012255547940731048 0.032791592966426503 -0.044215128721363142 -4.9086908499399825e-05 -0.011703336119651795
leaf_weight=25 21 25 29 20 20 22 29 21 26 21 30 22 21 33 20
leaf_count=25 21 25 29 20 20 22 29 21 26 21 30 22 21 33 20
internal_value=0.000547288 0.0060284 0.0410161 0.0127351 0.0674617 -0.017137 0.00166492 -0.00976616 0.00294845 -0.0155658 -0.0438467 -0.0442151 -0.0333546 0.0148939 -0.0442151
internal_weight=385 364 145 120 61 219 172 143 122 96 59 47 41 54 42
internal_count=385 364 145 120 61 219 172 143 122 96 59 47 41 54 42
is_linear=0
shrinkage=0.04


Tree=82
num_leaves=15
num_cat=0
split_feature=3 10 0 4 2 1 7 3 10 4 4 1 1 4
split_gain=118.388 148.915 752.148 538.472 228.522 203.806 89.6703 53.9328 81.4871 95.5851 79.9541 46.7091 30.0892 27.4123
threshold=0.25732802578433517 0.0011174659243335023 0.67500000000000016 1.1803311600330486 0.41103678988127562 0.93500000000000016 0.12500000000000003 0.32085228731827115 0.0091215520066148612 3.9312520000864262 1.8635630716250731 0.89500000000000013 1.0350000000000004 3.7329628016697449
decision_type=2 2 2 2 2 2 2 2 2 2 2 2 2 2
left_child=-1 2 -2 -3 -5 6 -6 8 -8 13 11 -9 -4 -10
right_child=1 3 12 4 5 -7 7 10 9 -11 -12 -13 -14 -15
leaf_value=-0.090337281118739732 0.25163257035342129 0.18758442401885986 -0.064034579829736191 -0.12131372617049652 0.060856511188117239 -0.11241119820762563 0.026552887112454397 0.023636206359469464 0.026552887112454397 -0.094190119624137869 -0.08935342135337683 -0.052992769658565524 -0.0015230914418186462 -0.024431433230638504
leaf_weight=22 22 21 22 33 37 27 31 35 21 20 26 20 28 20
leaf_count=22 22 21 22 33 37 27 31 35 21 20 26 20 28 20
internal_value=-0.000237091 0.00522353 0.0567293 -0.00752017 -0.022695 -0.00896324 0.00433721 -0.00775074 0.0132054 -0.0224987 -0.0315528 -0.00422888 -0.0290281 0.0124727
internal_weight=385 363 72 291 270 237 210 173 92 61 81 55 50 41
internal_count=385 363 72 291 270 237 210 173 92 61 81 55 50 41
is_linear=0
shrinkage=0.04


Tree=83
num_leaves=16
num_cat=0
split_feature=6 3 1 3 10 10 3 3 4 10 4 4 2 3 3
split_gain=120.714 168.539 311.674 209.243 713.436 123.378 64.0677 60.654 89.7939 64.0908 36.4112 33.4693 24.2326 12.9849 11.3329
threshold=0.30500000000000005 0.38461304846464756 0.87500000000000011 0.44403284294400697 0.00083989699245922995 0.0019097774190999753 0.28779633287593015 0.28420903048647644 3.8757255676027853 0.015985435981235627 1.4283545950903587 1.8901246743925277 0.37790439701054851 0.25838854750544588 0.2798455656010907
decision_type=2 2 2 2 2 2 2 2 2 2 2 2 2 2 2
left_child=1 5 -3 10 12 11 7 8 9 14 -4 -1 -5 -11 -7
right_child=-2 2 3 4 -6 6 -8 -9 -10 13 -12 -13 -14 -15 -16
leaf_value=-0.043933598871849007 -0.093248672329244151 0.16731504394412042 -0.043933598871849007 0.0035417926609516144 0.25987242150306705 -0.043933598871849007 0.055965838448208731 -0.043933598871849007 0.068979400304647595 0.039014306110995156 0.0002506678489347299 0.033252251256595956 -0.043933598871849007 -0.0012212554433129051 -0.011407580256462099
leaf_weight=25 21 25 29 20 20 22 29 21 26 21 30 22 21 33 20
leaf_count=25 21 25 29 20 20 22 29 21 26 21 30 22 21 33 20
internal_value=1.64839e-06 0.00538147 0.0388316 0.0120642 0.0640107 -0.0167659 0.00175524 -0.00923852 0.00303887 -0.01482 -0.0416431 -0.0439336 -0.0315317 0.0144259 -0.0439336
internal_weight=385 364 145 120 61 219 172 143 122 96 59 47 41 54 42
internal_count=385 364 145 120 61 219 172 143 122 96 59 47 41 54 42
is_linear=0
shrinkage=0.04


Tree=84
num_leaves=13
num_cat=0
split_feature=2 2 0 3 3 3 3 4 10 3 3 3
split_gain=118.524 365.873 95.9301 226.013 35.5747 77.5556 45.7987 83.6196 53.1823 21.5724 40.2559 11.9669
threshold=0.36598360275555064 0.40235729525690145 0.57500000000000007 0.40819657495638645 0.36228540202998 0.28779633287593015 0.28420903048647644 3.8757255676027853 0.015985435981235627 0.39278226981506886 0.39975269491040061 0.25838854750544588
decision_type=2 2 2 2 2 2 2 2 2 2 2 2
left_child=-1 -2 3 4 5 6 7 8 -3 -6 -11 -10
right_child=1 2 -4 -5 9 -7 -8 -9 11 10 -12 -13
leaf_value=-0.07572591578047122 0.14735973488401485 -0.032302422704364328 -0.0664989076433955 0.13164010822772981 -0.032302422704364328 0.060424038152540889 -0.032302422704364328 0.066220224545552181 0.037453730546292807 0.032685446042257052 -0.032302422704364328 -0.0011724052284703111
leaf_weight=31 27 42 37 20 52 31 21 26 21 24 20 33
leaf_count=31 27 42 37 20 52 31 21 26 21 24 20 33
internal_value=-0.0007272 0.00584048 -0.00584459 0.00189406 -0.00771676 0.00306799 -0.00936584 0.00258714 -0.0146468 -0.0272641 -0.00332251 0.0138489
internal_weight=385 354 327 290 270 174 143 122 96 96 44 54
internal_count=385 354 327 290 270 174 143 122 96 96 44 54
is_linear=0
shrinkage=0.04


Tree=85
num_leaves=14
num_cat=0
split_feature=3 10 0 4 2 1 7 10 10 2 10 4 1
split_gain=110.492 140.047 672.934 475.53 224.361 177.09 92.8078 65.2699 48.6954 198.939 64.4564 93.0263 29.225
threshold=0.25732802578433517 0.0011174659243335023 0.67500000000000016 1.1803311600330486 0.4073518848993144 0.93500000000000016 0.12500000000000003 0.0016642208583156435 0.0026340890591453211 0.84324419001470852 0.0091215520066148612 3.9312520000864262 1.0350000000000004
decision_type=2 2 2 2 2 2 2 2 2 2 2 2 2
left_child=-1 2 -2 -3 -5 6 -6 -8 -9 -10 -11 -12 -4
right_child=1 3 12 4 5 -7 7 8 9 10 11 -13 -14
leaf_value=-0.088037694150751286 0.23858440052379262 0.17527014789127168 -0.061386168216439815 -0.14476161737333645 0.058141942467238458 -0.10818171693219078 -0.07001526840031147 0.023427620868654936 -0.12756125230164755 0.023427620868654936 0.014742029944532796 -0.091836561173200604 0.00022109538316726686
leaf_weight=22 22 21 22 22 37 27 26 50 21 29 38 20 28
leaf_count=22 22 21 22 22 37 27 26 50 21 29 38 20 28
internal_value=-0.000994201 0.00428116 0.0542299 -0.00807728 -0.0223376 -0.0114774 0.000337099 -0.0112867 -0.00162251 -0.0170623 0.00960983 -0.0220092 -0.0268861
internal_weight=385 363 72 291 270 248 221 184 158 108 87 58 50
internal_count=385 363 72 291 270 248 221 184 158 108 87 58 50
is_linear=0
shrinkage=0.04


Tree=86
num_leaves=13
num_cat=0
split_feature=6 3 7 4 1 10 4 2 3 4 3 2
split_gain=116.496 154.754 314.222 959.063 124.232 105.34 66.6232 65.7127 46.0141 43.2351 54.927 10.5551
threshold=0.30500000000000005 0.38461304846464756 0.13500000000000004 0.66412046826402038 0.84500000000000008 0.0016225920649750312 1.4428329855233601 0.89186830647682369 0.28562762680874082 3.1789668203144252 0.28420903048647644 0.91913688886010192
decision_type=2 2 2 2 2 2 2 2 2 2 2 2
left_child=1 4 3 -3 -1 -4 -7 8 -6 11 -11 -9
right_child=-2 2 5 -5 7 6 -8 9 -10 10 -12 -13
leaf_value=-0.04392324313019904 -0.092369071287768223 0.048595084640914686 -0.04392324313019904 0.34389004611968993 -0.04392324313019904 0.048595084640914686 -0.020863243630155921 0.012641614151000978 0.010182369992588505 0.082153249325290806 -0.0016313333880333676 -0.025825493903387162
leaf_weight=46 21 38 25 20 42 30 32 25 33 31 21 21
leaf_count=46 21 38 25 20 42 30 32 25 33 31 21 21
internal_value=-0.000762414 0.00452259 0.0365755 0.108693 -0.0166997 -0.0115027 0.020833 0.00176207 -0.0264181 0.0233285 0.0483172 -0.00491946
internal_weight=385 364 145 58 219 87 62 173 75 98 52 46
internal_count=385 364 145 58 219 87 62 173 75 98 52 46
is_linear=0
shrinkage=0.04


Tree=87
num_leaves=14
num_cat=0
split_feature=2 2 0 3 3 3 3 4 10 3 3 3 2
split_gain=115.05 392.662 91.575 198.727 33.2827 70.7197 43.835 72.1983 48.2123 18.5386 36.4687 12.2777 1.76953
threshold=0.36968983351277968 0.40235729525690145 0.57500000000000007 0.40819657495638645 0.36228540202998 0.28779633287593015 0.28420903048647644 3.8757255676027853 0.015985435981235627 0.39278226981506886 0.39975269491040061 0.25838854750544588 0.87024421264525753
decision_type=2 2 2 2 2 2 2 2 2 2 2 2 2
left_child=-1 -2 3 4 5 6 7 8 12 -6 -11 -10 -3
right_child=1 2 -4 -5 9 -7 -8 -9 11 10 -12 -13 -14
leaf_value=-0.071562768431270823 0.16166435713569324 -0.0073160444606434217 -0.065223870257268085 0.12326097112894058 -0.031812638367766662 0.057788102857528195 -0.031812638367766662 0.061850080123314499 0.037244771946044197 0.029732510714481273 -0.031812638367766662 -0.0018797619053811737 -0.031812638367766662
leaf_weight=34 24 22 37 20 52 31 21 26 21 24 20 33 20
leaf_count=34 24 22 37 20 52 31 21 26 21 24 20 33 20
internal_value=-0.00130618 0.0054993 -0.00596236 0.00159859 -0.00741343 0.0030181 -0.00885512 0.00272218 -0.0132916 -0.0263206 -0.00461077 0.0133353 -0.0318126
internal_weight=385 351 327 290 270 174 143 122 96 96 44 54 42
internal_count=385 351 327 290 270 174 143 122 96 96 44 54 42
is_linear=0
shrinkage=0.04


Tree=88
num_leaves=11
num_cat=0
split_feature=6 3 10 7 3 4 4 10 3 2
split_gain=106.31 143.953 617.277 190.038 327.358 107.184 41.5597 79.096 62.0054 24.6981
threshold=0.30500000000000005 0.44403284294400697 0.00083989699245922995 0.12500000000000003 0.27041261499459079 1.8551995069326495 3.6985524163745307 0.0094739665630562426 0.28372576826787682 0.37790439701054851
decision_type=2 2 2 2 2 2 2 2 2 2
left_child=1 3 9 4 -1 -5 -7 8 -8 -3
right_child=-2 2 -4 5 -6 6 7 -9 -10 -11
leaf_value=0.0088426353522836794 -0.089084026586441767 0.0056505389213562006 0.24172250533103942 -0.042804600899214361 0.18170685518355598 0.0088426353522836794 0.0088426353522836794 -0.042804600899214361 -0.042804600899214361 -0.042804600899214361
leaf_weight=60 21 20 20 97 21 54 26 20 25 21
leaf_count=60 21 20 20 97 21 54 26 20 25 21
internal_value=-0.00157384 0.00347482 0.0595378 -0.00781177 0.0446319 -0.0269466 -0.000159852 -0.0240092 0.00884264 -0.0293329
internal_weight=385 364 61 303 81 222 125 71 51 41
internal_count=385 364 61 303 81 222 125 71 51 41
is_linear=0
shrinkage=0.04


Tree=89
num_leaves=15
num_cat=0
split_feature=2 7 4 10 4 10 2 3 3 4 2 2 0 2
split_gain=107.047 318.762 775.56 218.31 96.4375 94.2549 73.8592 44.5601 62.8671 69.6921 59.3679 97.9031 75.021 14.4978
threshold=0.46742573089942302 0.13500000000000004 0.93737733801629963 0.0046902542596025153 1.2558576205181218 0.0022733965529708471 0.41777790772781614 0.28779633287593015 0.28420903048647644 3.8757255676027853 0.8879124853877397 0.92579273518174066 0.29500000000000004 0.41457504436859777
decision_type=2 2 2 2 2 2 2 2 2 2 2 2 2 2
left_child=1 2 -1 -2 -3 6 -6 8 9 10 -5 12 -12 -7
right_child=3 4 -4 7 5 13 -8 -9 -10 -11 11 -13 -14 -15
leaf_value=0.040407089509895924 -0.10667315082672316 0.040407089509895924 0.27957755508422855 -0.055853954017162318 -0.11753499655127525 0.038036734938621523 -0.027516051969357899 0.05155283556743101 -0.073522533240417645 0.059499114109919628 0.10033699536323548 -0.063055350065231316 -0.0079107363734926498 -0.0095492280948729757
leaf_weight=34 39 21 25 35 25 20 35 22 21 26 20 20 21 21
leaf_count=34 39 21 25 35 25 20 35 22 21 26 20 20 21 21
internal_value=-0.00169367 0.0206984 0.0970306 -0.0215611 -0.0162164 -0.0330815 -0.0650239 -0.00144373 -0.00959704 0.00140652 -0.0143269 0.00950012 0.044893 0.0136634
internal_weight=385 181 59 204 122 101 60 165 143 122 96 61 41 41
internal_count=385 181 59 204 122 101 60 165 143 122 96 61 41 41
is_linear=0
shrinkage=0.04


Tree=90
num_leaves=16
num_cat=0
split_feature=3 10 0 4 2 1 7 3 4 4 10 3 4 1 10
split_gain=109.827 126.256 607.98 394.007 222.915 169.863 83.5479 56.516 83.973 70.1155 157.532 61.3278 50.7303 29.8144 13.7807
threshold=0.25732802578433517 0.0011174659243335023 0.67500000000000016 1.1803311600330486 0.4073518848993144 0.93500000000000016 0.12500000000000003 0.32085228731827115 1.8635630716250731 3.6985524163745307 0.0094739665630562426 0.28372576826787682 1.4283545950903587 1.0350000000000004 0.0022889660015661729
decision_type=2 2 2 2 2 2 2 2 2 2 2 2 2 2 2
left_child=-1 2 -2 -3 -5 6 -6 9 12 -8 11 -11 -9 -4 -14
right_child=1 3 13 4 5 -7 7 8 -10 10 -12 -13 14 -15 -16
leaf_value=-0.088628019040281128 0.22606996818022296 0.15857152212233772 -0.061109523678367791 -0.14333077097480948 0.055939530601372585 -0.10518712267141651 0.02300253369020009 -0.059648058384656907 -0.089878904564040046 0.02300253369020009 -0.11376865035295486 -0.04119164363791545 -0.0089884872815531244 0.0011158907839230129 0.02300253369020009
leaf_weight=22 22 21 22 22 37 27 22 20 28 26 20 24 23 28 21
leaf_count=22 22 21 22 22 37 27 22 20 28 26 20 24 23 28 21
internal_value=-0.00184662 0.00341286 0.0508385 -0.00832133 -0.0213019 -0.0104767 0.00109421 -0.00993446 -0.032103 0.0122341 -0.0188907 0.0190604 -0.00682601 -0.0262633 0.017184
internal_weight=385 363 72 291 270 248 221 184 92 92 70 50 64 50 44
internal_count=385 363 72 291 270 248 221 184 92 92 70 50 64 50 44
is_linear=0
shrinkage=0.04


Tree=91
num_leaves=10
num_cat=0
split_feature=2 2 0 3 7 1 4 2 1
split_gain=116.368 352.598 87.5124 172.833 25.6411 46.1313 39.4138 37.4216 8.10505
threshold=0.36968983351277968 0.40235729525690145 0.57500000000000007 0.40819657495638645 0.12500000000000003 0.84500000000000008 2.9517258191708495 0.41639749415345861 0.90500000000000014
decision_type=2 2 2 2 2 2 2 2 2
left_child=-1 -2 3 4 6 -6 -3 -7 -8
right_child=1 2 -4 -5 5 7 8 -9 -10
leaf_value=-0.072039454965030447 0.15344671174883842 0.056443145647645 -0.063330499255979389 0.11545246815681458 -0.030668791524575068 -0.030668791524575068 -0.00029574845068825351 -0.00029574845068825351 0.023352526823679606
leaf_weight=34 24 24 37 20 39 36 24 120 27
leaf_count=34 24 24 37 20 39 36 24 120 27
internal_value=-0.00138157 0.00546279 -0.00539842 0.00199292 -0.0064115 -0.0140562 0.0134647 -0.00206608 -0.000295748
internal_weight=385 351 327 290 270 195 75 156 51
internal_count=385 351 327 290 270 195 75 156 51
is_linear=0
shrinkage=0.04


Tree=92
num_leaves=11
num_cat=0
split_feature=2 2 0 4 10 4 2 10 2 3
split_gain=106.794 325.671 80.1649 163.919 67.5501 128.33 91.3386 61.4818 65.7783 82.6772
threshold=0.36968983351277968 0.40235729525690145 0.57500000000000007 1.379059999094048 0.0020914132064925252 1.9448941118946614 0.89186830647682369 0.0094739665630562426 0.92579273518174066 0.25838854750544588
decision_type=2 2 2 2 2 2 2 2 2 2
left_child=-1 -2 3 -3 5 -5 -6 -8 9 -9
right_child=1 2 -4 4 6 -7 7 8 -10 -11
leaf_value=-0.069157874408890221 0.14730884333451591 0.10935597495663733 -0.060797282425132958 -0.018323858277018493 -0.029536765898738552 0.11060180709475564 0.059816854182750956 0.086588762223720542 -0.029536765898738552 -0.019894065377967698
leaf_weight=34 24 21 37 30 115 21 31 20 24 28
leaf_count=34 24 21 37 30 115 21 31 20 24 28
internal_value=-0.00146901 0.00508775 -0.00535049 0.00172375 -0.00667877 0.0347632 -0.0163739 0.0127191 -0.00755908 0.0244738
internal_weight=385 351 327 290 269 51 218 103 72 48
internal_count=385 351 327 290 269 51 218 103 72 48
is_linear=0
shrinkage=0.04


Tree=93
num_leaves=16
num_cat=0
split_feature=3 10 0 4 2 1 7 3 4 4 10 3 4 1 10
split_gain=107.348 122.71 545.108 360.226 217.285 165.049 73.2965 55.4937 82.015 64.6411 143.062 58.0025 51.2252 28.0338 11.9555
threshold=0.25732802578433517 0.0011174659243335023 0.67500000000000016 1.1803311600330486 0.4073518848993144 0.93500000000000016 0.12500000000000003 0.32085228731827115 1.8635630716250731 3.6985524163745307 0.0094739665630562426 0.28372576826787682 1.4283545950903587 1.0350000000000004 0.0022889660015661729
decision_type=2 2 2 2 2 2 2 2 2 2 2 2 2 2 2
left_child=-1 2 -2 -3 -5 6 -6 9 12 -8 11 -11 -9 -4 -14
right_child=1 3 13 4 5 -7 7 8 -10 10 -12 -13 14 -15 -16
leaf_value=-0.087465604706244038 0.21620907198299061 0.15154046580905006 -0.056510771838101478 -0.14092710183425383 0.053014518892442852 -0.1031205595753811 0.022164324926197104 -0.058751480147242553 -0.087751353383064265 0.022164324926197104 -0.10801593117415906 -0.040236050281673673 -0.0071276077563348032 0.0038279251541410175 0.022164324926197104
leaf_weight=22 22 21 22 22 37 27 22 20 28 26 20 24 23 28 21
leaf_count=22 22 21 22 22 37 27 22 20 28 26 20 24 23 28 21
internal_value=-0.00166925 0.00353052 0.0502853 -0.00803768 -0.0204493 -0.00976177 0.00164406 -0.00868587 -0.030653 0.0132812 -0.0176002 0.0185661 -0.00567243 -0.0227211 0.0184544
internal_weight=385 363 72 291 270 248 221 184 92 92 70 50 64 50 44
internal_count=385 363 72 291 270 248 221 184 92 92 70 50 64 50 44
is_linear=0
shrinkage=0.04


Tree=94
num_leaves=14
num_cat=0
split_feature=2 2 2 6 10 1 3 3 4 2 2 2 4
split_gain=103.924 300.13 78.7084 428.254 213.921 77.8291 43.5604 53.5723 63.1116 79.6544 34.3425 34.2443 16.5619
threshold=0.36968983351277968 0.40235729525690145 0.46742573089942302 0.22500000000000003 0.0046902542596025153 0.87500000000000011 0.28779633287593015 0.28420903048647644 3.7998836868208854 0.89186830647682369 0.42164870744406618 0.41280516410575652 3.0898797655353412
decision_type=2 2 2 2 2 2 2 2 2 2 2 2 2
left_child=-1 -2 3 -3 -4 10 7 8 9 -6 -5 -7 -11
right_child=1 2 4 5 6 11 -8 -9 -10 12 -12 -13 -14
leaf_value=-0.067981493963914758 0.1417902973294258 0.18500577307882765 -0.10425113341747187 -0.087943053231352861 -0.064393924619212298 -0.015541008007915125 0.052313881929625161 -0.067157141026996423 0.051303202490652761 -0.0045102206924382375 -0.020776644009968332 0.049816149182874581 0.038889238735040028
leaf_weight=34 24 21 39 21 33 23 22 21 31 34 29 29 24
leaf_count=34 24 21 39 21 33 23 22 21 31 34 29 29 24
internal_value=-0.00120826 0.00525981 -0.00476078 0.0205124 -0.019999 -0.0133539 -8.48519e-05 -0.0081462 0.00201143 -0.0147803 -0.0489865 0.0209082 0.0134482
internal_weight=385 351 327 123 204 102 165 143 122 91 50 52 58
internal_count=385 351 327 123 204 102 165 143 122 91 50 52 58
is_linear=0
shrinkage=0.04


Tree=95
num_leaves=16
num_cat=0
split_feature=3 2 7 0 10 4 10 2 4 4 4 3 3 3 2
split_gain=101.239 111.855 379.84 544.82 208.03 81.4703 83.1534 69.3244 42.7014 63.7617 126.91 86.5383 31.209 28.8721 15.8247
threshold=0.25732802578433517 0.46742573089942302 0.13500000000000004 0.62500000000000011 0.0046902542596025153 1.2558576205181218 0.0022733965529708471 0.41122418466669036 4.0626553426394931 3.8757255676027853 3.6985524163745307 0.2809377563916578 0.26209669006959818 0.37963937262630781 0.41457504436859777
decision_type=2 2 2 2 2 2 2 2 2 2 2 2 2 2 2
left_child=-1 2 3 -2 -3 -4 7 -7 9 10 11 12 -6 -9 -8
right_child=1 4 5 -5 8 6 14 13 -10 -11 -12 -13 -14 -15 -16
leaf_value=-0.084479215795343579 0.25775106582641605 -0.10008108952106573 0.048382575269762182 0.048382575269762182 0.027677036457591588 -0.11962099251151084 0.04055695290863514 -0.062396393952891226 -0.042340834347101355 0.072478792071342474 -0.089971348047256469 0.094670037508010868 -0.033141111621150264 0.0055707694664597508 -0.0091588965342158362
leaf_weight=22 25 39 21 33 27 20 20 20 26 24 20 20 27 20 21
leaf_count=22 25 39 21 33 27 20 20 20 26 24 20 20 27 20 21
internal_value=-0.00115993 0.00388973 0.0262781 0.110551 -0.0181316 -0.0137862 -0.0288132 -0.0588155 0.00406301 0.0142876 -0.000569747 0.0235928 -0.00273204 -0.0284128 0.0150927
internal_weight=385 363 180 58 183 122 101 60 144 118 94 74 54 40 41
internal_count=385 363 180 58 183 122 101 60 144 118 94 74 54 40 41
is_linear=0
shrinkage=0.04


Tree=96
num_leaves=14
num_cat=0
split_feature=2 2 0 3 3 2 1 4 10 3 3 4 2
split_gain=101.914 270.159 74.7448 150.637 22.2969 53.6111 56.8889 96.8013 30.9562 12.3377 35.5962 11.7119 1.53176
threshold=0.36968983351277968 0.40235729525690145 0.57500000000000007 0.40819657495638645 0.36464182976575704 0.8578930512038383 0.87500000000000011 3.1789668203144252 0.0090263198135544596 0.39237039639326693 0.39911917056582019 3.0336146587261159 0.4288823128227654
decision_type=2 2 2 2 2 2 2 2 2 2 2 2 2
left_child=-1 -2 3 4 5 -3 8 11 -7 12 -11 -8 -6
right_child=1 2 -4 -5 9 6 7 -9 -10 10 -12 -13 -14
leaf_value=-0.067384874224662786 0.13467869003613792 0.053819352542715415 -0.057902115631747887 0.10839214369654655 -0.027716891066048632 0.023133814659985631 0.0012039887346327305 0.071246766025020239 -0.027716891066048632 0.03592554111033678 -0.027716891066048632 -0.027716891066048632 -0.010524800315499306
leaf_weight=34 24 28 37 20 29 22 32 31 35 20 26 27 20
leaf_count=34 24 28 37 20 29 22 32 31 35 20 26 27 20
internal_value=-0.00126067 0.00514452 -0.00436257 0.00246833 -0.00537787 0.00309134 -0.00657114 0.0140167 -0.0277169 -0.0209791 -0.00484997 -0.0160534 -0.0277169
internal_weight=385 351 327 290 270 175 147 90 57 95 46 59 49
internal_count=385 351 327 290 270 175 147 90 57 95 46 59 49
is_linear=0
shrinkage=0.04


Tree=97
num_leaves=11
num_cat=0
split_feature=2 2 0 3 7 1 4 3 1 2
split_gain=93.0098 250.34 67.9111 139.952 22.4192 39.0809 36.3668 31.9291 6.50272 4.67287
threshold=0.36968983351277968 0.40235729525690145 0.57500000000000007 0.40819657495638645 0.12500000000000003 0.84500000000000008 2.9517258191708495 0.38300957115088852 0.90500000000000014 0.41639749415345861
decision_type=2 2 2 2 2 2 2 2 2 2
left_child=-1 -2 3 4 6 -6 -3 -7 -8 -9
right_child=1 2 -4 -5 5 7 8 9 -10 -11
leaf_value=-0.064689478523590985 0.12929154177506766 0.054352898498376212 -0.055586029645558956 0.1040564575791359 -0.026813747623930136 0.00011435377043791385 0.00011435377043791385 -0.026813747623930136 0.021740225553512574 -0.0098508551275288611
leaf_weight=34 24 24 37 20 39 95 24 34 27 27
leaf_count=34 24 24 37 20 39 95 24 34 27 27
internal_value=-0.00151988 0.00459911 -0.00455262 0.00195853 -0.00560427 -0.0127526 0.0129813 -0.00135837 0.000114354 -0.0268137
internal_weight=385 351 327 290 270 195 75 156 51 61
internal_count=385 351 327 290 270 195 75 156 51 61
is_linear=0
shrinkage=0.04


Tree=98
num_leaves=14
num_cat=0
split_feature=3 10 0 4 2 1 7 2 4 1 4 1 3
split_gain=91.9499 114.616 491.058 324.815 215.783 156.045 62.0478 49.8491 47.5345 175.362 31.1085 29.3349 10.2649
threshold=0.25732802578433517 0.0011174659243335023 0.67500000000000016 1.1803311600330486 0.4073518848993144 0.93500000000000016 0.12500000000000003 0.41639749415345861 1.8635630716250731 0.84500000000000008 3.7740667922218543 1.0350000000000004 0.28611719522760293
decision_type=2 2 2 2 2 2 2 2 2 2 2 2 2
left_child=-1 2 -2 -3 -5 6 -6 -8 -9 -10 -11 -4 -12
right_child=1 3 11 4 5 -7 7 8 9 10 12 -13 -14
leaf_value=-0.080988092070276088 0.20589892755855213 0.14358073824927922 -0.05544156638058749 -0.13979757458648898 0.049268567900399907 -0.099862813728827021 -0.050457676712955743 0.020884186712834554 -0.1167523988087972 -0.018862463300292558 0.020884186712834554 0.0062814661434718545 -0.012485626392066478
leaf_weight=22 22 21 22 22 37 27 35 35 21 37 36 28 20
leaf_count=22 22 21 22 22 37 27 35 35 21 37 36 28 20
internal_value=-0.00158322 0.00322919 0.0484159 -0.00795102 -0.0197368 -0.00908627 0.00200408 -0.00750019 0.00259049 -0.0123507 0.0112239 -0.0208767 0.0208842
internal_weight=385 363 72 291 270 248 221 184 149 114 93 50 56
internal_count=385 363 72 291 270 248 221 184 149 114 93 50 56
is_linear=0
shrinkage=0.04


Tree=99
num_leaves=11
num_cat=0
split_feature=6 3 10 7 2 4 4 2 3 4
split_gain=91.1476 124.217 523.775 143.664 261.133 107.392 35.4868 27.7018 11.0133 0.788041
threshold=0.30500000000000005 0.44403284294400697 0.00083989699245922995 0.12500000000000003 0.88620463396034244 1.8551995069326495 4.0626553426394931 0.37790439701054851 0.32085228731827115 3.0898797655353412
decision_type=2 2 2 2 2 2 2 2 2 2
left_child=1 3 7 4 -1 -5 8 -3 -7 -6
right_child=-2 2 -4 5 9 6 -8 -9 -10 -11
leaf_value=0.15427752956100133 -0.082310170389357076 0.01119926816225052 0.22329250442981721 -0.039458025570945215 0.0073901999718424174 0.0073901999718424174 -0.039458025570945215 -0.039458025570945215 -0.019227846013382077 0.033163883686065675
leaf_weight=23 21 20 20 97 37 67 26 21 32 21
leaf_count=23 21 20 20 97 37 67 26 21 32 21
internal_value=-0.00128066 0.00339412 0.0554723 -0.00709026 0.0385078 -0.0237274 0.00313411 -0.0263913 0.0073902 0.0073902
internal_weight=385 364 61 303 81 222 125 41 99 58
internal_count=385 364 61 303 81 222 125 41 99 58
is_linear=0
shrinkage=0.04


Tree=100
num_leaves=15
num_cat=0
split_feature=2 2 2 6 10 3 3 3 3 10 10 2 3 4
split_gain=89.282 230.063 77.2441 364.445 187.267 61.6397 38.5229 47.7936 58.5221 46.0466 93.4679 33.8325 14.9098 9.93139
threshold=0.36968983351277968 0.40235729525690145 0.46742573089942302 0.22500000000000003 0.0046902542596025153 0.39753670358718202 0.28779633287593015 0.28420903048647644 0.2809377563916578 0.015985435981235627 0.0094739665630562426 0.41639749415345861 0.25838854750544588 1.8635630716250731
decision_type=2 2 2 2 2 2 2 2 2 2 2 2 2 2
left_child=-1 -2 3 -3 -4 11 7 8 9 10 -6 -5 -11 -13
right_child=1 2 4 5 6 -7 -8 -9 -10 12 -12 13 -14 -15
leaf_value=-0.063345673575120817 0.12407610615094504 0.17254875177428836 -0.09815777092407911 -0.077534879863262185 0.013526912757328577 0.029916400932951975 0.048579201144589627 -0.064014971880685709 0.053282673623826771 0.037160847683747611 -0.10729854160547257 0.0033682898075684258 -0.0059538868069648745 -0.034678475686482024
leaf_weight=34 24 21 39 20 21 38 22 21 27 21 20 23 33 21
leaf_count=34 24 21 39 20 21 38 22 21 27 21 20 23 33 21
internal_value=-0.00145494 0.00454017 -0.00423311 0.0208038 -0.0193289 -0.0104378 -0.000696642 -0.00827754 0.00131661 -0.0134527 -0.0454123 -0.034398 0.010813 -0.0147904
internal_weight=385 351 327 123 204 102 165 143 122 95 41 64 54 44
internal_count=385 351 327 123 204 102 165 143 122 95 41 64 54 44
is_linear=0
shrinkage=0.04


Tree=101
num_leaves=15
num_cat=0
split_feature=3 2 7 0 10 10 3 2 4 4 4 1 3 4
split_gain=87.4306 104.672 301.383 464.812 179.98 74.7086 46.2484 49.5051 33.7276 59.3893 113.017 85.256 24.4183 12.0813
threshold=0.25732802578433517 0.46742573089942302 0.13500000000000004 0.62500000000000011 0.0046902542596025153 0.0024072915555046009 0.4006672699748825 0.41103678988127562 4.0626553426394931 3.8757255676027853 3.6985524163745307 0.90500000000000014 0.37963937262630781 3.0194951427298413
decision_type=2 2 2 2 2 2 2 2 2 2 2 2 2 2
left_child=-1 2 3 -2 -3 6 7 -4 9 10 11 -6 -9 -13
right_child=1 4 5 -5 8 -7 -8 12 -10 -11 -12 13 -14 -15
leaf_value=-0.078825687468051908 0.23663957214355472 -0.094231462577978764 -0.091295814712842316 0.044643270659616867 0.084120688697566157 0.041760226339101793 0.024245363652706145 -0.053656374067068101 -0.038603195456358104 0.067885018189748125 -0.086980713114142433 -0.02560221748105411 0.0051324497851041656 0.013706690127199345
leaf_weight=22 25 39 24 33 23 32 20 20 26 24 20 29 26 22
leaf_count=22 25 39 24 33 23 32 20 20 26 24 20 29 26 22
internal_value=-0.00139675 0.00329592 0.0249536 0.100021 -0.0180067 -0.010734 -0.0293986 -0.0447255 0.00263751 0.0117244 -0.00261442 0.0201873 -0.0204279 -0.00864543
internal_weight=385 363 180 58 183 122 90 70 144 118 94 74 46 51
internal_count=385 363 180 58 183 122 90 70 144 118 94 74 46 51
is_linear=0
shrinkage=0.04


Tree=102
num_leaves=11
num_cat=0
split_feature=2 2 0 10 3 2 4 10 2 3
split_gain=85.4175 207.33 65.9716 129.11 168.55 61.9262 57.6898 54.8897 65.0061 90.0588
threshold=0.36968983351277968 0.40235729525690145 0.57500000000000007 0.0020914132064925252 0.3836098577746147 0.89186830647682369 1.4428329855233601 0.0094739665630562426 0.92579273518174066 0.25838854750544588
decision_type=2 2 2 2 2 2 2 2 2 2
left_child=-1 -2 3 4 -3 6 -5 -7 9 -9
right_child=1 2 -4 5 -6 7 -8 8 -10 -11
leaf_value=-0.062042340881684255 0.11783443411191305 0.0044550772293193916 -0.054269880515498088 0.029149634097853015 0.14633705347421624 0.056926273299801738 -0.025911422242124921 0.091055999562144288 -0.025911422242124921 -0.020078725144267083
leaf_weight=34 24 37 37 31 21 31 98 20 24 28
leaf_count=34 24 37 37 31 21 31 98 20 24 28
internal_value=-0.00150587 0.00435807 -0.00397047 0.00244704 0.0558261 -0.0108977 -0.0259114 0.012425 -0.00673526 0.0262274
internal_weight=385 351 327 290 58 232 129 103 72 48
internal_count=385 351 327 290 58 232 129 103 72 48
is_linear=0
shrinkage=0.04


Tree=103
num_leaves=14
num_cat=0
split_feature=3 10 0 4 2 1 7 2 4 4 4 1 10
split_gain=85.1178 103.486 446.89 280.126 208.037 144.821 53.3303 47.3826 45.5898 97.3997 51.8822 31.0799 24.7562
threshold=0.25732802578433517 0.0011174659243335023 0.67500000000000016 1.1803311600330486 0.4073518848993144 0.93500000000000016 0.12500000000000003 0.41639749415345861 3.657274023601083 3.8436443828508984 4.0626553426394931 1.0350000000000004 0.0017036897986969538
decision_type=2 2 2 2 2 2 2 2 2 2 2 2 2
left_child=-1 2 -2 -3 -5 6 -6 -8 12 -10 -11 -4 -9
right_child=1 3 11 4 5 -7 7 8 9 10 -12 -13 -14
leaf_value=-0.078185863251035867 0.19601265365427192 0.13294095595677693 -0.055902083895423199 -0.13661250631917607 0.046234101733645873 -0.095719590275375938 -0.048277146092482973 -0.022018924107154211 -0.0921305915855226 0.019919094621369638 -0.038452995327802809 0.0076301670074462894 0.019919094621369638
leaf_weight=22 22 21 22 22 37 27 35 24 21 27 26 28 51
leaf_count=22 22 21 22 22 37 27 35 24 21 27 26 28 51
internal_value=-0.0017879 0.00284228 0.0457789 -0.0077812 -0.0187263 -0.00826861 0.00241545 -0.00639591 0.00344196 -0.0192266 0.00965986 -0.020324 0.0199191
internal_weight=385 363 72 291 270 248 221 184 149 74 53 50 75
internal_count=385 363 72 291 270 248 221 184 149 74 53 50 75
is_linear=0
shrinkage=0.04


Tree=104
num_leaves=12
num_cat=0
split_feature=2 2 0 3 2 2 1 7 10 3 10
split_gain=82.4651 192.451 63.7934 115.632 20.8736 73.8085 52.6827 74.3082 38.5591 77.5196 8.55931
threshold=0.36968983351277968 0.40235729525690145 0.57500000000000007 0.40819657495638645 0.92579273518174066 0.91145082116271248 0.85500000000000009 0.14500000000000005 0.0092164943303359673 0.2809377563916578 0.01630312844843983
decision_type=2 2 2 2 2 2 2 2 2 2 2
left_child=-1 -2 3 4 5 6 7 -3 -8 10 -10
right_child=1 2 -4 -5 -6 -7 8 -9 9 -11 -12
leaf_value=-0.060945818336570964 0.11362572650114695 0.074397702400500962 -0.053189233170973287 0.09538759969174862 -0.0253028592176784 0.05985446163292589 -0.0253028592176784 -0.017992310012380282 -0.0253028592176784 0.060015293634854833 0.0013515114784240724
leaf_weight=34 24 26 37 20 33 29 86 30 20 26 20
leaf_count=34 24 26 37 20 33 29 86 30 20 26 20
internal_value=-0.00146473 0.00429697 -0.00372716 0.00258351 -0.00429086 7.22853e-05 -0.00826273 0.0249031 -0.0204817 0.00613432 -0.0253029
internal_weight=385 351 327 290 270 237 208 56 152 66 40
internal_count=385 351 327 290 270 237 208 56 152 66 40
is_linear=0
shrinkage=0.04


Tree=105
num_leaves=14
num_cat=0
split_feature=3 10 0 4 2 1 7 2 4 4 10 1 2
split_gain=79.7172 98.4853 406.635 257.735 195.215 136.133 48.4736 43.1514 43.8301 92.2083 50.2518 28.8623 22.5182
threshold=0.25732802578433517 0.0011174659243335023 0.67500000000000016 1.1803311600330486 0.4073518848993144 0.93500000000000016 0.12500000000000003 0.41639749415345861 3.657274023601083 3.8436443828508984 0.0091745938428223085 1.0350000000000004 0.43041475541034652
decision_type=2 2 2 2 2 2 2 2 2 2 2 2 2
left_child=-1 2 -2 -3 -5 6 -6 -8 12 -10 -11 -4 -9
right_child=1 3 11 4 5 -7 7 8 9 10 -12 -13 -14
leaf_value=-0.075585842701521785 0.18802374861457133 0.12744697729746501 -0.052624706923961644 -0.13222814776680686 0.044232126377724321 -0.092689381484632141 -0.0459118144767625 -0.013773680492821667 -0.08979028202238537 0.019143942758480918 -0.037159027832525747 0.0085990290982382641 0.019143942758480918
leaf_weight=22 22 21 22 22 37 27 35 36 21 26 27 28 39
leaf_count=22 22 21 22 22 37 27 35 36 21 26 27 28 39
internal_value=-0.00165126 0.00282963 0.044716 -0.00753401 -0.0180325 -0.00790228 0.00245633 -0.00594424 0.00344412 -0.0188558 0.00925035 -0.0183394 0.0191439
internal_weight=385 363 72 291 270 248 221 184 149 74 53 50 75
internal_count=385 363 72 291 270 248 221 184 149 74 53 50 75
is_linear=0
shrinkage=0.04


Tree=106
num_leaves=14
num_cat=0
split_feature=2 2 2 6 10 3 10 4 3 10 2 3 4
split_gain=79.8929 178.211 66.0706 314.393 172.775 50.5467 32.316 90.9291 56.7728 70.0517 24.2759 16.2443 6.75055
threshold=0.36968983351277968 0.40235729525690145 0.46742573089942302 0.22500000000000003 0.0046902542596025153 0.39753670358718202 0.0090263198135544596 3.9529656002653155 0.2809377563916578 0.015985435981235627 0.41885712913985329 0.25838854750544588 1.8635630716250731
decision_type=2 2 2 2 2 2 2 2 2 2 2 2 2
left_child=-1 -2 3 -3 -4 10 -6 8 9 -8 -5 -11 -12
right_child=1 2 4 5 6 -7 7 -9 -10 11 12 -13 -14
leaf_value=-0.05985560954493635 0.10956785798072816 0.16073556315331231 -0.093038640373792406 -0.063810633939245479 0.034085229502783879 0.027321446694825828 -0.075195345538003111 -0.084934602975845333 0.049753757679101195 0.038404518851921678 0.0033719429639833317 -0.0065984056573925596 -0.029099145114421843
leaf_weight=34 24 21 39 23 36 38 21 21 33 21 21 33 20
leaf_count=34 24 21 39 23 36 38 21 21 33 21 21 33 20
internal_value=-0.00130951 0.00436162 -0.00335994 0.0197955 -0.0173213 -0.00922159 0.00057552 -0.00877603 0.00603259 -0.0132047 -0.030919 0.0109027 -0.0124676
internal_weight=385 351 327 123 204 102 165 129 108 75 64 54 41
internal_count=385 351 327 123 204 102 165 129 108 75 64 54 41
is_linear=0
shrinkage=0.04


Tree=107
num_leaves=13
num_cat=0
split_feature=3 2 7 0 10 10 3 2 8 1 4 3
split_gain=74.8252 88.2965 250.286 397.643 164.332 72.3218 40.7744 45.4473 32.3545 54.4153 45.858 21.5767
threshold=0.25732802578433517 0.46742573089942302 0.13500000000000004 0.62500000000000011 0.0046902542596025153 0.0024072915555046009 0.4006672699748825 0.41103678988127562 4.586135948621938 0.90500000000000014 3.8436443828508984 0.37963937262630781
decision_type=2 2 2 2 2 2 2 2 2 2 2 2
left_child=-1 2 3 -2 -3 6 7 -4 10 -10 -6 -9
right_child=1 4 5 -5 8 -7 -8 11 9 -11 -12 -13
leaf_value=-0.072887210805307745 0.2179993553161621 -0.089317091266887305 -0.086926138376196227 0.040918723822915129 -0.066241114843975421 0.040918723822915129 0.022455359429121018 -0.050260106565430764 0.057027793460422097 -0.0005134436444535484 -0.0005134436444535484 0.005002354498092945
leaf_weight=22 25 39 24 33 22 32 20 20 36 50 36 26
leaf_count=22 25 39 24 33 22 32 20 20 36 50 36 26
internal_value=-0.00125713 0.00308408 0.0229756 0.0913838 -0.0164813 -0.00954635 -0.027914 -0.0423053 0.00324502 0.0188158 -0.0198427 -0.0190248
internal_weight=385 363 180 58 183 122 90 70 144 86 58 46
internal_count=385 363 180 58 183 122 90 70 144 86 58 46
is_linear=0
shrinkage=0.04


Tree=108
num_leaves=12
num_cat=0
split_feature=2 2 0 10 3 2 10 1 4 4 4
split_gain=76.2855 160.616 58.3693 110.96 140.153 55.7167 59.4382 53.66 76.6479 47.9482 16.1184
threshold=0.36968983351277968 0.40235729525690145 0.57500000000000007 0.0020914132064925252 0.3836098577746147 0.86856343230161004 0.0091745938428223085 0.87500000000000011 3.1789668203144252 1.4428329855233601 3.0336146587261159
decision_type=2 2 2 2 2 2 2 2 2 2 2
left_child=-1 -2 3 4 -3 9 -7 -8 10 -5 -9
right_child=1 2 -4 5 -6 6 7 8 -10 -11 -12
leaf_value=-0.058576544619658416 0.10405194222927094 0.0055211082342508681 -0.050468899559330302 0.028554402342246425 0.13490021633250374 0.062644168413602389 -0.023794406343398151 0.011796192950927294 0.072041290620198609 -0.023794406343398151 -0.023794406343398151
leaf_weight=34 24 37 37 31 21 26 27 26 26 70 26
leaf_count=34 24 37 37 31 21 26 27 26 26 70 26
internal_value=-0.00136748 0.00417414 -0.00315634 0.00288009 0.0523653 -0.00949121 0.00849834 -0.0049092 0.0159652 -0.0237944 -0.0120729
internal_weight=385 351 327 290 58 232 131 105 78 101 52
internal_count=385 351 327 290 58 232 131 105 78 101 52
is_linear=0
shrinkage=0.04


Tree=109
num_leaves=14
num_cat=0
split_feature=2 2 2 6 10 3 3 3 4 4 10 10 2
split_gain=69.253 149.423 53.0992 283.098 145.084 41.4832 28.9708 45.4565 51.1467 36.4053 110.676 28.4835 21.9795
threshold=0.36968983351277968 0.40235729525690145 0.46742573089942302 0.22500000000000003 0.0046902542596025153 0.39237039639326693 0.28779633287593015 0.28420903048647644 3.041126932278734 3.3341261217530933 0.0097910932219342096 0.0025270814534164329 0.42164870744406618
decision_type=2 2 2 2 2 2 2 2 2 2 2 2 2
left_child=-1 -2 3 -3 -4 12 7 8 -6 -10 -11 -7 -5
right_child=1 2 4 5 6 11 -8 -9 9 10 -12 -13 -14
leaf_value=-0.056233482330160983 0.099889867703119917 0.15098428827666102 -0.085416561475931074 -0.068787582039833067 -0.034632040518216597 0.03908750966191292 0.043100612549619235 -0.060563345920471919 0.056115480899810798 0.047798949629068374 -0.070379744058563593 -0.021247329229400275 -0.014652618229389193
leaf_weight=34 24 21 39 20 39 31 22 21 30 32 21 21 30
leaf_count=34 24 21 39 20 39 31 22 21 30 32 21 21 30
internal_value=-0.00172514 0.00355487 -0.00351559 0.0172428 -0.0160316 -0.0102923 0.000368423 -0.00620576 0.00315087 0.0209043 0.000973429 0.0147215 -0.0363066
internal_weight=385 351 327 123 204 102 165 143 122 83 53 52 50
internal_count=385 351 327 123 204 102 165 143 122 83 53 52 50
is_linear=0
shrinkage=0.04


Tree=110
num_leaves=14
num_cat=0
split_feature=3 10 0 4 2 1 7 4 4 1 1 4 3
split_gain=69.2837 89.4831 373.577 237.126 192.016 117.986 43.5481 46.7632 55.0099 189.338 31.0713 28.1358 8.56679
threshold=0.25732802578433517 0.0011174659243335023 0.67500000000000016 1.1803311600330486 0.4073518848993144 0.93500000000000016 0.12500000000000003 1.4283545950903587 1.8635630716250731 0.84500000000000008 1.0350000000000004 3.7740667922218543 0.28611719522760293
decision_type=2 2 2 2 2 2 2 2 2 2 2 2 2
left_child=-1 2 -2 -3 -5 6 -6 -8 -9 -10 -4 -11 -13
right_child=1 3 10 4 5 -7 7 8 9 11 -12 12 -14
leaf_value=-0.070582755627957253 0.17980650229887529 0.12211452495484125 -0.053563779170878914 -0.13068340149792759 0.041859464709823192 -0.086314568138784825 -0.063443804323673247 0.018080056881377215 -0.11585487345854441 -0.018220624297093122 0.0099597124968256266 0.018080056881377215 -0.014296539451926946
leaf_weight=22 22 21 22 22 37 27 20 45 24 39 28 36 20
leaf_count=22 22 21 22 22 37 27 20 45 24 39 28 36 20
internal_value=-0.00165614 0.00252124 0.0424474 -0.0073574 -0.0174274 -0.00738054 0.00226298 -0.00569935 0.00134266 -0.0154715 -0.0179906 0.00988855 0.0180801
internal_weight=385 363 72 291 270 248 221 184 164 119 50 95 56
internal_count=385 363 72 291 270 248 221 184 164 119 50 95 56
is_linear=0
shrinkage=0.04


Tree=111
num_leaves=16
num_cat=0
split_feature=4 4 4 10 1 2 2 8 4 1 3 10 2 2 3
split_gain=71.5168 400.915 217.322 146.514 207.866 106.102 88.7168 47.877 56.6924 147.096 44.3741 35.6693 30.0513 22.5288 20.9139
threshold=1.0722846885101365 1.3545324155056802 0.60317074231874968 0.0014158763239610708 0.93500000000000016 0.37419228997995008 0.41103678988127562 5.0253010536720621 1.8635630716250731 0.84500000000000008 0.28029003666923585 0.01612471071955884 0.91659675632473114 0.87374230468166303 0.28611719522760293
decision_type=2 2 2 2 2 2 2 2 2 2 2 2 2 2 2
left_child=2 -2 5 -3 6 -1 -5 8 -8 -10 11 -11 -13 -12 -15
right_child=1 3 -4 4 -6 -7 7 -9 9 10 13 12 -14 14 -16
leaf_value=0.074195284023880967 0.17595369654042378 0.099357276916503909 -0.12721044354968603 -0.077136068904529453 -0.13067257761955262 -0.043550292229652399 0.031990535576850762 0.064423218101263044 -0.11299766749143601 -0.066768858484923851 -0.0033682759148733954 0.031990535576850762 -0.03602848643064499 0.031990535576850762 -0.011488906929269434
leaf_weight=24 21 20 27 23 22 25 42 20 20 20 35 20 20 26 20
leaf_count=24 21 20 27 23 22 25 42 20 20 20 35 20 20 26 20
internal_value=-0.00132675 0.00722316 -0.0360888 -0.00508011 -0.0128739 0.014121 -0.00233911 0.00537537 -0.000442147 -0.01148 0.0029197 -0.0231528 -0.00134474 0.0222326 0.0319905
internal_weight=385 309 76 288 268 49 246 223 203 161 141 60 40 81 46
internal_count=385 309 76 288 268 49 246 223 203 161 141 60 40 81 46
is_linear=0
shrinkage=0.04


Tree=112
num_leaves=12
num_cat=0
split_feature=2 2 0 3 10 10 8 4 4 1 3
split_gain=75.5221 136.637 58.3642 102.201 32.9235 34.6535 29.555 29.6458 58.8079 13.3134 13.266
threshold=0.36968983351277968 0.40561461948952032 0.57500000000000007 0.40819657495638645 0.0016642208583156435 0.0021518882122404308 4.5495850637629607 3.1789668203144252 3.6985524163745307 0.89500000000000013 0.28372576826787682
decision_type=2 2 2 2 2 2 2 2 2 2 2
left_child=-1 -2 3 4 -3 -6 10 9 -9 -8 -7
right_child=1 2 -4 -5 5 6 7 8 -10 -11 -12
leaf_value=-0.0580130483823664 0.081895413832230993 -0.024536135965010919 -0.051578278516729671 0.089662082411348834 0.052234190665185455 -0.0097734369875492524 0.014813361352102624 0.079535421945831991 -0.0022544045147011417 -0.0097734369875492524 -0.024536135965010919
leaf_weight=34 33 31 36 20 20 23 36 22 39 71 20
leaf_count=34 33 31 36 20 20 23 36 22 39 71 20
internal_value=-0.00109096 0.00442286 -0.00361674 0.00250601 -0.00414713 0.0019127 -0.00285711 0.00498926 0.0272436 -0.00769777 -0.0245361
internal_weight=385 351 318 282 262 231 211 168 61 107 43
internal_count=385 351 318 282 262 231 211 168 61 107 43
is_linear=0
shrinkage=0.04


Tree=113
num_leaves=13
num_cat=0
split_feature=2 2 8 10 4 2 1 4 4 10 3 2
split_gain=69.0317 126.759 55.7308 140.427 53.6952 62.9343 82.0976 29.9878 80.9007 72.2678 22.349 5.58848
threshold=0.36968983351277968 0.40561461948952032 5.1738652371592986 0.00096734421776943581 4.0626553426394931 0.89615986815776139 0.85500000000000009 3.657274023601083 3.041126932278734 0.0026340890591453211 0.39753670358718202 0.92579273518174066
decision_type=2 2 2 2 2 2 2 2 2 2 2 2
left_child=-1 -2 3 -3 5 6 -5 8 9 10 -8 -7
right_child=1 2 -4 4 -6 11 7 -9 -10 -11 -12 -13
leaf_value=-0.055692524493617175 0.078619596669168179 -0.10543982470577414 0.059230864388602117 0.025517417977736729 -0.053984492619832354 0.025517417977736729 -0.035885182263759467 -0.062251434784669143 0.025517417977736729 -0.085674378029231363 0.014042504928074778 -0.0074085612843434014
leaf_weight=34 33 22 21 44 27 42 26 26 25 29 32 24
leaf_count=34 33 22 21 44 27 42 26 26 25 29 32 24
internal_value=-0.00127135 0.00400021 -0.00374331 -0.00819603 -0.000416525 0.00541547 -0.00770749 -0.0235511 -0.0145671 -0.0341174 -0.00833887 0.0255174
internal_weight=385 351 318 297 275 248 182 138 112 87 58 66
internal_count=385 351 318 297 275 248 182 138 112 87 58 66
is_linear=0
shrinkage=0.04


Tree=114
num_leaves=13
num_cat=0
split_feature=3 10 0 4 2 1 7 4 5 4 1 2
split_gain=67.8267 87.0719 330.785 218.211 192.87 104.369 38.7674 43.57 47.4981 38.5937 29.5343 22.1426
threshold=0.25732802578433517 0.0011174659243335023 0.67500000000000016 1.1803311600330486 0.4073518848993144 0.93500000000000016 0.12500000000000003 1.4283545950903587 0.35500000000000004 3.9312520000864262 1.0350000000000004 0.41885712913985329
decision_type=2 2 2 2 2 2 2 2 2 2 2 2
left_child=-1 2 -2 -3 -5 6 -6 -8 9 11 -4 -9
right_child=1 3 10 4 5 -7 7 8 -10 -11 -12 -13
leaf_value=-0.06907827811315656 0.1718904046578841 0.11770917778923398 -0.048915834860368212 -0.12965928066860546 0.040347359120040331 -0.080321810819484571 -0.060263143882155416 -0.018542659845079881 -0.048486865830421451 -0.018542659845079881 0.013016539982386999 0.01791112627222867
leaf_weight=22 22 21 22 22 37 27 20 20 25 38 28 81
leaf_count=22 22 21 22 22 37 27 20 20 25 38 28 81
internal_value=-0.000880224 0.00325299 0.0426376 -0.00649164 -0.0161517 -0.00608248 0.00298748 -0.00452511 0.00227222 0.0114015 -0.0142337 0.0179111
internal_weight=385 363 72 291 270 248 221 184 164 139 50 101
internal_count=385 363 72 291 270 248 221 184 164 139 50 101
is_linear=0
shrinkage=0.04


Tree=115
num_leaves=12
num_cat=0
split_feature=2 0 4 1 6 2 10 2 4 4 10
split_gain=67.9627 129.016 741.153 117.796 82.2105 42.3593 44.9383 34.2011 48.9269 119.128 27.0798
threshold=0.36968983351277968 0.57500000000000007 1.3593867354521671 0.81500000000000006 0.21500000000000002 0.86856343230161004 0.0016387908187269209 0.92579273518174066 3.6985524163745307 3.0817140254167237 0.0091215520066148612
decision_type=2 2 2 2 2 2 2 2 2 2 2
left_child=-1 2 -2 -4 -3 6 -5 8 9 -7 -10
right_child=1 4 3 5 -6 7 -8 -9 10 -11 -12
leaf_value=-0.054717542353798367 0.23747756241397425 -0.022458214133880494 0.087651115201768409 0.031114818958135754 -0.12011386036872863 -0.0048573750676587221 -0.022458214133880494 -0.022458214133880494 0.026401660323143006 0.11775103258235115 -0.022458214133880494
leaf_weight=34 22 25 21 26 20 32 107 31 20 21 26
leaf_count=34 22 25 21 26 20 32 107 31 20 21 26
internal_value=-0.000719355 0.00451124 0.013811 -0.00351523 -0.0587275 -0.0107947 -0.0224582 0.0057652 0.017526 0.0437233 -0.0126579
internal_weight=385 351 306 284 45 263 133 130 99 53 46
internal_count=385 351 306 284 45 263 133 130 99 53 46
is_linear=0
shrinkage=0.04


Tree=116
num_leaves=16
num_cat=0
split_feature=3 10 0 4 2 1 2 4 3 3 4 10 1 1 1
split_gain=67.2649 84.2934 293.764 197.278 180.477 96.735 36.3481 131.75 43.9541 34.135 32.8338 71.7898 32.1047 27.5575 6.97363
threshold=0.25732802578433517 0.0011174659243335023 0.67500000000000016 1.1803311600330486 0.4073518848993144 0.93500000000000016 0.43041475541034652 2.1023111022510874 0.28444771275136244 0.2809377563916578 1.8257307744750759 0.0024526234980837285 0.88500000000000012 1.0350000000000004 0.87500000000000011
decision_type=2 2 2 2 2 2 2 2 2 2 2 2 2 2 2
left_child=-1 2 -2 -3 -5 6 10 -8 9 12 11 -6 -9 -4 -10
right_child=1 3 13 4 5 -7 7 8 14 -11 -12 -13 -14 -15 -16
leaf_value=-0.068864208290522755 0.16372342109680177 0.11167208603450231 -0.045177880688147105 -0.12540627522902054 0.03979475545031684 -0.077338427084463618 0.10966893851757049 -0.039111278938210529 -0.050973479407174248 0.050804069124419114 -0.064025349587202074 -0.054482825299104053 0.021388731590575642 0.014646015550409045 -0.017970228891819717
leaf_weight=22 22 21 22 22 28 27 20 23 21 29 20 24 36 28 20
leaf_count=22 22 21 22 22 28 27 20 23 21 29 20 24 36 28 20
internal_value=-0.000949199 0.00316686 0.0419179 -0.00642103 -0.015606 -0.00586571 0.00286626 0.0141428 -0.000667401 0.0152699 -0.02047 -0.00371797 -0.00219602 -0.0116765 -0.0348743
internal_weight=385 363 72 291 270 248 221 149 129 88 72 52 59 50 41
internal_count=385 363 72 291 270 248 221 149 129 88 72 52 59 50 41
is_linear=0
shrinkage=0.04


Tree=117
num_leaves=11
num_cat=0
split_feature=6 3 10 7 2 4 2 4 4 3
split_gain=66.1234 109.667 427.896 117.982 202.692 97.6207 33.2106 25.3972 4.17675 3.55348
threshold=0.30500000000000005 0.44403284294400697 0.00083989699245922995 0.12500000000000003 0.88620463396034244 1.8551995069326495 0.37790439701054851 4.0626553426394931 3.0898797655353412 0.32085228731827115
decision_type=2 2 2 2 2 2 2 2 2 2
left_child=1 3 6 4 -1 -5 -3 9 -6 -7
right_child=-2 2 -4 5 8 7 -8 -9 -10 -11
leaf_value=0.13634496160175488 -0.069926973978678392 0.020656076073646546 0.20368806135654449 -0.033428263634753728 0.0063417374992679118 0.0063417374992679118 -0.033428263634753728 -0.033279917515241182 0.033311291925963903 -0.014198651444166899
leaf_weight=23 21 20 20 97 37 67 21 26 21 32
leaf_count=23 21 20 20 97 37 67 21 26 21 32
internal_value=-0.000911231 0.00307045 0.0520036 -0.00678079 0.0345412 -0.0218577 -0.0219888 0.0051374 0.00634174 0.00634174
internal_weight=385 364 61 303 81 222 41 125 58 99
internal_count=385 364 61 303 81 222 41 125 58 99
is_linear=0
shrinkage=0.04


Tree=118
num_leaves=16
num_cat=0
split_feature=4 4 4 10 1 2 2 8 4 1 4 4 0 3 0
split_gain=66.8798 333.682 238.48 114.611 179.439 97.5672 73.7861 44.8323 54.0379 137.744 48.1098 43.2496 40.7722 20.8406 8.428
threshold=1.0722846885101365 1.3545324155056802 0.60317074231874968 0.0014158763239610708 0.93500000000000016 0.37419228997995008 0.41103678988127562 5.0253010536720621 1.8635630716250731 0.84500000000000008 3.7740667922218543 3.4770966637028224 0.28500000000000009 0.28611719522760293 0.27500000000000008
decision_type=2 2 2 2 2 2 2 2 2 2 2 2 2 2 2
left_child=2 -2 5 -3 6 -1 -5 8 14 -10 11 12 -11 -12 -8
right_child=1 3 -4 4 -6 -7 7 -9 9 10 13 -13 -14 -15 -16
leaf_value=0.075443435957034427 0.16105684961591446 0.088268594026565561 -0.13021537568834093 -0.06941957256068354 -0.12044226240028034 -0.037467084503173827 0.031583978679420234 0.062968445792794231 -0.10883123622834683 0.031583978679420234 0.031583978679420234 -0.063910059698603375 -0.023246978179710668 -0.0092581464201211931 0.0018550951182842255
leaf_weight=24 21 20 27 23 22 25 22 20 20 22 36 22 41 20 20
leaf_count=24 21 20 27 23 22 25 22 20 20 22 36 22 41 20 20
internal_value=-0.00114492 0.00712316 -0.0347612 -0.00410117 -0.0109944 0.017836 -0.00120642 0.00582901 0.000199512 -0.0105937 0.00334065 -0.0156264 0.00123462 0.031584 0.031584
internal_weight=385 309 76 288 268 49 246 223 203 161 141 85 63 56 42
internal_count=385 309 76 288 268 49 246 223 203 161 141 85 63 56 42
is_linear=0
shrinkage=0.04


Tree=119
num_leaves=13
num_cat=0
split_feature=2 2 0 3 10 10 2 10 1 4 7 4
split_gain=71.9566 116.44 47.4328 82.4615 34.2054 30.3026 47.4853 57.3098 46.0484 65.8516 23.4335 19.223
threshold=0.36968983351277968 0.40561461948952032 0.57500000000000007 0.40819657495638645 0.0016642208583156435 0.0026340890591453211 0.86856343230161004 0.0091745938428223085 0.87500000000000011 3.1789668203144252 0.14500000000000005 3.0336146587261159
decision_type=2 2 2 2 2 2 2 2 2 2 2 2
left_child=-1 -2 3 4 -3 10 -7 -8 -9 11 -6 -10
right_child=1 2 -4 -5 5 6 7 8 9 -11 -12 -13
leaf_value=-0.056432933509349824 0.076029074625535445 -0.02176921371935292 -0.046147718727588653 0.080897546231746664 0.052130929164047685 -0.02176921371935292 0.062704337193415713 -0.02176921371935292 0.01613345496929609 0.067457983767828689 -0.0025946211743922459 -0.02176921371935292
leaf_weight=34 33 31 36 20 31 48 26 27 26 26 21 26
leaf_count=34 33 31 36 20 31 48 26 27 26 26 21 26
internal_value=-0.0008708 0.00451129 -0.00291037 0.00260929 -0.00336691 0.00315088 -0.00465765 0.00953679 -0.00362851 0.015481 0.0300302 -0.0105074
internal_weight=385 351 318 282 262 231 179 131 105 78 52 52
internal_count=385 351 318 282 262 231 179 131 105 78 52 52
is_linear=0
shrinkage=0.04


end of trees

feature_importances:
pulse_height=322
pulse_area=299
upstroke_slope=285
psd_harmonics=228
pulse_duration=195
w75=90
crest_time=67
b_a_ratio=52
w50=36
w25=5

parameters:
[boosting: gbdt]
[objective: regression]
[metric: l1]
[tree_learner: serial]
[device_type: cpu]
[data_sample_strategy: bagging]
[data: ]
[valid: ]
[num_iterations: 120]
[learning_rate: 0.04]
[num_leaves: 16]
[num_threads: 0]
[seed: 42]
[deterministic: 0]
[force_col_wise: 0]
[force_row_wise: 0]
[histogram_pool_size: -1]
[max_depth: -1]
[min_data_in_leaf: 20]
[min_sum_hessian_in_leaf: 0.001]
[bagging_fraction: 1]
[pos_bagging_fraction: 1]
[neg_bagging_fraction: 1]
[bagging_freq: 0]
[bagging_seed: 400]
[bagging_by_query: 0]
[feature_fraction: 1]
[feature_fraction_bynode: 1]
[feature_fraction_seed: 30056]
[extra_trees: 0]
[extra_seed: 12879]
[early_stopping_round: 0]
[early_stopping_min_delta: 0]
[first_metric_only: 0]
[max_delta_step: 0]
[lambda_l1: 0]
[lambda_l2: 0]
[linear_lambda: 0]
[min_gain_to_split: 0]
[drop_rate: 0.1]
[max_drop: 50]
[skip_drop: 0.5]
[xgboost_dart_mode: 0]
[uniform_drop: 0]
[drop_seed: 17869]
[top_rate: 0.2]
[other_rate: 0.1]
[min_data_per_group: 100]
[max_cat_threshold: 32]
[cat_l2: 10]
[cat_smooth: 10]
[max_cat_to_onehot: 4]
[top_k: 20]
[monotone_constraints: -1,0,0,0,0,-1,-1,-1,1,0,0]
[monotone_constraints_method: basic]
[monotone_penalty: 0]
[feature_contri: ]
[forcedsplits_filename: ]
[refit_decay_rate: 0.9]
[cegb_tradeoff: 1]
[cegb_penalty_split: 0]
[cegb_penalty_feature_lazy: ]
[cegb_penalty_feature_coupled: ]
[path_smooth: 0]
[interaction_constraints: ]
[verbosity: -1]
[saved_feature_importance_type: 0]
[use_quantized_grad: 0]
[num_grad_quant_bins: 4]
[quant_train_renew_leaf: 0]
[stochastic_rounding: 1]
[linear_tree: 0]
[max_bin: 255]
[max_bin_by_feature: ]
[min_data_in_bin: 3]
[bin_construct_sample_cnt: 200000]
[data_random_seed: 175]
[is_enable_sparse: 1]
[enable_bundle: 1]
[use_missing: 1]
[zero_as_missing: 0]
[feature_pre_filter: 1]
[pre_partition: 0]
[two_round: 0]
[header: 0]
[label_column: ]
[weight_column: ]
[group_column: ]
[ignore_column: ]
[categorical_feature: ]
[forcedbins_filename: ]
[precise_float_parser: 0]
[parser_config_file: ]
[objective_seed: 16083]
[num_class: 1]
[is_unbalance: 0]
[scale_pos_weight: 1]
[sigmoid: 1]
[boost_from_average: 1]
[reg_sqrt: 0]
[alpha: 0.9]
[fair_c: 1]
[poisson_max_delta_step: 0.7]
[tweedie_variance_power: 1.5]
[lambdarank_truncation_level: 30]
[lambdarank_norm: 1]
[label_gain: ]
[lambdarank_position_bias_regularization: 0]
[eval_at: ]
[multi_error_top_k: 1]
[auc_mu_weights: ]
[num_machines: 1]
[local_listen_port: 12400]
[time_out: 120]
[machine_list_filename: ]
[machines: ]
[gpu_platform_id: -1]
[gpu_device_id: -1]
[gpu_use_dp: 0]
[num_gpu: 1]

end of parameters

pandas_categorical:[]
